{"Almería":{"cartodb_id":1,"x_coordinate":-137.2093023255814,"y_coordinate":-31.465517247659037,"radius":57.571144273354484,"color":["#D94B5F"],"children_json_url":"json/generated_data/municipios/Almería_paro_normalizado_1999.json","censo_total":378878,"porcentaje_participacion":62.61857378892414,"partido_1":["PSOE",21.0],"partido_2":["PP",13.0],"partido_3":["IU",3.0],"resto_partidos_percent":61,"info":"","parent":["Andalucía"],"parent_url":["json/generated_data/autonomias/paro_normalizado_1999.json"],"parent_results":{"partido_1":["PSOE",1],"partido_2":["PP",1],"partido_3":["IU",0],"otros":["Otros",97]},"evolution":"0,0,0,0,0,0,0,0,0,0,0,0,0,0,0,0,0,0,0,0,0,-1.903846154,-1.4211538460000002,-1.2423076919999998,-1.2230769229999998,-0.8788461540000001,-0.7576923080000002,-0.8980769230000001,-0.865384615,-1.0653846149999997,-0.3346153850000002,0.27499999999999947,0.4461538460000005,0.894230769,1.5,0,0"},"Jaén":{"cartodb_id":2,"x_coordinate":-174.4186046511628,"y_coordinate":-65.08620690186532,"radius":59.094620998670315,"color":["#D94B5F"],"children_json_url":"json/generated_data/municipios/Jaén_paro_normalizado_1999.json","censo_total":467782,"porcentaje_participacion":65.15770166445053,"partido_1":["PSOE",32.0],"partido_2":["PP",16.0],"partido_3":["IU",6.0],"resto_partidos_percent":44,"info":"","parent":["Andalucía"],"parent_url":["json/generated_data/autonomias/paro_normalizado_1999.json"],"parent_results":{"partido_1":["PSOE",1],"partido_2":["PP",1],"partido_3":["IU",0],"otros":["Otros",97]},"evolution":"0,0,0,0,0,0,0,0,0,0,0,0,0,0,0,0,0,0,0,0,0,-0.903846154,-0.8211538460000005,-0.8423076919999999,-0.6230769230000002,-0.47884615399999975,-0.35769230799999985,-0.298076923,-0.5653846149999997,-0.46538461500000006,0.06538461499999926,0.27499999999999947,0.4461538460000005,0.29423076900000034,-0.10000000000000053,0,0"},"Cádiz":{"cartodb_id":3,"x_coordinate":123.25581395348837,"y_coordinate":250.0,"radius":59.66679334071816,"color":["#54A551"],"children_json_url":"json/generated_data/municipios/Cádiz_paro_normalizado_1999.json","censo_total":742062,"porcentaje_participacion":66.11132223453026,"partido_1":["PA",18.0],"partido_2":["PSOE",13.0],"partido_3":["PP",10.0],"resto_partidos_percent":57,"info":"","parent":["Andalucía"],"parent_url":["json/generated_data/autonomias/paro_normalizado_1999.json"],"parent_results":{"partido_1":["PSOE",1],"partido_2":["PP",1],"partido_3":["IU",0],"otros":["Otros",97]},"evolution":"0,0,0,0,0,0,0,0,0,0,0,0,0,0,0,0,0,0,0,0,0,2.9961538459999995,2.978846154,2.757692308,2.6769230769999997,2.5211538460000003,2.442307692,2.801923077,2.734615385,2.734615385,3.2653846149999994,3.5749999999999993,3.846153846000001,4.394230769,5.0,0,0"},"Córdoba":{"cartodb_id":4,"x_coordinate":-151.1627906976744,"y_coordinate":171.5517241401853,"radius":61.75259495226998,"color":["#D94B5F"],"children_json_url":"json/generated_data/municipios/Córdoba_paro_normalizado_1999.json","censo_total":561282,"porcentaje_participacion":69.5876582537833,"partido_1":["PSOE",21.0],"partido_2":["IU",10.0],"partido_3":["PP",9.0],"resto_partidos_percent":58,"info":"","parent":["Andalucía"],"parent_url":["json/generated_data/autonomias/paro_normalizado_1999.json"],"parent_results":{"partido_1":["PSOE",1],"partido_2":["PP",1],"partido_3":["IU",0],"otros":["Otros",97]},"evolution":"0,0,0,0,0,0,0,0,0,0,0,0,0,0,0,0,0,0,0,0,0,1.3961538459999998,1.1788461539999995,1.3576923079999998,1.2769230770000002,1.321153846,1.442307692,1.601923077,1.3346153849999998,1.2346153850000001,1.4653846149999996,1.6749999999999998,1.7461538460000003,1.5942307690000002,1.5,0,0"},"Granada":{"cartodb_id":5,"x_coordinate":-160.46511627906978,"y_coordinate":104.3103448317727,"radius":62.15986545960146,"color":["#D94B5F"],"children_json_url":"json/generated_data/municipios/Granada_paro_normalizado_1999.json","censo_total":617807,"porcentaje_participacion":70.26644243266911,"partido_1":["PSOE",24.0],"partido_2":["PP",11.0],"partido_3":["IU",5.0],"resto_partidos_percent":57,"info":"","parent":["Andalucía"],"parent_url":["json/generated_data/autonomias/paro_normalizado_1999.json"],"parent_results":{"partido_1":["PSOE",1],"partido_2":["PP",1],"partido_3":["IU",0],"otros":["Otros",97]},"evolution":"0,0,0,0,0,0,0,0,0,0,0,0,0,0,0,0,0,0,0,0,0,0.29615384600000016,0.17884615399999948,0.15769230799999967,0.076923077,0.3211538460000001,0.3423076919999999,0.40192307699999974,0.4346153850000003,0.23461538500000012,0.1653846149999998,0.27499999999999947,0.4461538460000005,0.7942307690000003,1.0999999999999996,0,0"},"Huelva":{"cartodb_id":7,"x_coordinate":141.86046511627907,"y_coordinate":-98.70689655607164,"radius":58.808860445229094,"color":["#64B7DE"],"children_json_url":"json/generated_data/municipios/Huelva_paro_normalizado_1999.json","censo_total":326259,"porcentaje_participacion":64.68143407538183,"partido_1":["PP",33.0],"partido_2":["PSOE",24.0],"partido_3":["IU",6.0],"resto_partidos_percent":35,"info":"","parent":["Andalucía"],"parent_url":["json/generated_data/autonomias/paro_normalizado_1999.json"],"parent_results":{"partido_1":["PSOE",1],"partido_2":["PP",1],"partido_3":["IU",0],"otros":["Otros",97]},"evolution":"0,0,0,0,0,0,0,0,0,0,0,0,0,0,0,0,0,0,0,0,0,-0.403846154,-0.221153846,-0.14230769200000015,-0.023076923000000082,-0.07884615399999984,0.04230769200000006,0.10192307699999992,0.13461538500000003,0.03461538499999994,0.6653846149999998,0.9749999999999996,1.2461538460000003,1.1942307690000007,1.1999999999999993,0,0"},"Málaga":{"cartodb_id":8,"x_coordinate":-118.6046511627907,"y_coordinate":160.3448275887832,"radius":55.98008464968634,"color":["#D94B5F"],"children_json_url":"json/generated_data/municipios/Málaga_paro_normalizado_1999.json","censo_total":952632,"porcentaje_participacion":59.96680774947723,"partido_1":["PSOE",11.0],"partido_2":["PP",7.0],"partido_3":["GIL",6.0],"resto_partidos_percent":73,"info":"","parent":["Andalucía"],"parent_url":["json/generated_data/autonomias/paro_normalizado_1999.json"],"parent_results":{"partido_1":["PSOE",1],"partido_2":["PP",1],"partido_3":["IU",0],"otros":["Otros",97]},"evolution":"0,0,0,0,0,0,0,0,0,0,0,0,0,0,0,0,0,0,0,0,0,1.9961538460000003,1.778846154,1.557692308,1.076923077,0.9211538459999997,0.6423076920000002,0.5019230770000003,0.23461538500000012,0.03461538499999994,0.06538461499999926,0.5749999999999993,0.9461538460000005,1.394230769,2.0999999999999996,0,0"},"Sevilla":{"cartodb_id":10,"x_coordinate":-169.7674418604651,"y_coordinate":199.56896551869056,"radius":55.35542725909859,"color":["#D94B5F"],"children_json_url":"json/generated_data/municipios/Sevilla_paro_normalizado_1999.json","censo_total":1254040,"porcentaje_participacion":58.92571209849765,"partido_1":["PSOE",20.0],"partido_2":["PP",5.0],"partido_3":["IU",5.0],"resto_partidos_percent":68,"info":"","parent":["Andalucía"],"parent_url":["json/generated_data/autonomias/paro_normalizado_1999.json"],"parent_results":{"partido_1":["PSOE",1],"partido_2":["PP",1],"partido_3":["IU",0],"otros":["Otros",97]},"evolution":"0,0,0,0,0,0,0,0,0,0,0,0,0,0,0,0,0,0,0,0,0,2.296153846,2.078846154,2.1576923079999997,1.7769230770000002,1.7211538460000004,1.5423076919999996,1.7019230770000005,1.534615385,1.2346153850000001,1.365384615,1.5749999999999993,1.7461538460000003,1.7942307690000003,2.0999999999999996,0,0"}}