{"Almería":{"cartodb_id":1,"x_coordinate":-104.08163265306122,"y_coordinate":143.26923076923077,"radius":57.43323775419866,"color":["#D94B5F"],"children_json_url":"json/generated_data/municipios/Almería_paro_normalizado_2009.json","censo_total":454074,"porcentaje_participacion":62.388729590331096,"partido_1":["PSOE",38.0],"partido_2":["PP",37.0],"partido_3":["PDEAL",7.0],"resto_partidos_percent":16,"info":"","parent":["Andalucía"],"parent_url":["json/generated_data/autonomias/paro_normalizado_2009.json"],"parent_results":{"partido_1":["PSOE",40],"partido_2":["PP",31],"partido_3":["IU",10],"otros":["Otros",17]},"evolution":"0,0,0,0,0,0,0,0,0,0,0,0,0,0,0,0,0,0,0,0,0,-1.903846154,-1.4211538460000002,-1.2423076919999998,-1.2230769229999998,-0.8788461540000001,-0.7576923080000002,-0.8980769230000001,-0.865384615,-1.0653846149999997,-0.3346153850000002,0.27499999999999947,0.4461538460000005,0.894230769,1.5,0,0"},"Jaén":{"cartodb_id":2,"x_coordinate":-165.30612244897958,"y_coordinate":-97.1153846153846,"radius":62.85796919540577,"color":["#D94B5F"],"children_json_url":"json/generated_data/municipios/Jaén_paro_normalizado_2009.json","censo_total":529012,"porcentaje_participacion":71.42994865900963,"partido_1":["PSOE",47.0],"partido_2":["PP",31.0],"partido_3":["IU",9.0],"resto_partidos_percent":11,"info":"","parent":["Andalucía"],"parent_url":["json/generated_data/autonomias/paro_normalizado_2009.json"],"parent_results":{"partido_1":["PSOE",40],"partido_2":["PP",31],"partido_3":["IU",10],"otros":["Otros",17]},"evolution":"0,0,0,0,0,0,0,0,0,0,0,0,0,0,0,0,0,0,0,0,0,-0.903846154,-0.8211538460000005,-0.8423076919999999,-0.6230769230000002,-0.47884615399999975,-0.35769230799999985,-0.298076923,-0.5653846149999997,-0.46538461500000006,0.06538461499999926,0.27499999999999947,0.4461538460000005,0.29423076900000034,-0.10000000000000053,0,0"},"Cádiz":{"cartodb_id":3,"x_coordinate":-144.89795918367346,"y_coordinate":244.23076923076925,"radius":53.72668339890326,"color":["#D94B5F"],"children_json_url":"json/generated_data/municipios/Cádiz_paro_normalizado_2009.json","censo_total":959027,"porcentaje_participacion":56.2111389981721,"partido_1":["PSOE",39.0],"partido_2":["PP",28.0],"partido_3":["IU",7.0],"resto_partidos_percent":25,"info":"","parent":["Andalucía"],"parent_url":["json/generated_data/autonomias/paro_normalizado_2009.json"],"parent_results":{"partido_1":["PSOE",40],"partido_2":["PP",31],"partido_3":["IU",10],"otros":["Otros",17]},"evolution":"0,0,0,0,0,0,0,0,0,0,0,0,0,0,0,0,0,0,0,0,0,2.9961538459999995,2.978846154,2.757692308,2.6769230769999997,2.5211538460000003,2.442307692,2.801923077,2.734615385,2.734615385,3.2653846149999994,3.5749999999999993,3.846153846000001,4.394230769,5.0,0,0"},"Córdoba":{"cartodb_id":4,"x_coordinate":-120.40816326530611,"y_coordinate":143.26923076923077,"radius":59.35069012212436,"color":["#D94B5F"],"children_json_url":"json/generated_data/municipios/Córdoba_paro_normalizado_2009.json","censo_total":640249,"porcentaje_participacion":65.58448353687393,"partido_1":["PSOE",33.0],"partido_2":["PP",28.0],"partido_3":["IU",23.0],"resto_partidos_percent":14,"info":"","parent":["Andalucía"],"parent_url":["json/generated_data/autonomias/paro_normalizado_2009.json"],"parent_results":{"partido_1":["PSOE",40],"partido_2":["PP",31],"partido_3":["IU",10],"otros":["Otros",17]},"evolution":"0,0,0,0,0,0,0,0,0,0,0,0,0,0,0,0,0,0,0,0,0,1.3961538459999998,1.1788461539999995,1.3576923079999998,1.2769230770000002,1.321153846,1.442307692,1.601923077,1.3346153849999998,1.2346153850000001,1.4653846149999996,1.6749999999999998,1.7461538460000003,1.5942307690000002,1.5,0,0"},"Granada":{"cartodb_id":5,"x_coordinate":-116.3265306122449,"y_coordinate":131.73076923076923,"radius":58.32861177959146,"color":["#D94B5F"],"children_json_url":"json/generated_data/municipios/Granada_paro_normalizado_2009.json","censo_total":717631,"porcentaje_participacion":63.88101963265244,"partido_1":["PSOE",40.0],"partido_2":["PP",36.0],"partido_3":["IU",8.0],"resto_partidos_percent":14,"info":"","parent":["Andalucía"],"parent_url":["json/generated_data/autonomias/paro_normalizado_2009.json"],"parent_results":{"partido_1":["PSOE",40],"partido_2":["PP",31],"partido_3":["IU",10],"otros":["Otros",17]},"evolution":"0,0,0,0,0,0,0,0,0,0,0,0,0,0,0,0,0,0,0,0,0,0.29615384600000016,0.17884615399999948,0.15769230799999967,0.076923077,0.3211538460000001,0.3423076919999999,0.40192307699999974,0.4346153850000003,0.23461538500000012,0.1653846149999998,0.27499999999999947,0.4461538460000005,0.7942307690000003,1.0999999999999996,0,0"},"Huelva":{"cartodb_id":7,"x_coordinate":-157.14285714285714,"y_coordinate":134.61538461538458,"radius":58.82457349824048,"color":["#D94B5F"],"children_json_url":"json/generated_data/municipios/Huelva_paro_normalizado_2009.json","censo_total":388744,"porcentaje_participacion":64.70762249706748,"partido_1":["PSOE",45.0],"partido_2":["PP",31.0],"partido_3":["IU",8.0],"resto_partidos_percent":14,"info":"","parent":["Andalucía"],"parent_url":["json/generated_data/autonomias/paro_normalizado_2009.json"],"parent_results":{"partido_1":["PSOE",40],"partido_2":["PP",31],"partido_3":["IU",10],"otros":["Otros",17]},"evolution":"0,0,0,0,0,0,0,0,0,0,0,0,0,0,0,0,0,0,0,0,0,-0.403846154,-0.221153846,-0.14230769200000015,-0.023076923000000082,-0.07884615399999984,0.04230769200000006,0.10192307699999992,0.13461538500000003,0.03461538499999994,0.6653846149999998,0.9749999999999996,1.2461538460000003,1.1942307690000007,1.1999999999999993,0,0"},"Málaga":{"cartodb_id":8,"x_coordinate":112.24489795918367,"y_coordinate":160.57692307692307,"radius":54.766088113105305,"color":["#64B7DE"],"children_json_url":"json/generated_data/municipios/Málaga_paro_normalizado_2009.json","censo_total":1096182,"porcentaje_participacion":57.94348018850884,"partido_1":["PP",38.0],"partido_2":["PSOE",35.0],"partido_3":["IU",9.0],"resto_partidos_percent":16,"info":"","parent":["Andalucía"],"parent_url":["json/generated_data/autonomias/paro_normalizado_2009.json"],"parent_results":{"partido_1":["PSOE",40],"partido_2":["PP",31],"partido_3":["IU",10],"otros":["Otros",17]},"evolution":"0,0,0,0,0,0,0,0,0,0,0,0,0,0,0,0,0,0,0,0,0,1.9961538460000003,1.778846154,1.557692308,1.076923077,0.9211538459999997,0.6423076920000002,0.5019230770000003,0.23461538500000012,0.03461538499999994,0.06538461499999926,0.5749999999999993,0.9461538460000005,1.394230769,2.0999999999999996,0,0"},"Sevilla":{"cartodb_id":10,"x_coordinate":-177.55102040816325,"y_coordinate":160.57692307692307,"radius":56.28400104997211,"color":["#D94B5F"],"children_json_url":"json/generated_data/municipios/Sevilla_paro_normalizado_2009.json","censo_total":1462896,"porcentaje_participacion":60.47333508328685,"partido_1":["PSOE",44.0],"partido_2":["PP",25.0],"partido_3":["IU",12.0],"resto_partidos_percent":16,"info":"","parent":["Andalucía"],"parent_url":["json/generated_data/autonomias/paro_normalizado_2009.json"],"parent_results":{"partido_1":["PSOE",40],"partido_2":["PP",31],"partido_3":["IU",10],"otros":["Otros",17]},"evolution":"0,0,0,0,0,0,0,0,0,0,0,0,0,0,0,0,0,0,0,0,0,2.296153846,2.078846154,2.1576923079999997,1.7769230770000002,1.7211538460000004,1.5423076919999996,1.7019230770000005,1.534615385,1.2346153850000001,1.365384615,1.5749999999999993,1.7461538460000003,1.7942307690000003,2.0999999999999996,0,0"}}