{"Almería":{"cartodb_id":1,"x_coordinate":119.23076923076923,"y_coordinate":-52.531645597393585,"radius":60.99729330826959,"color":["#64B7DE"],"children_json_url":"json/generated_data/municipios/Almería_paro_normalizado_2003.json","censo_total":416006,"porcentaje_participacion":68.32882218044932,"partido_1":["PP",41.0],"partido_2":["PSOE",36.0],"partido_3":["GIAL",6.0],"resto_partidos_percent":15,"info":"","parent":["Andalucía"],"parent_url":["json/generated_data/autonomias/paro_normalizado_2003.json"],"parent_results":{"partido_1":["PSOE",38],"partido_2":["PP",30],"partido_3":["IU",9],"otros":["Otros",21]},"evolution":"0,0,0,0,0,0,0,0,0,0,0,0,0,0,0,0,0,0,0,0,0,-1.903846154,-1.4211538460000002,-1.2423076919999998,-1.2230769229999998,-0.8788461540000001,-0.7576923080000002,-0.8980769230000001,-0.865384615,-1.0653846149999997,-0.3346153850000002,0.27499999999999947,0.4461538460000005,0.894230769,1.5,0,0"},"Jaén":{"cartodb_id":2,"x_coordinate":-157.69230769230768,"y_coordinate":-68.9873417976108,"radius":64.02230098240602,"color":["#D94B5F"],"children_json_url":"json/generated_data/municipios/Jaén_paro_normalizado_2003.json","censo_total":519439,"porcentaje_participacion":73.37050163734337,"partido_1":["PSOE",46.0],"partido_2":["PP",31.0],"partido_3":["IU",8.0],"resto_partidos_percent":13,"info":"","parent":["Andalucía"],"parent_url":["json/generated_data/autonomias/paro_normalizado_2003.json"],"parent_results":{"partido_1":["PSOE",38],"partido_2":["PP",30],"partido_3":["IU",9],"otros":["Otros",21]},"evolution":"0,0,0,0,0,0,0,0,0,0,0,0,0,0,0,0,0,0,0,0,0,-0.903846154,-0.8211538460000005,-0.8423076919999999,-0.6230769230000002,-0.47884615399999975,-0.35769230799999985,-0.298076923,-0.5653846149999997,-0.46538461500000006,0.06538461499999926,0.27499999999999947,0.4461538460000005,0.29423076900000034,-0.10000000000000053,0,0"},"Cádiz":{"cartodb_id":3,"x_coordinate":-111.53846153846153,"y_coordinate":250.0,"radius":56.12839724844249,"color":["#D94B5F"],"children_json_url":"json/generated_data/municipios/Cádiz_paro_normalizado_2003.json","censo_total":912356,"porcentaje_participacion":60.21399541407082,"partido_1":["PSOE",33.0],"partido_2":["PP",30.0],"partido_3":["PA",7.0],"resto_partidos_percent":28,"info":"","parent":["Andalucía"],"parent_url":["json/generated_data/autonomias/paro_normalizado_2003.json"],"parent_results":{"partido_1":["PSOE",38],"partido_2":["PP",30],"partido_3":["IU",9],"otros":["Otros",21]},"evolution":"0,0,0,0,0,0,0,0,0,0,0,0,0,0,0,0,0,0,0,0,0,2.9961538459999995,2.978846154,2.757692308,2.6769230769999997,2.5211538460000003,2.442307692,2.801923077,2.734615385,2.734615385,3.2653846149999994,3.5749999999999993,3.846153846000001,4.394230769,5.0,0,0"},"Córdoba":{"cartodb_id":4,"x_coordinate":-123.07692307692308,"y_coordinate":173.20675106565304,"radius":61.91177595349786,"color":["#D94B5F"],"children_json_url":"json/generated_data/municipios/Córdoba_paro_normalizado_2003.json","censo_total":627584,"porcentaje_participacion":69.85295992249642,"partido_1":["PSOE",32.0],"partido_2":["IU",26.0],"partido_3":["PP",25.0],"resto_partidos_percent":15,"info":"","parent":["Andalucía"],"parent_url":["json/generated_data/autonomias/paro_normalizado_2003.json"],"parent_results":{"partido_1":["PSOE",38],"partido_2":["PP",30],"partido_3":["IU",9],"otros":["Otros",21]},"evolution":"0,0,0,0,0,0,0,0,0,0,0,0,0,0,0,0,0,0,0,0,0,1.3961538459999998,1.1788461539999995,1.3576923079999998,1.2769230770000002,1.321153846,1.442307692,1.601923077,1.3346153849999998,1.2346153850000001,1.4653846149999996,1.6749999999999998,1.7461538460000003,1.5942307690000002,1.5,0,0"},"Granada":{"cartodb_id":5,"x_coordinate":-126.92307692307692,"y_coordinate":123.83966246500147,"radius":60.50716245944216,"color":["#D94B5F"],"children_json_url":"json/generated_data/municipios/Granada_paro_normalizado_2003.json","censo_total":679585,"porcentaje_participacion":67.5119374324036,"partido_1":["PSOE",40.0],"partido_2":["PP",33.0],"partido_3":["IU",8.0],"resto_partidos_percent":16,"info":"","parent":["Andalucía"],"parent_url":["json/generated_data/autonomias/paro_normalizado_2003.json"],"parent_results":{"partido_1":["PSOE",38],"partido_2":["PP",30],"partido_3":["IU",9],"otros":["Otros",21]},"evolution":"0,0,0,0,0,0,0,0,0,0,0,0,0,0,0,0,0,0,0,0,0,0.29615384600000016,0.17884615399999948,0.15769230799999967,0.076923077,0.3211538460000001,0.3423076919999999,0.40192307699999974,0.4346153850000003,0.23461538500000012,0.1653846149999998,0.27499999999999947,0.4461538460000005,0.7942307690000003,1.0999999999999996,0,0"},"Huelva":{"cartodb_id":7,"x_coordinate":-134.6153846153846,"y_coordinate":107.38396626478425,"radius":60.36173700292684,"color":["#D94B5F"],"children_json_url":"json/generated_data/municipios/Huelva_paro_normalizado_2003.json","censo_total":372757,"porcentaje_participacion":67.26956167154474,"partido_1":["PSOE",40.0],"partido_2":["PP",31.0],"partido_3":["PA",11.0],"resto_partidos_percent":16,"info":"","parent":["Andalucía"],"parent_url":["json/generated_data/autonomias/paro_normalizado_2003.json"],"parent_results":{"partido_1":["PSOE",38],"partido_2":["PP",30],"partido_3":["IU",9],"otros":["Otros",21]},"evolution":"0,0,0,0,0,0,0,0,0,0,0,0,0,0,0,0,0,0,0,0,0,-0.403846154,-0.221153846,-0.14230769200000015,-0.023076923000000082,-0.07884615399999984,0.04230769200000006,0.10192307699999992,0.13461538500000003,0.03461538499999994,0.6653846149999998,0.9749999999999996,1.2461538460000003,1.1942307690000007,1.1999999999999993,0,0"},"Málaga":{"cartodb_id":8,"x_coordinate":103.84615384615384,"y_coordinate":112.86919833152332,"radius":57.411616564586275,"color":["#64B7DE"],"children_json_url":"json/generated_data/municipios/Málaga_paro_normalizado_2003.json","censo_total":1033989,"porcentaje_participacion":62.35269427431046,"partido_1":["PP",34.0],"partido_2":["PSOE",33.0],"partido_3":["IU",8.0],"resto_partidos_percent":22,"info":"","parent":["Andalucía"],"parent_url":["json/generated_data/autonomias/paro_normalizado_2003.json"],"parent_results":{"partido_1":["PSOE",38],"partido_2":["PP",30],"partido_3":["IU",9],"otros":["Otros",21]},"evolution":"0,0,0,0,0,0,0,0,0,0,0,0,0,0,0,0,0,0,0,0,0,1.9961538460000003,1.778846154,1.557692308,1.076923077,0.9211538459999997,0.6423076920000002,0.5019230770000003,0.23461538500000012,0.03461538499999994,0.06538461499999926,0.5749999999999993,0.9461538460000005,1.394230769,2.0999999999999996,0,0"},"Sevilla":{"cartodb_id":10,"x_coordinate":-176.9230769230769,"y_coordinate":184.17721519913118,"radius":58.66616133419024,"color":["#D94B5F"],"children_json_url":"json/generated_data/municipios/Sevilla_paro_normalizado_2003.json","censo_total":1422166,"porcentaje_participacion":64.44360222365042,"partido_1":["PSOE",42.0],"partido_2":["PP",22.0],"partido_3":["PA",10.0],"resto_partidos_percent":23,"info":"","parent":["Andalucía"],"parent_url":["json/generated_data/autonomias/paro_normalizado_2003.json"],"parent_results":{"partido_1":["PSOE",38],"partido_2":["PP",30],"partido_3":["IU",9],"otros":["Otros",21]},"evolution":"0,0,0,0,0,0,0,0,0,0,0,0,0,0,0,0,0,0,0,0,0,2.296153846,2.078846154,2.1576923079999997,1.7769230770000002,1.7211538460000004,1.5423076919999996,1.7019230770000005,1.534615385,1.2346153850000001,1.365384615,1.5749999999999993,1.7461538460000003,1.7942307690000003,2.0999999999999996,0,0"}}