{"Huesca":{"cartodb_id":11,"x_coordinate":-161.22448979591837,"y_coordinate":-46.09307669506786,"radius":61.73066540693751,"color":["#D94B5F"],"children_json_url":"json/generated_data/municipios/Huesca_paro_normalizado_2008.json","censo_total":177816,"porcentaje_participacion":69.55110901156252,"partido_1":["PSOE",42.0],"partido_2":["PP",27.0],"partido_3":["PAR",11.0],"resto_partidos_percent":18,"info":"","parent":["Aragón"],"parent_url":["json/generated_data/autonomias/paro_normalizado_2008.json"],"parent_results":{"partido_1":["PSOE",38],"partido_2":["PP",29],"partido_3":["PAR",8],"otros":["Otros",22]},"evolution":"0,0,0,0,0,0,0,0,0,0,0,0,0,0,0,0,0,0,0,0,0,-1.903846154,-1.821153846,-1.7423076919999998,-1.423076923,-1.5788461539999998,-1.6576923080000001,-1.798076923,-1.865384615,-1.7653846149999999,-2.1346153850000005,-2.2250000000000005,-2.2538461539999997,-2.405769231,-2.7,0,0"},"Teruel":{"cartodb_id":12,"x_coordinate":-116.3265306122449,"y_coordinate":-48.33381211600118,"radius":64.18377557710224,"color":["#D94B5F"],"children_json_url":"json/generated_data/municipios/Teruel_paro_normalizado_2008.json","censo_total":115924,"porcentaje_participacion":73.63962596183707,"partido_1":["PSOE",33.0],"partido_2":["PP",29.0],"partido_3":["PAR",19.0],"resto_partidos_percent":17,"info":"","parent":["Aragón"],"parent_url":["json/generated_data/autonomias/paro_normalizado_2008.json"],"parent_results":{"partido_1":["PSOE",38],"partido_2":["PP",29],"partido_3":["PAR",8],"otros":["Otros",22]},"evolution":"0,0,0,0,0,0,0,0,0,0,0,0,0,0,0,0,0,0,0,0,0,-1.803846154,-1.6211538460000003,-1.542307692,-1.1230769230000002,-1.178846154,-1.1576923080000001,-1.298076923,-1.465384615,-1.465384615,-1.9346153850000003,-2.1250000000000004,-1.9538461539999998,-2.3057692309999998,-2.6000000000000005,0,0"},"Zaragoza":{"cartodb_id":13,"x_coordinate":-132.6530612244898,"y_coordinate":-57.29675379973446,"radius":58.55141533908565,"color":["#D94B5F"],"children_json_url":"json/generated_data/municipios/Zaragoza_paro_normalizado_2008.json","censo_total":728518,"porcentaje_participacion":64.25235889847607,"partido_1":["PSOE",38.0],"partido_2":["PP",30.0],"partido_3":["CHA",8.0],"resto_partidos_percent":22,"info":"","parent":["Aragón"],"parent_url":["json/generated_data/autonomias/paro_normalizado_2008.json"],"parent_results":{"partido_1":["PSOE",38],"partido_2":["PP",29],"partido_3":["PAR",8],"otros":["Otros",22]},"evolution":"0,0,0,0,0,0,0,0,0,0,0,0,0,0,0,0,0,0,0,0,0,-0.3038461539999995,-0.42115384600000016,-0.5423076920000001,-0.423076923,-0.8788461540000001,-0.7576923080000002,-0.6980769229999999,-0.865384615,-1.2653846149999999,-1.5346153850000004,-1.7250000000000005,-1.7538461539999997,-1.9057692309999998,-1.0,0,0"}}