{"Huesca":{"cartodb_id":11,"x_coordinate":-117.64705882352942,"y_coordinate":-6.064073211659149,"radius":60.742958042546036,"color":["#D94B5F"],"children_json_url":"json/generated_data/municipios/Huesca_paro_normalizado_2000.json","censo_total":178395,"porcentaje_participacion":67.90493007091007,"partido_1":["PSOE",36.0],"partido_2":["PP",33.0],"partido_3":["PAR",11.0],"resto_partidos_percent":18,"info":"","parent":["Aragón"],"parent_url":["json/generated_data/autonomias/paro_normalizado_2000.json"],"parent_results":{"partido_1":["PP",38],"partido_2":["PSOE",32],"partido_3":["PAR",8],"otros":["Otros",20]},"evolution":"0,0,0,0,0,0,0,0,0,0,0,0,0,0,0,0,0,0,0,0,0,-1.903846154,-1.821153846,-1.7423076919999998,-1.423076923,-1.5788461539999998,-1.6576923080000001,-1.798076923,-1.865384615,-1.7653846149999999,-2.1346153850000005,-2.2250000000000005,-2.2538461539999997,-2.405769231,-2.7,0,0"},"Teruel":{"cartodb_id":12,"x_coordinate":152.94117647058823,"y_coordinate":-29.862700215399713,"radius":62.85132900928399,"color":["#64B7DE"],"children_json_url":"json/generated_data/municipios/Teruel_paro_normalizado_2000.json","censo_total":117945,"porcentaje_participacion":71.41888168213998,"partido_1":["PP",39.0],"partido_2":["PSOE",30.0],"partido_3":["PAR",21.0],"resto_partidos_percent":8,"info":"","parent":["Aragón"],"parent_url":["json/generated_data/autonomias/paro_normalizado_2000.json"],"parent_results":{"partido_1":["PP",38],"partido_2":["PSOE",32],"partido_3":["PAR",8],"otros":["Otros",20]},"evolution":"0,0,0,0,0,0,0,0,0,0,0,0,0,0,0,0,0,0,0,0,0,-1.803846154,-1.6211538460000003,-1.542307692,-1.1230769230000002,-1.178846154,-1.1576923080000001,-1.298076923,-1.465384615,-1.465384615,-1.9346153850000003,-2.1250000000000004,-1.9538461539999998,-2.3057692309999998,-2.6000000000000005,0,0"},"Zaragoza":{"cartodb_id":13,"x_coordinate":141.1764705882353,"y_coordinate":-47.711670468205135,"radius":57.873990620750895,"color":["#64B7DE"],"children_json_url":"json/generated_data/municipios/Zaragoza_paro_normalizado_2000.json","censo_total":720740,"porcentaje_participacion":63.123317701251494,"partido_1":["PP",39.0],"partido_2":["PSOE",32.0],"partido_3":["CHA",9.0],"resto_partidos_percent":19,"info":"","parent":["Aragón"],"parent_url":["json/generated_data/autonomias/paro_normalizado_2000.json"],"parent_results":{"partido_1":["PP",38],"partido_2":["PSOE",32],"partido_3":["PAR",8],"otros":["Otros",20]},"evolution":"0,0,0,0,0,0,0,0,0,0,0,0,0,0,0,0,0,0,0,0,0,-0.3038461539999995,-0.42115384600000016,-0.5423076920000001,-0.423076923,-0.8788461540000001,-0.7576923080000002,-0.6980769229999999,-0.865384615,-1.2653846149999999,-1.5346153850000004,-1.7250000000000005,-1.7538461539999997,-1.9057692309999998,-1.0,0,0"}}