{"Huesca":{"cartodb_id":11,"x_coordinate":-161.53846153846155,"y_coordinate":-28.294573624314765,"radius":63.29521135053729,"color":["#D94B5F"],"children_json_url":"json/generated_data/municipios/Huesca_paro_normalizado_2005.json","censo_total":176626,"porcentaje_participacion":72.15868558422882,"partido_1":["PSOE",43.0],"partido_2":["PP",27.0],"partido_3":["PAR",11.0],"resto_partidos_percent":17,"info":"","parent":["Aragón"],"parent_url":["json/generated_data/autonomias/paro_normalizado_2005.json"],"parent_results":{"partido_1":["PSOE",36],"partido_2":["PP",30],"partido_3":["CHA",11],"otros":["Otros",21]},"evolution":"0,0,0,0,0,0,0,0,0,0,0,0,0,0,0,0,0,0,0,0,0,-1.903846154,-1.821153846,-1.7423076919999998,-1.423076923,-1.5788461539999998,-1.6576923080000001,-1.798076923,-1.865384615,-1.7653846149999999,-2.1346153850000005,-2.2250000000000005,-2.2538461539999997,-2.405769231,-2.7,0,0"},"Teruel":{"cartodb_id":12,"x_coordinate":-103.84615384615384,"y_coordinate":-35.0129198781234,"radius":65.08743900859277,"color":["#D94B5F"],"children_json_url":"json/generated_data/municipios/Teruel_paro_normalizado_2005.json","censo_total":115795,"porcentaje_participacion":75.14573168098795,"partido_1":["PSOE",34.0],"partido_2":["PP",33.0],"partido_3":["PAR",18.0],"resto_partidos_percent":13,"info":"","parent":["Aragón"],"parent_url":["json/generated_data/autonomias/paro_normalizado_2005.json"],"parent_results":{"partido_1":["PSOE",36],"partido_2":["PP",30],"partido_3":["CHA",11],"otros":["Otros",21]},"evolution":"0,0,0,0,0,0,0,0,0,0,0,0,0,0,0,0,0,0,0,0,0,-1.803846154,-1.6211538460000003,-1.542307692,-1.1230769230000002,-1.178846154,-1.1576923080000001,-1.298076923,-1.465384615,-1.465384615,-1.9346153850000003,-2.1250000000000004,-1.9538461539999998,-2.3057692309999998,-2.6000000000000005,0,0"},"Zaragoza":{"cartodb_id":13,"x_coordinate":-115.38461538461539,"y_coordinate":-48.44961238574069,"radius":61.545752002707886,"color":["#D94B5F"],"children_json_url":"json/generated_data/municipios/Zaragoza_paro_normalizado_2005.json","censo_total":726766,"porcentaje_participacion":69.24292000451314,"partido_1":["PSOE",35.0],"partido_2":["PP",31.0],"partido_3":["CHA",14.0],"resto_partidos_percent":18,"info":"","parent":["Aragón"],"parent_url":["json/generated_data/autonomias/paro_normalizado_2005.json"],"parent_results":{"partido_1":["PSOE",36],"partido_2":["PP",30],"partido_3":["CHA",11],"otros":["Otros",21]},"evolution":"0,0,0,0,0,0,0,0,0,0,0,0,0,0,0,0,0,0,0,0,0,-0.3038461539999995,-0.42115384600000016,-0.5423076920000001,-0.423076923,-0.8788461540000001,-0.7576923080000002,-0.6980769229999999,-0.865384615,-1.2653846149999999,-1.5346153850000004,-1.7250000000000005,-1.7538461539999997,-1.9057692309999998,-1.0,0,0"}}