{"Huesca":{"cartodb_id":11,"x_coordinate":-115.78947368421052,"y_coordinate":-5.230125550323024,"radius":63.65359585801191,"color":["#D94B5F"],"children_json_url":"json/generated_data/municipios/Huesca_paro_normalizado_1998.json","censo_total":174409,"porcentaje_participacion":72.75599309668652,"partido_1":["PSOE",34.0],"partido_2":["PP",31.0],"partido_3":["PAR",19.0],"resto_partidos_percent":14,"info":"","parent":["Aragón"],"parent_url":["json/generated_data/autonomias/paro_normalizado_1998.json"],"parent_results":{"partido_1":["PP",39],"partido_2":["PSOE",27],"partido_3":["PAR",9],"otros":["Otros",23]},"evolution":"0,0,0,0,0,0,0,0,0,0,0,0,0,0,0,0,0,0,0,0,0,-1.903846154,-1.821153846,-1.7423076919999998,-1.423076923,-1.5788461539999998,-1.6576923080000001,-1.798076923,-1.865384615,-1.7653846149999999,-2.1346153850000005,-2.2250000000000005,-2.2538461539999997,-2.405769231,-2.7,0,0"},"Teruel":{"cartodb_id":12,"x_coordinate":142.10526315789474,"y_coordinate":-16.108786636975324,"radius":64.39627382795643,"color":["#64B7DE"],"children_json_url":"json/generated_data/municipios/Teruel_paro_normalizado_1998.json","censo_total":118191,"porcentaje_participacion":73.99378971326074,"partido_1":["PP",40.0],"partido_2":["PSOE",32.0],"partido_3":["PAR",19.0],"resto_partidos_percent":8,"info":"","parent":["Aragón"],"parent_url":["json/generated_data/autonomias/paro_normalizado_1998.json"],"parent_results":{"partido_1":["PP",39],"partido_2":["PSOE",27],"partido_3":["PAR",9],"otros":["Otros",23]},"evolution":"0,0,0,0,0,0,0,0,0,0,0,0,0,0,0,0,0,0,0,0,0,-1.803846154,-1.6211538460000003,-1.542307692,-1.1230769230000002,-1.178846154,-1.1576923080000001,-1.298076923,-1.465384615,-1.465384615,-1.9346153850000003,-2.1250000000000004,-1.9538461539999998,-2.3057692309999998,-2.6000000000000005,0,0"},"Zaragoza":{"cartodb_id":13,"x_coordinate":189.4736842105263,"y_coordinate":-70.50209207023687,"radius":62.094331260927866,"color":["#64B7DE"],"children_json_url":"json/generated_data/municipios/Zaragoza_paro_normalizado_1998.json","censo_total":701761,"porcentaje_participacion":70.15721876821311,"partido_1":["PP",41.0],"partido_2":["PSOE",24.0],"partido_3":["IU",10.0],"resto_partidos_percent":23,"info":"","parent":["Aragón"],"parent_url":["json/generated_data/autonomias/paro_normalizado_1998.json"],"parent_results":{"partido_1":["PP",39],"partido_2":["PSOE",27],"partido_3":["PAR",9],"otros":["Otros",23]},"evolution":"0,0,0,0,0,0,0,0,0,0,0,0,0,0,0,0,0,0,0,0,0,-0.3038461539999995,-0.42115384600000016,-0.5423076920000001,-0.423076923,-0.8788461540000001,-0.7576923080000002,-0.6980769229999999,-0.865384615,-1.2653846149999999,-1.5346153850000004,-1.7250000000000005,-1.7538461539999997,-1.9057692309999998,-1.0,0,0"}}