{"Cantabria":{"cartodb_id":14,"x_coordinate":134.6153846153846,"y_coordinate":-90.92827006456706,"radius":63.77712469814864,"color":["#64B7DE"],"children_json_url":"json/generated_data/municipios/Cantabria_paro_normalizado_2004.json","censo_total":477056,"porcentaje_participacion":72.9618744969144,"partido_1":["PP",38.0],"partido_2":["PSOE",29.0],"partido_3":["PRC",18.0],"resto_partidos_percent":12,"info":"","parent":["Cantabria"],"parent_url":["json/generated_data/autonomias/paro_normalizado_2004.json"],"parent_results":{"partido_1":["PP",38],"partido_2":["PSOE",29],"partido_3":["PRC",18],"otros":["Otros",12]},"evolution":"0,0,0,0,0,0,0,0,0,0,0,0,0,0,0,0,0,0,0,0,0,-0.20384615399999984,0.07884615399999984,-0.14230769200000015,-0.22307692299999982,-0.17884615399999992,-0.057692308000000025,0.0019230770000002728,-0.1653846149999998,-0.1653846149999998,-0.43461538500000074,-0.8250000000000002,-1.053846154,-1.3057692309999998,-1.4000000000000004,0,0"}}