{"Cantabria":{"cartodb_id":14,"x_coordinate":131.57894736842104,"y_coordinate":-89.79460846417432,"radius":64.59333216288891,"color":["#64B7DE"],"children_json_url":"json/generated_data/municipios/Cantabria_paro_normalizado_1996.json","censo_total":432884,"porcentaje_participacion":74.32222027148151,"partido_1":["PP",33.0],"partido_2":["PSOE",27.0],"partido_3":["PRC",7.0],"resto_partidos_percent":30,"info":"","parent":["Cantabria"],"parent_url":["json/generated_data/autonomias/paro_normalizado_1996.json"],"parent_results":{"partido_1":["PP",33],"partido_2":["PSOE",27],"partido_3":["PRC",7],"otros":["Otros",30]},"evolution":"0,0,0,0,0,0,0,0,0,0,0,0,0,0,0,0,0,0,0,0,0,-0.20384615399999984,0.07884615399999984,-0.14230769200000015,-0.22307692299999982,-0.17884615399999992,-0.057692308000000025,0.0019230770000002728,-0.1653846149999998,-0.1653846149999998,-0.43461538500000074,-0.8250000000000002,-1.053846154,-1.3057692309999998,-1.4000000000000004,0,0"}}