{"Cantabria":{"cartodb_id":14,"x_coordinate":147.05882352941177,"y_coordinate":-96.4566928940418,"radius":62.404628409910835,"color":["#64B7DE"],"children_json_url":"json/generated_data/municipios/Cantabria_paro_normalizado_2001.json","censo_total":453201,"porcentaje_participacion":70.67438068318472,"partido_1":["PP",38.0],"partido_2":["PSOE",30.0],"partido_3":["PRC",15.0],"resto_partidos_percent":15,"info":"","parent":["Cantabria"],"parent_url":["json/generated_data/autonomias/paro_normalizado_2001.json"],"parent_results":{"partido_1":["PP",38],"partido_2":["PSOE",30],"partido_3":["PRC",15],"otros":["Otros",15]},"evolution":"0,0,0,0,0,0,0,0,0,0,0,0,0,0,0,0,0,0,0,0,0,-0.20384615399999984,0.07884615399999984,-0.14230769200000015,-0.22307692299999982,-0.17884615399999992,-0.057692308000000025,0.0019230770000002728,-0.1653846149999998,-0.1653846149999998,-0.43461538500000074,-0.8250000000000002,-1.053846154,-1.3057692309999998,-1.4000000000000004,0,0"}}