{"Burgos":{"cartodb_id":16,"x_coordinate":252.6315789473684,"y_coordinate":-59.62343098358457,"radius":62.243512892934795,"color":["#5AB0E9"],"children_json_url":"json/generated_data/municipios/Burgos_paro_normalizado_1998.json","censo_total":295278,"porcentaje_participacion":70.405854821558,"partido_1":["PP",51.0],"partido_2":["PSOE",22.0],"partido_3":["IU",10.0],"resto_partidos_percent":15,"info":"","parent":["Castilla_y_León"],"parent_url":["json/generated_data/autonomias/paro_normalizado_1998.json"],"parent_results":{"partido_1":["PP",48],"partido_2":["PSOE",30],"partido_3":["IU",6],"otros":["Otros",14]},"evolution":"0,0,0,0,0,0,0,0,0,0,0,0,0,0,0,0,0,0,0,0,0,-1.1038461540000002,-0.8211538460000005,-0.7423076919999998,-0.22307692299999982,-0.278846154,-0.2576923080000002,-0.4980769229999997,-0.5653846149999997,-0.7653846149999999,-1.3346153850000002,-1.3250000000000002,-1.3538461539999997,-1.6057692309999996,-1.6000000000000005,0,0"},"Segovia":{"cartodb_id":9,"x_coordinate":242.10526315789474,"y_coordinate":-26.987447723627625,"radius":65.45212852715707,"color":["#5AB0E9"],"children_json_url":"json/generated_data/municipios/Segovia_paro_normalizado_1998.json","censo_total":122620,"porcentaje_participacion":75.75354754526178,"partido_1":["PP",51.0],"partido_2":["PSOE",24.0],"partido_3":["IU",7.0],"resto_partidos_percent":17,"info":"","parent":["Castilla_y_León"],"parent_url":["json/generated_data/autonomias/paro_normalizado_1998.json"],"parent_results":{"partido_1":["PP",48],"partido_2":["PSOE",30],"partido_3":["IU",6],"otros":["Otros",14]},"evolution":"0,0,0,0,0,0,0,0,0,0,0,0,0,0,0,0,0,0,0,0,0,-1.903846154,-1.4211538460000002,-1.3423076919999999,-1.2230769229999998,-0.8788461540000001,-1.057692308,-1.198076923,-1.465384615,-1.5653846149999997,-1.9346153850000003,-2.1250000000000004,-2.153846154,-2.1057692309999996,-2.7,0,0"},"Ávila":{"cartodb_id":15,"x_coordinate":273.6842105263158,"y_coordinate":-81.38075315688916,"radius":66.69794966407909,"color":["#5AB0E9"],"children_json_url":"json/generated_data/municipios/Ávila_paro_normalizado_1998.json","censo_total":143635,"porcentaje_participacion":77.82991610679848,"partido_1":["PP",54.0],"partido_2":["PSOE",21.0],"partido_3":["AIAV",7.0],"resto_partidos_percent":15,"info":"","parent":["Castilla_y_León"],"parent_url":["json/generated_data/autonomias/paro_normalizado_1998.json"],"parent_results":{"partido_1":["PP",48],"partido_2":["PSOE",30],"partido_3":["IU",6],"otros":["Otros",14]},"evolution":"0,0,0,0,0,0,0,0,0,0,0,0,0,0,0,0,0,0,0,0,0,-0.5038461539999997,-0.3211538460000005,-0.34230769200000033,-0.12307692300000017,-0.17884615399999992,-0.15769230800000011,-0.3980769230000001,-0.46538461500000006,-0.46538461500000006,-0.6346153850000005,-0.6250000000000004,-0.45384615399999984,-0.3057692309999993,-0.6000000000000005,0,0"},"León":{"cartodb_id":18,"x_coordinate":152.6315789473684,"y_coordinate":-75.94142261356302,"radius":63.87415573053369,"color":["#64B7DE"],"children_json_url":"json/generated_data/municipios/León_paro_normalizado_1998.json","censo_total":428625,"porcentaje_participacion":73.12359288422282,"partido_1":["PP",42.0],"partido_2":["PSOE",32.0],"partido_3":["UPL",10.0],"resto_partidos_percent":14,"info":"","parent":["Castilla_y_León"],"parent_url":["json/generated_data/autonomias/paro_normalizado_1998.json"],"parent_results":{"partido_1":["PP",48],"partido_2":["PSOE",30],"partido_3":["IU",6],"otros":["Otros",14]},"evolution":"0,0,0,0,0,0,0,0,0,0,0,0,0,0,0,0,0,0,0,0,0,-0.903846154,-0.721153846,-0.442307692,-0.023076923000000082,0.021153846000000254,-0.057692308000000025,-0.09807692299999982,-0.1653846149999998,-0.0653846149999997,0.1653846149999998,0.27499999999999947,0.046153846000000165,-0.3057692309999993,-0.8000000000000007,0,0"},"Palencia":{"cartodb_id":19,"x_coordinate":178.94736842105263,"y_coordinate":135.7740585901507,"radius":65.97404139131811,"color":["#64B7DE"],"children_json_url":"json/generated_data/municipios/Palencia_paro_normalizado_1998.json","censo_total":151626,"porcentaje_participacion":76.62340231886353,"partido_1":["PP",47.0],"partido_2":["PSOE",32.0],"partido_3":["IU",4.0],"resto_partidos_percent":15,"info":"","parent":["Castilla_y_León"],"parent_url":["json/generated_data/autonomias/paro_normalizado_1998.json"],"parent_results":{"partido_1":["PP",48],"partido_2":["PSOE",30],"partido_3":["IU",6],"otros":["Otros",14]},"evolution":"0,0,0,0,0,0,0,0,0,0,0,0,0,0,0,0,0,0,0,0,0,0.3961538459999998,0.6788461539999995,0.6576923079999997,0.8769230769999998,0.7211538460000004,0.6423076920000002,0.40192307699999974,0.23461538500000012,0.23461538500000012,-0.13461538500000003,-0.22500000000000053,-0.3538461540000002,-0.605769231,-1.3000000000000007,0,0"},"Salamanca":{"cartodb_id":20,"x_coordinate":189.4736842105263,"y_coordinate":141.21338913347688,"radius":64.61765066083233,"color":["#64B7DE"],"children_json_url":"json/generated_data/municipios/Salamanca_paro_normalizado_1998.json","censo_total":302119,"porcentaje_participacion":74.3627511013872,"partido_1":["PP",51.0],"partido_2":["PSOE",34.0],"partido_3":["IU",6.0],"resto_partidos_percent":7,"info":"","parent":["Castilla_y_León"],"parent_url":["json/generated_data/autonomias/paro_normalizado_1998.json"],"parent_results":{"partido_1":["PP",48],"partido_2":["PSOE",30],"partido_3":["IU",6],"otros":["Otros",14]},"evolution":"0,0,0,0,0,0,0,0,0,0,0,0,0,0,0,0,0,0,0,0,0,0.596153846,0.6788461539999995,0.7576923080000002,0.7769230770000002,1.121153846,0.7423076919999998,0.7019230770000005,0.5346153849999999,0.8346153849999998,0.6653846149999998,0.5749999999999993,0.5461538460000002,0.1942307690000007,-0.20000000000000018,0,0"},"Soria":{"cartodb_id":21,"x_coordinate":252.6315789473684,"y_coordinate":5.6485355363293195,"radius":61.79734206618179,"color":["#5AB0E9"],"children_json_url":"json/generated_data/municipios/Soria_paro_normalizado_1998.json","censo_total":78783,"porcentaje_participacion":69.66223677696965,"partido_1":["PP",53.0],"partido_2":["PSOE",24.0],"partido_3":["INDEP",8.0],"resto_partidos_percent":12,"info":"","parent":["Castilla_y_León"],"parent_url":["json/generated_data/autonomias/paro_normalizado_1998.json"],"parent_results":{"partido_1":["PP",48],"partido_2":["PSOE",30],"partido_3":["IU",6],"otros":["Otros",14]},"evolution":"0,0,0,0,0,0,0,0,0,0,0,0,0,0,0,0,0,0,0,0,0,-2.6038461539999997,-2.0211538460000003,-1.942307692,-1.523076923,-1.678846154,-1.557692308,-1.4980769229999997,-1.7653846149999999,-1.6653846149999998,-2.0346153850000004,-2.1250000000000004,-2.153846154,-2.7057692309999997,-3.3000000000000007,0,0"},"Valladolid":{"cartodb_id":22,"x_coordinate":173.68421052631578,"y_coordinate":119.45606696017225,"radius":64.83712820613286,"color":["#64B7DE"],"children_json_url":"json/generated_data/municipios/Valladolid_paro_normalizado_1998.json","censo_total":408358,"porcentaje_participacion":74.72854701022142,"partido_1":["PP",46.0],"partido_2":["PSOE",32.0],"partido_3":["IU",10.0],"resto_partidos_percent":10,"info":"","parent":["Castilla_y_León"],"parent_url":["json/generated_data/autonomias/paro_normalizado_1998.json"],"parent_results":{"partido_1":["PP",48],"partido_2":["PSOE",30],"partido_3":["IU",6],"otros":["Otros",14]},"evolution":"0,0,0,0,0,0,0,0,0,0,0,0,0,0,0,0,0,0,0,0,0,0.596153846,0.5788461539999998,0.35769230799999985,0.6769230769999997,0.9211538459999997,0.8423076920000003,0.8019230770000001,0.6346153850000005,0.4346153850000003,0.06538461499999926,-0.025000000000000355,-0.05384615399999948,-0.3057692309999993,-0.5,0,0"},"Zamora":{"cartodb_id":23,"x_coordinate":194.73684210526318,"y_coordinate":-97.69874478686766,"radius":64.88003226023255,"color":["#64B7DE"],"children_json_url":"json/generated_data/municipios/Zamora_paro_normalizado_1998.json","censo_total":178548,"porcentaje_participacion":74.80005376705424,"partido_1":["PP",51.0],"partido_2":["PSOE",33.0],"partido_3":["IU",3.0],"resto_partidos_percent":11,"info":"","parent":["Castilla_y_León"],