{"Albacete":{"cartodb_id":24,"x_coordinate":-135.29411764705884,"y_coordinate":142.90617848316745,"radius":63.469429710949385,"color":["#D94B5F"],"children_json_url":"json/generated_data/municipios/Albacete_paro_normalizado_2000.json","censo_total":291852,"porcentaje_participacion":72.44904951824897,"partido_1":["PSOE",47.0],"partido_2":["PP",41.0],"partido_3":["IU",5.0],"resto_partidos_percent":5,"info":"","parent":["Castilla-La_Mancha"],"parent_url":["json/generated_data/autonomias/paro_normalizado_2000.json"],"parent_results":{"partido_1":["PSOE",46],"partido_2":["PP",42],"partido_3":["IU",4],"otros":["Otros",6]},"evolution":"0,0,0,0,0,0,0,0,0,0,0,0,0,0,0,0,0,0,0,0,0,1.6961538460000005,1.0788461539999998,0.8576923079999998,0.6769230769999997,0.7211538460000004,0.7423076919999998,0.8019230770000001,0.9346153850000003,0.9346153850000003,1.365384615,1.1749999999999998,1.0461538460000002,0.894230769,1.4000000000000004,0,0"},"Ciudad_Real":{"cartodb_id":26,"x_coordinate":-141.1764705882353,"y_coordinate":172.65446223784318,"radius":63.27736161699463,"color":["#D94B5F"],"children_json_url":"json/generated_data/municipios/Ciudad_Real_paro_normalizado_2000.json","censo_total":392877,"porcentaje_participacion":72.12893602832439,"partido_1":["PSOE",48.0],"partido_2":["PP",41.0],"partido_3":["IU",3.0],"resto_partidos_percent":6,"info":"","parent":["Castilla-La_Mancha"],"parent_url":["json/generated_data/autonomias/paro_normalizado_2000.json"],"parent_results":{"partido_1":["PSOE",46],"partido_2":["PP",42],"partido_3":["IU",4],"otros":["Otros",6]},"evolution":"0,0,0,0,0,0,0,0,0,0,0,0,0,0,0,0,0,0,0,0,0,1.1961538460000005,1.0788461539999998,1.057692308,0.9769230770000004,1.2211538460000004,1.1423076920000002,1.0019230770000003,0.8346153849999998,0.8346153849999998,0.865384615,0.6749999999999998,0.4461538460000005,0.394230769,0.9000000000000004,0,0"},"Cuenca":{"cartodb_id":27,"x_coordinate":-105.88235294117646,"y_coordinate":-59.61098397007543,"radius":68.82363570654138,"color":["#D94B5F"],"children_json_url":"json/generated_data/municipios/Cuenca_paro_normalizado_2000.json","censo_total":166020,"porcentaje_participacion":81.37272617756896,"partido_1":["PSOE",45.0],"partido_2":["PP",44.0],"partido_3":["IU",2.0],"resto_partidos_percent":7,"info":"","parent":["Castilla-La_Mancha"],"parent_url":["json/generated_data/autonomias/paro_normalizado_2000.json"],"parent_results":{"partido_1":["PSOE",46],"partido_2":["PP",42],"partido_3":["IU",4],"otros":["Otros",6]},"evolution":"0,0,0,0,0,0,0,0,0,0,0,0,0,0,0,0,0,0,0,0,0,-1.803846154,-1.6211538460000003,-1.2423076919999998,-0.8230769229999999,-0.6788461539999999,-0.557692308,-0.6980769229999999,-0.865384615,-0.865384615,-0.9346153850000003,-0.9250000000000003,-0.8538461539999997,-1.2057692309999997,-1.3000000000000007,0,0"},"Guadalajara":{"cartodb_id":28,"x_coordinate":111.76470588235294,"y_coordinate":-41.762013717270015,"radius":63.81608010602268,"color":["#64B7DE"],"children_json_url":"json/generated_data/municipios/Guadalajara_paro_normalizado_2000.json","censo_total":135820,"porcentaje_participacion":73.02680017670447,"partido_1":["PP",44.0],"partido_2":["PSOE",42.0],"partido_3":["IU",5.0],"resto_partidos_percent":6,"info":"","parent":["Castilla-La_Mancha"],"parent_url":["json/generated_data/autonomias/paro_normalizado_2000.json"],"parent_results":{"partido_1":["PSOE",46],"partido_2":["PP",42],"partido_3":["IU",4],"otros":["Otros",6]},"evolution":"0,0,0,0,0,0,0,0,0,0,0,0,0,0,0,0,0,0,0,0,0,-1.6038461540000002,-1.4211538460000002,-1.2423076919999998,-1.023076923,-0.9788461539999997,-0.9576923079999999,-1.0980769229999998,-1.1653846149999998,-1.2653846149999999,-1.5346153850000004,-1.8250000000000002,-1.653846154,-1.5057692309999995,-0.6000000000000005,0,0"},"Toledo":{"cartodb_id":29,"x_coordinate":-105.88235294117646,"y_coordinate":107.20823797755656,"radius":66.92261293114342,"color":["#D94B5F"],"children_json_url":"json/generated_data/municipios/Toledo_paro_normalizado_2000.json","censo_total":419437,"porcentaje_participacion":78.20435488523903,"partido_1":["PSOE",44.0],"partido_2":["PP",43.0],"partido_3":["IU",4.0],"resto_partidos_percent":7,"info":"","parent":["Castilla-La_Mancha"],"parent_url":["json/generated_data/autonomias/paro_normalizado_2000.json"],"parent_results":{"partido_1":["PSOE",46],"partido_2":["PP",42],"partido_3":["IU",4],"otros":["Otros",6]},"evolution":"0,0,0,0,0,0,0,0,0,0,0,0,0,0,0,0,0,0,0,0,0,-0.10384615400000019,-0.221153846,-0.2423076919999998,-0.023076923000000082,0.1211538459999999,0.04230769200000006,0.10192307699999992,0.13461538500000003,0.13461538500000003,-0.3346153850000002,-0.4250000000000007,-0.3538461540000002,0.09423076900000016,1.1999999999999993,0,0"}}