{"Albacete":{"cartodb_id":24,"x_coordinate":-142.30769230769232,"y_coordinate":145.86563306596605,"radius":64.30752805140912,"color":["#D94B5F"],"children_json_url":"json/generated_data/municipios/Albacete_paro_normalizado_2005.json","censo_total":297846,"porcentaje_participacion":73.84588008568186,"partido_1":["PSOE",49.0],"partido_2":["PP",38.0],"partido_3":["IU",5.0],"resto_partidos_percent":6,"info":"","parent":["Castilla-La_Mancha"],"parent_url":["json/generated_data/autonomias/paro_normalizado_2005.json"],"parent_results":{"partido_1":["PSOE",49],"partido_2":["PP",40],"partido_3":["IU",4],"otros":["Otros",6]},"evolution":"0,0,0,0,0,0,0,0,0,0,0,0,0,0,0,0,0,0,0,0,0,1.6961538460000005,1.0788461539999998,0.8576923079999998,0.6769230769999997,0.7211538460000004,0.7423076919999998,0.8019230770000001,0.9346153850000003,0.9346153850000003,1.365384615,1.1749999999999998,1.0461538460000002,0.894230769,1.4000000000000004,0,0"},"Ciudad_Real":{"cartodb_id":26,"x_coordinate":-146.15384615384616,"y_coordinate":129.06976743144443,"radius":64.21575171672995,"color":["#D94B5F"],"children_json_url":"json/generated_data/municipios/Ciudad_Real_paro_normalizado_2005.json","censo_total":391005,"porcentaje_participacion":73.69291952788328,"partido_1":["PSOE",51.0],"partido_2":["PP",39.0],"partido_3":["IU",3.0],"resto_partidos_percent":5,"info":"","parent":["Castilla-La_Mancha"],"parent_url":["json/generated_data/autonomias/paro_normalizado_2005.json"],"parent_results":{"partido_1":["PSOE",49],"partido_2":["PP",40],"partido_3":["IU",4],"otros":["Otros",6]},"evolution":"0,0,0,0,0,0,0,0,0,0,0,0,0,0,0,0,0,0,0,0,0,1.1961538460000005,1.0788461539999998,1.057692308,0.9769230770000004,1.2211538460000004,1.1423076920000002,1.0019230770000003,0.8346153849999998,0.8346153849999998,0.865384615,0.6749999999999998,0.4461538460000005,0.394230769,0.9000000000000004,0,0"},"Cuenca":{"cartodb_id":27,"x_coordinate":-130.76923076923077,"y_coordinate":-68.60465114716662,"radius":68.77124516740827,"color":["#D94B5F"],"children_json_url":"json/generated_data/municipios/Cuenca_paro_normalizado_2005.json","censo_total":164508,"porcentaje_participacion":81.28540861234713,"partido_1":["PSOE",49.0],"partido_2":["PP",41.0],"partido_3":["IXC",2.0],"resto_partidos_percent":6,"info":"","parent":["Castilla-La_Mancha"],"parent_url":["json/generated_data/autonomias/paro_normalizado_2005.json"],"parent_results":{"partido_1":["PSOE",49],"partido_2":["PP",40],"partido_3":["IU",4],"otros":["Otros",6]},"evolution":"0,0,0,0,0,0,0,0,0,0,0,0,0,0,0,0,0,0,0,0,0,-1.803846154,-1.6211538460000003,-1.2423076919999998,-0.8230769229999999,-0.6788461539999999,-0.557692308,-0.6980769229999999,-0.865384615,-0.865384615,-0.9346153850000003,-0.9250000000000003,-0.8538461539999997,-1.2057692309999997,-1.3000000000000007,0,0"},"Guadalajara":{"cartodb_id":28,"x_coordinate":-123.07692307692308,"y_coordinate":-48.44961238574069,"radius":65.35470958089886,"color":["#D94B5F"],"children_json_url":"json/generated_data/municipios/Guadalajara_paro_normalizado_2005.json","censo_total":148389,"porcentaje_participacion":75.59118263483143,"partido_1":["PSOE",46.0],"partido_2":["PP",40.0],"partido_3":["IU",5.0],"resto_partidos_percent":7,"info":"","parent":["Castilla-La_Mancha"],"parent_url":["json/generated_data/autonomias/paro_normalizado_2005.json"],"parent_results":{"partido_1":["PSOE",49],"partido_2":["PP",40],"partido_3":["IU",4],"otros":["Otros",6]},"evolution":"0,0,0,0,0,0,0,0,0,0,0,0,0,0,0,0,0,0,0,0,0,-1.6038461540000002,-1.4211538460000002,-1.2423076919999998,-1.023076923,-0.9788461539999997,-0.9576923079999999,-1.0980769229999998,-1.1653846149999998,-1.2653846149999999,-1.5346153850000004,-1.8250000000000002,-1.653846154,-1.5057692309999995,-0.6000000000000005,0,0"},"Toledo":{"cartodb_id":29,"x_coordinate":-123.07692307692308,"y_coordinate":-88.75968990859256,"radius":65.06963283328909,"color":["#D94B5F"],"children_json_url":"json/generated_data/municipios/Toledo_paro_normalizado_2005.json","censo_total":463359,"porcentaje_participacion":75.11605472214849,"partido_1":["PSOE",47.0],"partido_2":["PP",41.0],"partido_3":["IU",4.0],"resto_partidos_percent":6,"info":"","parent":["Castilla-La_Mancha"],"parent_url":["json/generated_data/autonomias/paro_normalizado_2005.json"],"parent_results":{"partido_1":["PSOE",49],"partido_2":["PP",40],"partido_3":["IU",4],"otros":["Otros",6]},"evolution":"0,0,0,0,0,0,0,0,0,0,0,0,0,0,0,0,0,0,0,0,0,-0.10384615400000019,-0.221153846,-0.2423076919999998,-0.023076923000000082,0.1211538459999999,0.04230769200000006,0.10192307699999992,0.13461538500000003,0.13461538500000003,-0.3346153850000002,-0.4250000000000007,-0.3538461540000002,0.09423076900000016,1.1999999999999993,0,0"}}