{"Albacete":{"cartodb_id":24,"x_coordinate":142.10526315789474,"y_coordinate":154.3253712121717,"radius":66.88279391107416,"color":["#64B7DE"],"children_json_url":"json/generated_data/municipios/Albacete_paro_normalizado_1997.json","censo_total":279064,"porcentaje_participacion":78.13798985179027,"partido_1":["PP",45.0],"partido_2":["PSOE",37.0],"partido_3":["IU",12.0],"resto_partidos_percent":4,"info":"","parent":["Castilla-La_Mancha"],"parent_url":["json/generated_data/autonomias/paro_normalizado_1997.json"],"parent_results":{"partido_1":["PP",44],"partido_2":["PSOE",39],"partido_3":["IU",8],"otros":["Otros",7]},"evolution":"0,0,0,0,0,0,0,0,0,0,0,0,0,0,0,0,0,0,0,0,0,1.6961538460000005,1.0788461539999998,0.8576923079999998,0.6769230769999997,0.7211538460000004,0.7423076919999998,0.8019230770000001,0.9346153850000003,0.9346153850000003,1.365384615,1.1749999999999998,1.0461538460000002,0.894230769,1.4000000000000004,0,0"},"Ciudad_Real":{"cartodb_id":26,"x_coordinate":110.52631578947368,"y_coordinate":154.3253712121717,"radius":66.01250167927108,"color":["#64B7DE"],"children_json_url":"json/generated_data/municipios/Ciudad_Real_paro_normalizado_1997.json","censo_total":379629,"porcentaje_participacion":76.68750279878513,"partido_1":["PP",43.0],"partido_2":["PSOE",41.0],"partido_3":["IU",8.0],"resto_partidos_percent":6,"info":"","parent":["Castilla-La_Mancha"],"parent_url":["json/generated_data/autonomias/paro_normalizado_1997.json"],"parent_results":{"partido_1":["PP",44],"partido_2":["PSOE",39],"partido_3":["IU",8],"otros":["Otros",7]},"evolution":"0,0,0,0,0,0,0,0,0,0,0,0,0,0,0,0,0,0,0,0,0,1.1961538460000005,1.0788461539999998,1.057692308,0.9769230770000004,1.2211538460000004,1.1423076920000002,1.0019230770000003,0.8346153849999998,0.8346153849999998,0.865384615,0.6749999999999998,0.4461538460000005,0.394230769,0.9000000000000004,0,0"},"Cuenca":{"cartodb_id":27,"x_coordinate":126.3157894736842,"y_coordinate":-18.36668819788939,"radius":69.37248053206378,"color":["#64B7DE"],"children_json_url":"json/generated_data/municipios/Cuenca_paro_normalizado_1997.json","censo_total":167198,"porcentaje_participacion":82.28746755343963,"partido_1":["PP",46.0],"partido_2":["PSOE",41.0],"partido_3":["IU",3.0],"resto_partidos_percent":7,"info":"","parent":["Castilla-La_Mancha"],"parent_url":["json/generated_data/autonomias/paro_normalizado_1997.json"],"parent_results":{"partido_1":["PP",44],"partido_2":["PSOE",39],"partido_3":["IU",8],"otros":["Otros",7]},"evolution":"0,0,0,0,0,0,0,0,0,0,0,0,0,0,0,0,0,0,0,0,0,-1.803846154,-1.6211538460000003,-1.2423076919999998,-0.8230769229999999,-0.6788461539999999,-0.557692308,-0.6980769229999999,-0.865384615,-0.865384615,-0.9346153850000003,-0.9250000000000003,-0.8538461539999997,-1.2057692309999997,-1.3000000000000007,0,0"},"Guadalajara":{"cartodb_id":28,"x_coordinate":184.21052631578948,"y_coordinate":-28.437701754502896,"radius":66.92913891340984,"color":["#64B7DE"],"children_json_url":"json/generated_data/municipios/Guadalajara_paro_normalizado_1997.json","censo_total":124610,"porcentaje_participacion":78.21523152234973,"partido_1":["PP",47.0],"partido_2":["PSOE",31.0],"partido_3":["IU",12.0],"resto_partidos_percent":8,"info":"","parent":["Castilla-La_Mancha"],"parent_url":["json/generated_data/autonomias/paro_normalizado_1997.json"],"parent_results":{"partido_1":["PP",44],"partido_2":["PSOE",39],"partido_3":["IU",8],"otros":["Otros",7]},"evolution":"0,0,0,0,0,0,0,0,0,0,0,0,0,0,0,0,0,0,0,0,0,-1.6038461540000002,-1.4211538460000002,-1.2423076919999998,-1.023076923,-0.9788461539999997,-0.9576923079999999,-1.0980769229999998,-1.1653846149999998,-1.2653846149999999,-1.5346153850000004,-1.8250000000000002,-1.653846154,-1.5057692309999995,-0.6000000000000005,0,0"},"Toledo":{"cartodb_id":29,"x_coordinate":126.3157894736842,"y_coordinate":-88.86378309418393,"radius":68.49988807199611,"color":["#64B7DE"],"children_json_url":"json/generated_data/municipios/Toledo_paro_normalizado_1997.json","censo_total":397577,"porcentaje_participacion":80.8331467866602,"partido_1":["PP",44.0],"partido_2":["PSOE",39.0],"partido_3":["IU",6.0],"resto_partidos_percent":9,"info":"","parent":["Castilla-La_Mancha"],"parent_url":["json/generated_data/autonomias/paro_normalizado_1997.json"],"parent_results":{"partido_1":["PP",44],"partido_2":["PSOE",39],"partido_3":["IU",8],"otros":["Otros",7]},"evolution":"0,0,0,0,0,0,0,0,0,0,0,0,0,0,0,0,0,0,0,0,0,-0.10384615400000019,-0.221153846,-0.2423076919999998,-0.023076923000000082,0.1211538459999999,0.04230769200000006,0.10192307699999992,0.13461538500000003,0.13461538500000003,-0.3346153850000002,-0.4250000000000007,-0.3538461540000002,0.09423076900000016,1.1999999999999993,0,0"}}