{"Albacete":{"cartodb_id":24,"x_coordinate":-160.46511627906978,"y_coordinate":137.93103448597898,"radius":63.400552342243756,"color":["#D94B5F"],"children_json_url":"json/generated_data/municipios/Albacete_paro_normalizado_1999.json","censo_total":287865,"porcentaje_participacion":72.3342539037396,"partido_1":["PSOE",71.0],"partido_2":["PP",58.0],"partido_3":["IU",5.0],"resto_partidos_percent":-35,"info":"","parent":["Castilla-La_Mancha"],"parent_url":["json/generated_data/autonomias/paro_normalizado_1999.json"],"parent_results":{"partido_1":["PSOE",11],"partido_2":["PP",5],"partido_3":["IU",2],"otros":["Otros",80]},"evolution":"0,0,0,0,0,0,0,0,0,0,0,0,0,0,0,0,0,0,0,0,0,1.6961538460000005,1.0788461539999998,0.8576923079999998,0.6769230769999997,0.7211538460000004,0.7423076919999998,0.8019230770000001,0.9346153850000003,0.9346153850000003,1.365384615,1.1749999999999998,1.0461538460000002,0.894230769,1.4000000000000004,0,0"},"Ciudad_Real":{"cartodb_id":26,"x_coordinate":-146.51162790697674,"y_coordinate":154.74137931308218,"radius":64.92079153345827,"color":["#D94B5F"],"children_json_url":"json/generated_data/municipios/Ciudad_Real_paro_normalizado_1999.json","censo_total":362840,"porcentaje_participacion":74.86798588909713,"partido_1":["PSOE",32.0],"partido_2":["PP",22.0],"partido_3":["IU",2.0],"resto_partidos_percent":42,"info":"","parent":["Castilla-La_Mancha"],"parent_url":["json/generated_data/autonomias/paro_normalizado_1999.json"],"parent_results":{"partido_1":["PSOE",11],"partido_2":["PP",5],"partido_3":["IU",2],"otros":["Otros",80]},"evolution":"0,0,0,0,0,0,0,0,0,0,0,0,0,0,0,0,0,0,0,0,0,1.1961538460000005,1.0788461539999998,1.057692308,0.9769230770000004,1.2211538460000004,1.1423076920000002,1.0019230770000003,0.8346153849999998,0.8346153849999998,0.865384615,0.6749999999999998,0.4461538460000005,0.394230769,0.9000000000000004,0,0"},"Cuenca":{"cartodb_id":27,"x_coordinate":-100.0,"y_coordinate":-53.879310350463236,"radius":58.25235286736102,"color":["#D94B5F"],"children_json_url":"json/generated_data/municipios/Cuenca_paro_normalizado_1999.json","censo_total":159380,"porcentaje_participacion":63.753921445601705,"partido_1":["PSOE",34.0],"partido_2":["PP",34.0],"partido_3":["IU",2.0],"resto_partidos_percent":27,"info":"","parent":["Castilla-La_Mancha"],"parent_url":["json/generated_data/autonomias/paro_normalizado_1999.json"],"parent_results":{"partido_1":["PSOE",11],"partido_2":["PP",5],"partido_3":["IU",2],"otros":["Otros",80]},"evolution":"0,0,0,0,0,0,0,0,0,0,0,0,0,0,0,0,0,0,0,0,0,-1.803846154,-1.6211538460000003,-1.2423076919999998,-0.8230769229999999,-0.6788461539999999,-0.557692308,-0.6980769229999999,-0.865384615,-0.865384615,-0.9346153850000003,-0.9250000000000003,-0.8538461539999997,-1.2057692309999997,-1.3000000000000007,0,0"},"Guadalajara":{"cartodb_id":28,"x_coordinate":-104.65116279069767,"y_coordinate":-42.672413799061125,"radius":68.11497393856587,"color":["#D94B5F"],"children_json_url":"json/generated_data/municipios/Guadalajara_paro_normalizado_1999.json","censo_total":118566,"porcentaje_participacion":80.1916232309431,"partido_1":["PSOE",30.0],"partido_2":["PP",29.0],"partido_3":["IU",1.0],"resto_partidos_percent":38,"info":"","parent":["Castilla-La_Mancha"],"parent_url":["json/generated_data/autonomias/paro_normalizado_1999.json"],"parent_results":{"partido_1":["PSOE",11],"partido_2":["PP",5],"partido_3":["IU",2],"otros":["Otros",80]},"evolution":"0,0,0,0,0,0,0,0,0,0,0,0,0,0,0,0,0,0,0,0,0,-1.6038461540000002,-1.4211538460000002,-1.2423076919999998,-1.023076923,-0.9788461539999997,-0.9576923079999999,-1.0980769229999998,-1.1653846149999998,-1.2653846149999999,-1.5346153850000004,-1.8250000000000002,-1.653846154,-1.5057692309999995,-0.6000000000000005,0,0"},"Toledo":{"cartodb_id":29,"x_coordinate":100.0,"y_coordinate":-98.70689655607164,"radius":71.22116672606393,"color":["#64B7DE"],"children_json_url":"json/generated_data/municipios/Toledo_paro_normalizado_1999.json","censo_total":325492,"porcentaje_participacion":85.36861121010655,"partido_1":["PP",31.0],"partido_2":["PSOE",31.0],"partido_3":["IU",3.0],"resto_partidos_percent":33,"info":"","parent":["Castilla-La_Mancha"],"parent_url":["json/generated_data/autonomias/paro_normalizado_1999.json"],"parent_results":{"partido_1":["PSOE",11],"partido_2":["PP",5],"partido_3":["IU",2],"otros":["Otros",80]},"evolution":"0,0,0,0,0,0,0,0,0,0,0,0,0,0,0,0,0,0,0,0,0,-0.10384615400000019,-0.221153846,-0.2423076919999998,-0.023076923000000082,0.1211538459999999,0.04230769200000006,0.10192307699999992,0.13461538500000003,0.13461538500000003,-0.3346153850000002,-0.4250000000000007,-0.3538461540000002,0.09423076900000016,1.1999999999999993,0,0"}}