{"Burgos":{"cartodb_id":16,"x_coordinate":157.14285714285714,"y_coordinate":-53.846153846153825,"radius":61.00827508636619,"color":["#64B7DE"],"children_json_url":"json/generated_data/municipios/Burgos_paro_normalizado_2009.json","censo_total":298728,"porcentaje_participacion":68.34712514394366,"partido_1":["PP",46.0],"partido_2":["PSOE",32.0],"partido_3":["SI",3.0],"resto_partidos_percent":16,"info":"","parent":["Castilla_y_León"],"parent_url":["json/generated_data/autonomias/paro_normalizado_2009.json"],"parent_results":{"partido_1":["PP",46],"partido_2":["PSOE",36],"partido_3":["IU",2],"otros":["Otros",14]},"evolution":"0,0,0,0,0,0,0,0,0,0,0,0,0,0,0,0,0,0,0,0,0,-1.1038461540000002,-0.8211538460000005,-0.7423076919999998,-0.22307692299999982,-0.278846154,-0.2576923080000002,-0.4980769229999997,-0.5653846149999997,-0.7653846149999999,-1.3346153850000002,-1.3250000000000002,-1.3538461539999997,-1.6057692309999996,-1.6000000000000005,0,0"},"Segovia":{"cartodb_id":9,"x_coordinate":144.89795918367346,"y_coordinate":-22.1153846153846,"radius":65.5257958637392,"color":["#64B7DE"],"children_json_url":"json/generated_data/municipios/Segovia_paro_normalizado_2009.json","censo_total":125524,"porcentaje_participacion":75.87632643956535,"partido_1":["PP",48.0],"partido_2":["PSOE",37.0],"partido_3":["IU",3.0],"resto_partidos_percent":10,"info":"","parent":["Castilla_y_León"],"parent_url":["json/generated_data/autonomias/paro_normalizado_2009.json"],"parent_results":{"partido_1":["PP",46],"partido_2":["PSOE",36],"partido_3":["IU",2],"otros":["Otros",14]},"evolution":"0,0,0,0,0,0,0,0,0,0,0,0,0,0,0,0,0,0,0,0,0,-1.903846154,-1.4211538460000002,-1.3423076919999999,-1.2230769229999998,-0.8788461540000001,-1.057692308,-1.198076923,-1.465384615,-1.5653846149999997,-1.9346153850000003,-2.1250000000000004,-2.153846154,-2.1057692309999996,-2.7,0,0"},"Ávila":{"cartodb_id":15,"x_coordinate":197.9591836734694,"y_coordinate":-82.69230769230768,"radius":65.25504771052138,"color":["#64B7DE"],"children_json_url":"json/generated_data/municipios/Ávila_paro_normalizado_2009.json","censo_total":143679,"porcentaje_participacion":75.42507951753562,"partido_1":["PP",54.0],"partido_2":["PSOE",30.0],"partido_3":["IU",4.0],"resto_partidos_percent":9,"info":"","parent":["Castilla_y_León"],"parent_url":["json/generated_data/autonomias/paro_normalizado_2009.json"],"parent_results":{"partido_1":["PP",46],"partido_2":["PSOE",36],"partido_3":["IU",2],"otros":["Otros",14]},"evolution":"0,0,0,0,0,0,0,0,0,0,0,0,0,0,0,0,0,0,0,0,0,-0.5038461539999997,-0.3211538460000005,-0.34230769200000033,-0.12307692300000017,-0.17884615399999992,-0.15769230800000011,-0.3980769230000001,-0.46538461500000006,-0.46538461500000006,-0.6346153850000005,-0.6250000000000004,-0.45384615399999984,-0.3057692309999993,-0.6000000000000005,0,0"},"León":{"cartodb_id":18,"x_coordinate":-104.08163265306122,"y_coordinate":-76.9230769230769,"radius":61.22550722268761,"color":["#D94B5F"],"children_json_url":"json/generated_data/municipios/León_paro_normalizado_2009.json","censo_total":440487,"porcentaje_participacion":68.70917870447936,"partido_1":["PSOE",39.0],"partido_2":["PP",38.0],"partido_3":["UPL",9.0],"resto_partidos_percent":13,"info":"","parent":["Castilla_y_León"],"parent_url":["json/generated_data/autonomias/paro_normalizado_2009.json"],"parent_results":{"partido_1":["PP",46],"partido_2":["PSOE",36],"partido_3":["IU",2],"otros":["Otros",14]},"evolution":"0,0,0,0,0,0,0,0,0,0,0,0,0,0,0,0,0,0,0,0,0,-0.903846154,-0.721153846,-0.442307692,-0.023076923000000082,0.021153846000000254,-0.057692308000000025,-0.09807692299999982,-0.1653846149999998,-0.0653846149999997,0.1653846149999998,0.27499999999999947,0.046153846000000165,-0.3057692309999993,-0.8000000000000007,0,0"},"Palencia":{"cartodb_id":19,"x_coordinate":124.48979591836735,"y_coordinate":-62.49999999999997,"radius":63.574177735086614,"color":["#64B7DE"],"children_json_url":"json/generated_data/municipios/Palencia_paro_normalizado_2009.json","censo_total":150955,"porcentaje_participacion":72.62362955847769,"partido_1":["PP",45.0],"partido_2":["PSOE",39.0],"partido_3":["IU",3.0],"resto_partidos_percent":11,"info":"","parent":["Castilla_y_León"],"parent_url":["json/generated_data/autonomias/paro_normalizado_2009.json"],"parent_results":{"partido_1":["PP",46],"partido_2":["PSOE",36],"partido_3":["IU",2],"otros":["Otros",14]},"evolution":"0,0,0,0,0,0,0,0,0,0,0,0,0,0,0,0,0,0,0,0,0,0.3961538459999998,0.6788461539999995,0.6576923079999997,0.8769230769999998,0.7211538460000004,0.6423076920000002,0.40192307699999974,0.23461538500000012,0.23461538500000012,-0.13461538500000003,-0.22500000000000053,-0.3538461540000002,-0.605769231,-1.3000000000000007,0,0"},"Salamanca":{"cartodb_id":20,"x_coordinate":144.89795918367346,"y_coordinate":-94.23076923076923,"radius":61.223370228933646,"color":["#64B7DE"],"children_json_url":"json/generated_data/municipios/Salamanca_paro_normalizado_2009.json","censo_total":309522,"porcentaje_participacion":68.70561704822275,"partido_1":["PP",49.0],"partido_2":["PSOE",38.0],"partido_3":["UPSA",4.0],"resto_partidos_percent":8,"info":"","parent":["Castilla_y_León"],"parent_url":["json/generated_data/autonomias/paro_normalizado_2009.json"],"parent_results":{"partido_1":["PP",46],"partido_2":["PSOE",36],"partido_3":["IU",2],"otros":["Otros",14]},"evolution":"0,0,0,0,0,0,0,0,0,0,0,0,0,0,0,0,0,0,0,0,0,0.596153846,0.6788461539999995,0.7576923080000002,0.7769230770000002,1.121153846,0.7423076919999998,0.7019230770000005,0.5346153849999999,0.8346153849999998,0.6653846149999998,0.5749999999999993,0.5461538460000002,0.1942307690000007,-0.20000000000000018,0,0"},"Soria":{"cartodb_id":21,"x_coordinate":148.9795918367347,"y_coordinate":-4.807692307692278,"radius":61.70923607612108,"color":["#64B7DE"],"children_json_url":"json/generated_data/municipios/Soria_paro_normalizado_2009.json","censo_total":77403,"porcentaje_participacion":69.5153934602018,"partido_1":["PP",48.0],"partido_2":["PSOE",36.0],"partido_3":["IDES",6.0],"resto_partidos_percent":8,"info":"","parent":["Castilla_y_León"],"parent_url":["json/generated_data/autonomias/paro_normalizado_2009.json"],"parent_results":{"partido_1":["PP",46],"partido_2":["PSOE",36],"partido_3":["IU",2],"otros":["Otros",14]},"evolution":"0,0,0,0,0,0,0,0,0,0,0,0,0,0,0,0,0,0,0,0,0,-2.6038461539999997,-2.0211538460000003,-1.942307692,-1.523076923,-1.678846154,-1.557692308,-1.4980769229999997,-1.7653846149999999,-1.6653846149999998,-2.0346153850000004,-2.1250000000000004,-2.153846154,-2.7057692309999997,-3.3000000000000007,0,0"},"Valladolid":{"cartodb_id":22,"x_coordinate":132.6530612244898,"y_coordinate":-85.57692307692308,"radius":62.92750073659399,"color":["#64B7DE"],"children_json_url":"json/generated_data/municipios/Valladolid_paro_normalizado_2009.json","censo_total":434432,"porcentaje_participacion":71.54583456098999,"partido_1":["PP",46.0],"partido_2":["PSOE",38.0],"partido_3":["IU",4.0],"resto_partidos_percent":10,"info":"","parent":["Castilla_y_León"],"parent_url":["json/generated_data/autonomias/paro_normalizado_2009.json"],"parent_results":{"partido_1":["PP",46],"partido_2":["PSOE",36],"partido_3":["IU",2],"otros":["Otros",14]},"evolution":"0,0,0,0,0,0,0,0,0,0,0,0,0,0,0,0,0,0,0,0,0,0.596153846,0.5788461539999998,0.35769230799999985,0.6769230769999997,0.9211538459999997,0.8423076920000003,0.8019230770000001,0.6346153850000005,0.4346153850000003,0.06538461499999926,-0.025000000000000355,-0.05384615399999948,-0.3057692309999993,-0.5,0,0"},"Zamora":{"cartodb_id":23,"x_coordinate":169.3877551020408,"y_coordinate":-74.03846153846152,"radius":62.55018587360595,"color":["#64B7DE"],"children_json_url":"json/generated_data/municipios/Zamora_paro_normalizado_2009.json","censo_total":177540,"porcentaje_participacion":70.91697645600992,"partido_1":["PP",49.0],"partido_2":["PSOE",32.0],"partido_3":["IU",5.0],"resto_partidos_percent":13,"info":"","parent":["Castilla_y_León"],