{"Burgos":{"cartodb_id":16,"x_coordinate":161.53846153846155,"y_coordinate":-68.9873417976108,"radius":43.25016910146866,"color":["#64B7DE"],"children_json_url":"json/generated_data/municipios/Burgos_paro_normalizado_2003.json","censo_total":257242,"porcentaje_participacion":38.750281835781095,"partido_1":["PP",21.0],"partido_2":["PSOE",9.0],"partido_3":["TC-PNC",1.0],"resto_partidos_percent":66,"info":"","parent":["Castilla_y_León"],"parent_url":["json/generated_data/autonomias/paro_normalizado_2003.json"],"parent_results":{"partido_1":["PSOE",5],"partido_2":["PP",3],"partido_3":["IU",2],"otros":["Otros",88]},"evolution":"-1.1038461540000002,-0.8211538460000005,-0.7423076919999998,-0.22307692299999982,-0.278846154,-0.2576923080000002,-0.4980769229999997,-0.5653846149999997,-0.7653846149999999,-1.3346153850000002,-1.3250000000000002,-1.3538461539999997,-1.6057692309999996,-1.6000000000000005"},"Segovia":{"cartodb_id":9,"x_coordinate":161.53846153846155,"y_coordinate":-19.620253196959183,"radius":70.15339113821736,"color":["#64B7DE"],"children_json_url":"json/generated_data/municipios/Segovia_paro_normalizado_2003.json","censo_total":108872,"porcentaje_participacion":83.58898523036225,"partido_1":["PP",31.0],"partido_2":["PSOE",19.0],"partido_3":["IU",1.0],"resto_partidos_percent":47,"info":"","parent":["Castilla_y_León"],"parent_url":["json/generated_data/autonomias/paro_normalizado_2003.json"],"parent_results":{"partido_1":["PSOE",5],"partido_2":["PP",3],"partido_3":["IU",2],"otros":["Otros",88]},"evolution":"-1.903846154,-1.4211538460000002,-1.3423076919999999,-1.2230769229999998,-0.8788461540000001,-1.057692308,-1.198076923,-1.465384615,-1.5653846149999997,-1.9346153850000003,-2.1250000000000004,-2.153846154,-2.1057692309999996,-2.7"},"Ávila":{"cartodb_id":15,"x_coordinate":197.43589743589743,"y_coordinate":-74.47257386434985,"radius":65.54482006047242,"color":["#64B7DE"],"children_json_url":"json/generated_data/municipios/Ávila_paro_normalizado_2003.json","censo_total":131961,"porcentaje_participacion":75.9080334341207,"partido_1":["PP",38.0],"partido_2":["PSOE",19.0],"partido_3":["IU",2.0],"resto_partidos_percent":38,"info":"","parent":["Castilla_y_León"],"parent_url":["json/generated_data/autonomias/paro_normalizado_2003.json"],"parent_results":{"partido_1":["PSOE",5],"partido_2":["PP",3],"partido_3":["IU",2],"otros":["Otros",88]},"evolution":"-0.5038461539999997,-0.3211538460000005,-0.34230769200000033,-0.12307692300000017,-0.17884615399999992,-0.15769230800000011,-0.3980769230000001,-0.46538461500000006,-0.46538461500000006,-0.6346153850000005,-0.6250000000000004,-0.45384615399999984,-0.3057692309999993,-0.6000000000000005"},"León":{"cartodb_id":18,"x_coordinate":-115.38461538461539,"y_coordinate":-90.92827006456706,"radius":61.551461013959084,"color":["#D94B5F"],"children_json_url":"json/generated_data/municipios/León_paro_normalizado_2003.json","censo_total":428538,"porcentaje_participacion":69.25243502326515,"partido_1":["PSOE",22.0],"partido_2":["PP",19.0],"partido_3":["UPL",4.0],"resto_partidos_percent":53,"info":"","parent":["Castilla_y_León"],"parent_url":["json/generated_data/autonomias/paro_normalizado_2003.json"],"parent_results":{"partido_1":["PSOE",5],"partido_2":["PP",3],"partido_3":["IU",2],"otros":["Otros",88]},"evolution":"-0.903846154,-0.721153846,-0.442307692,-0.023076923000000082,0.021153846000000254,-0.057692308000000025,-0.09807692299999982,-0.1653846149999998,-0.0653846149999997,0.1653846149999998,0.27499999999999947,0.046153846000000165,-0.3057692309999993,-0.8000000000000007"},"Palencia":{"cartodb_id":19,"x_coordinate":161.53846153846155,"y_coordinate":112.86919833152332,"radius":66.93452990849028,"color":["#64B7DE"],"children_json_url":"json/generated_data/municipios/Palencia_paro_normalizado_2003.json","censo_total":141515,"porcentaje_participacion":78.22421651415044,"partido_1":["PP",25.0],"partido_2":["PSOE",13.0],"partido_3":["TC-PNC",1.0],"resto_partidos_percent":59,"info":"","parent":["Castilla_y_León"],"parent_url":["json/generated_data/autonomias/paro_normalizado_2003.json"],"parent_results":{"partido_1":["PSOE",5],"partido_2":["PP",3],"partido_3":["IU",2],"otros":["Otros",88]},"evolution":"0.3961538459999998,0.6788461539999995,0.6576923079999997,0.8769230769999998,0.7211538460000004,0.6423076920000002,0.40192307699999974,0.23461538500000012,0.23461538500000012,-0.13461538500000003,-0.22500000000000053,-0.3538461540000002,-0.605769231,-1.3000000000000007"},"Salamanca":{"cartodb_id":20,"x_coordinate":146.15384615384616,"y_coordinate":129.3248945317405,"radius":60.52142043484721,"color":["#64B7DE"],"children_json_url":"json/generated_data/municipios/Salamanca_paro_normalizado_2003.json","censo_total":302865,"porcentaje_participacion":67.53570072474535,"partido_1":["PP",28.0],"partido_2":["PSOE",19.0],"partido_3":["UPSA",1.0],"resto_partidos_percent":50,"info":"","parent":["Castilla_y_León"],"parent_url":["json/generated_data/autonomias/paro_normalizado_2003.json"],"parent_results":{"partido_1":["PSOE",5],"partido_2":["PP",3],"partido_3":["IU",2],"otros":["Otros",88]},"evolution":"0.596153846,0.6788461539999995,0.7576923080000002,0.7769230770000002,1.121153846,0.7423076919999998,0.7019230770000005,0.5346153849999999,0.8346153849999998,0.6653846149999998,0.5749999999999993,0.5461538460000002,0.1942307690000007,-0.20000000000000018"},"Soria":{"cartodb_id":21,"x_coordinate":248.71794871794873,"y_coordinate":-3.164556996741979,"radius":62.438684786865274,"color":["#5AB0E9"],"children_json_url":"json/generated_data/municipios/Soria_paro_normalizado_2003.json","censo_total":68947,"porcentaje_participacion":70.73114131144213,"partido_1":["PP",48.0],"partido_2":["PSOE",19.0],"partido_3":["I.DE.S.",2.0],"resto_partidos_percent":28,"info":"","parent":["Castilla_y_León"],"parent_url":["json/generated_data/autonomias/paro_normalizado_2003.json"],"parent_results":{"partido_1":["PSOE",5],"partido_2":["PP",3],"partido_3":["IU",2],"otros":["Otros",88]},"evolution":"-2.6038461539999997,-2.0211538460000003,-1.942307692,-1.523076923,-1.678846154,-1.557692308,-1.4980769229999997,-1.7653846149999999,-1.6653846149999998,-2.0346153850000004,-2.1250000000000004,-2.153846154,-2.7057692309999997,-3.3000000000000007"},"Valladolid":{"cartodb_id":22,"x_coordinate":120.51282051282051,"y_coordinate":134.8101265984796,"radius":63.4943415450675,"color":["#64B7DE"],"children_json_url":"json/generated_data/municipios/Valladolid_paro_normalizado_2003.json","censo_total":412215,"porcentaje_participacion":72.49056924177917,"partido_1":["PP",12.0],"partido_2":["PSOE",8.0],"partido_3":["IU",1.0],"resto_partidos_percent":77,"info":"","parent":["Castilla_y_León"],"parent_url":["json/generated_data/autonomias/paro_normalizado_2003.json"],"parent_results":{"partido_1":["PSOE",5],"partido_2":["PP",3],"partido_3":["IU",2],"otros":["Otros",88]},"evolution":"0.596153846,0.5788461539999998,0.35769230799999985,0.6769230769999997,0.9211538459999997,0.8423076920000003,0.8019230770000001,0.6346153850000005,0.4346153850000003,0.06538461499999926,-0.025000000000000355,-0.05384615399999948,-0.3057692309999993,-0.5"},"Zamora":{"cartodb_id":23,"x_coordinate":166.66666666666669,"y_coordinate":118.35443039826237,"radius":80,"color":["#64B7DE"],"children_json_url":"json/generated_data/municipios/Zamora_paro_normalizado_2003.json","censo_total":122927,"porcentaje_participacion":108.71411488118964,"partido_1":["PP",32.0],"partido_2":["PSOE",19.0],"partido_3":["UPL",2.0],"resto_partidos_percent":45,"info":"","parent":["Castilla_y_León"],"parent_url":["json/generated_data/autonomias/paro_normalizado_2003.json"],"parent_results":{"partido_1":["PSOE",5],"partido_2":["PP",3],"partido_3":["IU",2],"otros":["Otros",88]},