{"Barcelona":{"cartodb_id":30,"x_coordinate":-125.64102564102564,"y_coordinate":-63.50210973087172,"radius":57.007194417358534,"color":["#D94B5F"],"children_json_url":"json/generated_data/municipios/Barcelona_paro_normalizado_2003.json","censo_total":3498129,"porcentaje_participacion":61.678657362264225,"partido_1":["PSOE",12.0],"partido_2":["CIU",7.0],"partido_3":["ICV-EPM",3.0],"resto_partidos_percent":76,"info":"","parent":["Catalu単a"],"parent_url":["json/generated_data/autonomias/paro_normalizado_2003.json"],"parent_results":{"partido_1":["PP",1],"partido_2":["PSOE",1],"partido_3":["BLOC-EV",0],"otros":["Otros",97]},"evolution":"0,0,0,0,0,0,0,0,0,0,0,0,0,0,0,0,0,0,0,0,0,-0.6038461540000002,-0.6211538460000003,-0.8423076919999999,-0.923076923,-0.9788461539999997,-0.7576923080000002,-0.5980769229999998,-0.6653846149999998,-0.6653846149999998,-0.7346153850000006,-0.7250000000000005,-0.8538461539999997,-0.8057692309999993,-0.6000000000000005,0,0"},"Girona":{"cartodb_id":31,"x_coordinate":176.9230769230769,"y_coordinate":-3.164556996741979,"radius":61.15655860028609,"color":["#EC7B37","#003F7F"],"children_json_url":"json/generated_data/municipios/Girona_paro_normalizado_2003.json","censo_total":420143,"porcentaje_participacion":68.59426433381014,"partido_1":["CIU",26.0],"partido_2":["PSOE",11.0],"partido_3":["ERC-AM",10.0],"resto_partidos_percent":51,"info":"","parent":["Catalu単a"],"parent_url":["json/generated_data/autonomias/paro_normalizado_2003.json"],"parent_results":{"partido_1":["PP",1],"partido_2":["PSOE",1],"partido_3":["BLOC-EV",0],"otros":["Otros",97]},"evolution":"0,0,0,0,0,0,0,0,0,0,0,0,0,0,0,0,0,0,0,0,0,-1.3038461539999995,-1.9211538460000002,-2.042307692,-1.923076923,-1.778846154,-1.6576923080000001,-1.698076923,-1.7653846149999999,-1.7653846149999999,-1.8346153850000002,-1.7250000000000005,-1.7538461539999997,-1.5057692309999995,-1.6000000000000005,0,0"},"Lleida":{"cartodb_id":32,"x_coordinate":146.15384615384616,"y_coordinate":2.320675069997094,"radius":50.08209341866184,"color":["#EC7B37","#003F7F"],"children_json_url":"json/generated_data/municipios/Lleida_paro_normalizado_2003.json","censo_total":274078,"porcentaje_participacion":50.136822364436405,"partido_1":["CIU",23.0],"partido_2":["PSOE",14.0],"partido_3":["ERC-AM",11.0],"resto_partidos_percent":50,"info":"","parent":["Catalu単a"],"parent_url":["json/generated_data/autonomias/paro_normalizado_2003.json"],"parent_results":{"partido_1":["PP",1],"partido_2":["PSOE",1],"partido_3":["BLOC-EV",0],"otros":["Otros",97]},"evolution":"0,0,0,0,0,0,0,0,0,0,0,0,0,0,0,0,0,0,0,0,0,-3.203846154,-2.821153846,-2.542307692,-2.223076923,-2.078846154,-1.857692308,-1.8980769229999999,-1.865384615,-1.9653846149999998,-2.1346153850000005,-2.2250000000000005,-2.153846154,-2.1057692309999996,-2.4000000000000004,0,0"},"Tarragona":{"cartodb_id":33,"x_coordinate":151.28205128205127,"y_coordinate":-25.10548526369824,"radius":60.13352529718298,"color":["#EC7B37","#003F7F"],"children_json_url":"json/generated_data/municipios/Tarragona_paro_normalizado_2003.json","censo_total":470922,"porcentaje_participacion":66.88920882863829,"partido_1":["CIU",29.0],"partido_2":["PSOE",19.0],"partido_3":["ERC-AM",7.0],"resto_partidos_percent":42,"info":"","parent":["Catalu単a"],"parent_url":["json/generated_data/autonomias/paro_normalizado_2003.json"],"parent_results":{"partido_1":["PP",1],"partido_2":["PSOE",1],"partido_3":["BLOC-EV",0],"otros":["Otros",97]},"evolution":"0,0,0,0,0,0,0,0,0,0,0,0,0,0,0,0,0,0,0,0,0,-0.903846154,-1.4211538460000002,-1.542307692,-1.6230769230000002,-1.678846154,-1.557692308,-1.298076923,-1.365384615,-1.365384615,-1.4346153850000003,-1.4250000000000003,-1.4538461539999998,-1.105769231,-0.9000000000000004,0,0"}}