{"Barcelona":{"cartodb_id":30,"x_coordinate":-153.0612244897959,"y_coordinate":-81.94484343000099,"radius":50.7553305099523,"color":["#D94B5F"],"children_json_url":"json/generated_data/municipios/Barcelona_paro_normalizado_2008.json","censo_total":4008669,"porcentaje_participacion":51.25888418325384,"partido_1":["PSOE",33.0],"partido_2":["CIU",20.0],"partido_3":["PP",8.0],"resto_partidos_percent":37,"info":"","parent":["Catalu単a"],"parent_url":["json/generated_data/autonomias/paro_normalizado_2008.json"],"parent_results":{"partido_1":["PSOE",31],"partido_2":["CIU",24],"partido_3":["PP",6],"otros":["Otros",36]},"evolution":"0,0,0,0,0,0,0,0,0,0,0,0,0,0,0,0,0,0,0,0,0,-0.6038461540000002,-0.6211538460000003,-0.8423076919999999,-0.923076923,-0.9788461539999997,-0.7576923080000002,-0.5980769229999998,-0.6653846149999998,-0.6653846149999998,-0.7346153850000006,-0.7250000000000005,-0.8538461539999997,-0.8057692309999993,-0.6000000000000005,0,0"},"Girona":{"cartodb_id":31,"x_coordinate":128.57142857142858,"y_coordinate":-66.25969548346774,"radius":56.516990512172775,"color":["#EC7B37","#003F7F"],"children_json_url":"json/generated_data/municipios/Girona_paro_normalizado_2008.json","censo_total":494423,"porcentaje_participacion":60.8616508536213,"partido_1":["CIU",32.0],"partido_2":["PSOE",25.0],"partido_3":["ESQUERRA-AM",16.0],"resto_partidos_percent":25,"info":"","parent":["Catalu単a"],"parent_url":["json/generated_data/autonomias/paro_normalizado_2008.json"],"parent_results":{"partido_1":["PSOE",31],"partido_2":["CIU",24],"partido_3":["PP",6],"otros":["Otros",36]},"evolution":"0,0,0,0,0,0,0,0,0,0,0,0,0,0,0,0,0,0,0,0,0,-1.3038461539999995,-1.9211538460000002,-2.042307692,-1.923076923,-1.778846154,-1.6576923080000001,-1.698076923,-1.7653846149999999,-1.7653846149999999,-1.8346153850000002,-1.7250000000000005,-1.7538461539999997,-1.5057692309999995,-1.6000000000000005,0,0"},"Lleida":{"cartodb_id":32,"x_coordinate":108.16326530612245,"y_coordinate":-52.815282957867815,"radius":58.57448870301423,"color":["#EC7B37","#003F7F"],"children_json_url":"json/generated_data/municipios/Lleida_paro_normalizado_2008.json","censo_total":313712,"porcentaje_participacion":64.29081450502372,"partido_1":["CIU",32.0],"partido_2":["PSOE",30.0],"partido_3":["ESQUERRA-AM",14.0],"resto_partidos_percent":22,"info":"","parent":["Catalu単a"],"parent_url":["json/generated_data/autonomias/paro_normalizado_2008.json"],"parent_results":{"partido_1":["PSOE",31],"partido_2":["CIU",24],"partido_3":["PP",6],"otros":["Otros",36]},"evolution":"0,0,0,0,0,0,0,0,0,0,0,0,0,0,0,0,0,0,0,0,0,-3.203846154,-2.821153846,-2.542307692,-2.223076923,-2.078846154,-1.857692308,-1.8980769229999999,-1.865384615,-1.9653846149999998,-2.1346153850000005,-2.2250000000000005,-2.153846154,-2.1057692309999996,-2.4000000000000004,0,0"},"Tarragona":{"cartodb_id":33,"x_coordinate":104.08163265306122,"y_coordinate":-75.22263716720101,"radius":56.375729813749885,"color":["#EC7B37","#003F7F"],"children_json_url":"json/generated_data/municipios/Tarragona_paro_normalizado_2008.json","censo_total":546201,"porcentaje_participacion":60.626216356249806,"partido_1":["CIU",31.0],"partido_2":["PSOE",30.0],"partido_3":["ESQUERRA-AM",10.0],"resto_partidos_percent":28,"info":"","parent":["Catalu単a"],"parent_url":["json/generated_data/autonomias/paro_normalizado_2008.json"],"parent_results":{"partido_1":["PSOE",31],"partido_2":["CIU",24],"partido_3":["PP",6],"otros":["Otros",36]},"evolution":"0,0,0,0,0,0,0,0,0,0,0,0,0,0,0,0,0,0,0,0,0,-0.903846154,-1.4211538460000002,-1.542307692,-1.6230769230000002,-1.678846154,-1.557692308,-1.298076923,-1.365384615,-1.365384615,-1.4346153850000003,-1.4250000000000003,-1.4538461539999998,-1.105769231,-0.9000000000000004,0,0"}}