{"Barcelona":{"cartodb_id":30,"x_coordinate":-169.23076923076923,"y_coordinate":-63.50210973087172,"radius":55.72033094395714,"color":["#D94B5F"],"children_json_url":"json/generated_data/municipios/Barcelona_paro_normalizado_2004.json","censo_total":4016390,"porcentaje_participacion":59.533884906595226,"partido_1":["PSOE",36.0],"partido_2":["CIU",18.0],"partido_3":["PP",8.0],"resto_partidos_percent":36,"info":"","parent":["Catalu単a"],"parent_url":["json/generated_data/autonomias/paro_normalizado_2004.json"],"parent_results":{"partido_1":["PSOE",33],"partido_2":["CIU",22],"partido_3":["PP",7],"otros":["Otros",35]},"evolution":"0,0,0,0,0,0,0,0,0,0,0,0,0,0,0,0,0,0,0,0,0,-0.6038461540000002,-0.6211538460000003,-0.8423076919999999,-0.923076923,-0.9788461539999997,-0.7576923080000002,-0.5980769229999998,-0.6653846149999998,-0.6653846149999998,-0.7346153850000006,-0.7250000000000005,-0.8538461539999997,-0.8057692309999993,-0.6000000000000005,0,0"},"Girona":{"cartodb_id":31,"x_coordinate":130.76923076923077,"y_coordinate":-3.164556996741979,"radius":60.12183644702606,"color":["#EC7B37","#003F7F"],"children_json_url":"json/generated_data/municipios/Girona_paro_normalizado_2004.json","censo_total":469646,"porcentaje_participacion":66.8697274117101,"partido_1":["CIU",34.0],"partido_2":["PSOE",26.0],"partido_3":["ERC-AM",14.0],"resto_partidos_percent":23,"info":"","parent":["Catalu単a"],"parent_url":["json/generated_data/autonomias/paro_normalizado_2004.json"],"parent_results":{"partido_1":["PSOE",33],"partido_2":["CIU",22],"partido_3":["PP",7],"otros":["Otros",35]},"evolution":"0,0,0,0,0,0,0,0,0,0,0,0,0,0,0,0,0,0,0,0,0,-1.3038461539999995,-1.9211538460000002,-2.042307692,-1.923076923,-1.778846154,-1.6576923080000001,-1.698076923,-1.7653846149999999,-1.7653846149999999,-1.8346153850000002,-1.7250000000000005,-1.7538461539999997,-1.5057692309999995,-1.6000000000000005,0,0"},"Lleida":{"cartodb_id":32,"x_coordinate":138.46153846153845,"y_coordinate":7.8059071367361526,"radius":61.70270967741936,"color":["#EC7B37","#003F7F"],"children_json_url":"json/generated_data/municipios/Lleida_paro_normalizado_2004.json","censo_total":310000,"porcentaje_participacion":69.50451612903225,"partido_1":["CIU",36.0],"partido_2":["PSOE",26.0],"partido_3":["ERC-AM",12.0],"resto_partidos_percent":24,"info":"","parent":["Catalu単a"],"parent_url":["json/generated_data/autonomias/paro_normalizado_2004.json"],"parent_results":{"partido_1":["PSOE",33],"partido_2":["CIU",22],"partido_3":["PP",7],"otros":["Otros",35]},"evolution":"0,0,0,0,0,0,0,0,0,0,0,0,0,0,0,0,0,0,0,0,0,-3.203846154,-2.821153846,-2.542307692,-2.223076923,-2.078846154,-1.857692308,-1.8980769229999999,-1.865384615,-1.9653846149999998,-2.1346153850000005,-2.2250000000000005,-2.153846154,-2.1057692309999996,-2.4000000000000004,0,0"},"Tarragona":{"cartodb_id":33,"x_coordinate":111.53846153846153,"y_coordinate":-25.10548526369824,"radius":60.12293024119101,"color":["#EC7B37","#003F7F"],"children_json_url":"json/generated_data/municipios/Tarragona_paro_normalizado_2004.json","censo_total":511835,"porcentaje_participacion":66.87155040198502,"partido_1":["CIU",31.0],"partido_2":["PSOE",28.0],"partido_3":["ERC-AM",7.0],"resto_partidos_percent":31,"info":"","parent":["Catalu単a"],"parent_url":["json/generated_data/autonomias/paro_normalizado_2004.json"],"parent_results":{"partido_1":["PSOE",33],"partido_2":["CIU",22],"partido_3":["PP",7],"otros":["Otros",35]},"evolution":"0,0,0,0,0,0,0,0,0,0,0,0,0,0,0,0,0,0,0,0,0,-0.903846154,-1.4211538460000002,-1.542307692,-1.6230769230000002,-1.678846154,-1.557692308,-1.298076923,-1.365384615,-1.365384615,-1.4346153850000003,-1.4250000000000003,-1.4538461539999998,-1.105769231,-0.9000000000000004,0,0"}}