{"Barcelona":{"cartodb_id":30,"x_coordinate":-152.6315789473684,"y_coordinate":-69.76893452219608,"radius":58.20675910238954,"color":["#D94B5F"],"children_json_url":"json/generated_data/municipios/Barcelona_paro_normalizado_1996.json","censo_total":3848440,"porcentaje_participacion":63.6779318373159,"partido_1":["PSOE",35.0],"partido_2":["CIU",25.0],"partido_3":["PP",9.0],"resto_partidos_percent":29,"info":"","parent":["Catalu単a"],"parent_url":["json/generated_data/autonomias/paro_normalizado_1996.json"],"parent_results":{"partido_1":["PSOE",32],"partido_2":["CIU",29],"partido_3":["PP",9],"otros":["Otros",28]},"evolution":"0,0,0,0,0,0,0,0,0,0,0,0,0,0,0,0,0,0,0,0,0,-0.6038461540000002,-0.6211538460000003,-0.8423076919999999,-0.923076923,-0.9788461539999997,-0.7576923080000002,-0.5980769229999998,-0.6653846149999998,-0.6653846149999998,-0.7346153850000006,-0.7250000000000005,-0.8538461539999997,-0.8057692309999993,-0.6000000000000005,0,0"},"Girona":{"cartodb_id":31,"x_coordinate":178.94736842105263,"y_coordinate":-34.72400512373423,"radius":60.55686570673354,"color":["#EC7B37","#003F7F"],"children_json_url":"json/generated_data/municipios/Girona_paro_normalizado_1996.json","censo_total":421071,"porcentaje_participacion":67.59477617788924,"partido_1":["CIU",41.0],"partido_2":["PSOE",26.0],"partido_3":["INDEP",8.0],"resto_partidos_percent":24,"info":"","parent":["Catalu単a"],"parent_url":["json/generated_data/autonomias/paro_normalizado_1996.json"],"parent_results":{"partido_1":["PSOE",32],"partido_2":["CIU",29],"partido_3":["PP",9],"otros":["Otros",28]},"evolution":"0,0,0,0,0,0,0,0,0,0,0,0,0,0,0,0,0,0,0,0,0,-1.3038461539999995,-1.9211538460000002,-2.042307692,-1.923076923,-1.778846154,-1.6576923080000001,-1.698076923,-1.7653846149999999,-1.7653846149999999,-1.8346153850000002,-1.7250000000000005,-1.7538461539999997,-1.5057692309999995,-1.6000000000000005,0,0"},"Lleida":{"cartodb_id":32,"x_coordinate":157.89473684210526,"y_coordinate":60.397946100662296,"radius":61.445200567035826,"color":["#EC7B37","#003F7F"],"children_json_url":"json/generated_data/municipios/Lleida_paro_normalizado_1996.json","censo_total":296983,"porcentaje_participacion":69.07533427839304,"partido_1":["CIU",38.0],"partido_2":["PSOE",27.0],"partido_3":["PP",9.0],"resto_partidos_percent":25,"info":"","parent":["Catalu単a"],"parent_url":["json/generated_data/autonomias/paro_normalizado_1996.json"],"parent_results":{"partido_1":["PSOE",32],"partido_2":["CIU",29],"partido_3":["PP",9],"otros":["Otros",28]},"evolution":"0,0,0,0,0,0,0,0,0,0,0,0,0,0,0,0,0,0,0,0,0,-3.203846154,-2.821153846,-2.542307692,-2.223076923,-2.078846154,-1.857692308,-1.8980769229999999,-1.865384615,-1.9653846149999998,-2.1346153850000005,-2.2250000000000005,-2.153846154,-2.1057692309999996,-2.4000000000000004,0,0"},"Tarragona":{"cartodb_id":33,"x_coordinate":189.4736842105263,"y_coordinate":-54.74967906571243,"radius":61.150969760350115,"color":["#EC7B37","#003F7F"],"children_json_url":"json/generated_data/municipios/Tarragona_paro_normalizado_1996.json","censo_total":455164,"porcentaje_participacion":68.58494960058353,"partido_1":["CIU",39.0],"partido_2":["PSOE",22.0],"partido_3":["PP",10.0],"resto_partidos_percent":27,"info":"","parent":["Catalu単a"],"parent_url":["json/generated_data/autonomias/paro_normalizado_1996.json"],"parent_results":{"partido_1":["PSOE",32],"partido_2":["CIU",29],"partido_3":["PP",9],"otros":["Otros",28]},"evolution":"0,0,0,0,0,0,0,0,0,0,0,0,0,0,0,0,0,0,0,0,0,-0.903846154,-1.4211538460000002,-1.542307692,-1.6230769230000002,-1.678846154,-1.557692308,-1.298076923,-1.365384615,-1.365384615,-1.4346153850000003,-1.4250000000000003,-1.4538461539999998,-1.105769231,-0.9000000000000004,0,0"}}