{"Ceuta":{"cartodb_id":34,"x_coordinate":0,"y_coordinate":176.29921258914004,"radius":56.8126133054991,"color":["#AAAAAA"],"children_json_url":"json/generated_data/municipios/Ceuta_paro_normalizado_2001.json","censo_total":54609,"porcentaje_participacion":61.35435550916516,"partido_1":["GIL",38.0],"partido_2":["PP",27.0],"partido_3":["PDSC",10.0],"resto_partidos_percent":23,"info":"","parent":["Ceuta_y_Melilla"],"parent_url":["json/generated_data/autonomias/paro_normalizado_2001.json"],"parent_results":{"partido_1":["GIL",32],"partido_2":["PP",23],"partido_3":["CPM",9],"otros":["Otros",34]},"evolution":"0,0,0,0,0,0,0,0,0,0,0,0,0,0,0,0,0,0,0,0,0,0.49615384600000034,0.07884615399999984,0.35769230799999985,0.17692307699999965,0.8211538460000001,1.2423076919999998,1.2019230770000005,1.534615385,2.4346153850000003,3.4653846149999996,5.574999999999999,5.2461538459999995,5.394230769,3.5,0,0"},"Melilla":{"cartodb_id":35,"x_coordinate":0,"y_coordinate":213.14960629457005,"radius":56.261343012704174,"color":["#AAAAAA"],"children_json_url":"json/generated_data/municipios/Melilla_paro_normalizado_2001.json","censo_total":47386,"porcentaje_participacion":60.435571687840294,"partido_1":["GIL",25.0],"partido_2":["CPM",20.0],"partido_3":["PP",18.0],"resto_partidos_percent":34,"info":"","parent":["Ceuta_y_Melilla"],"parent_url":["json/generated_data/autonomias/paro_normalizado_2001.json"],"parent_results":{"partido_1":["GIL",32],"partido_2":["PP",23],"partido_3":["CPM",9],"otros":["Otros",34]},"evolution":"0,0,0,0,0,0,0,0,0,0,0,0,0,0,0,0,0,0,0,0,0,1.1961538460000005,1.0788461539999998,1.7576923080000002,2.376923077,1.621153846,1.8423076920000003,1.9019230769999997,1.6346153850000005,2.1346153850000005,4.465384615,5.875,6.4461538460000005,6.694230769000001,4.199999999999999,0,0"}}