{"Ceuta":{"cartodb_id":34,"x_coordinate":300.0,"y_coordinate":233.54430379978282,"radius":55.53551256707145,"color":["#5AB0E9"],"children_json_url":"json/generated_data/municipios/Ceuta_paro_normalizado_2004.json","censo_total":56656,"porcentaje_participacion":59.22585427845242,"partido_1":["PP",62.0],"partido_2":["UDCE",10.0],"partido_3":["PSOE",8.0],"resto_partidos_percent":18,"info":"","parent":["Ceuta_y_Melilla"],"parent_url":["json/generated_data/autonomias/paro_normalizado_2004.json"],"parent_results":{"partido_1":["PP",59],"partido_2":["CPM",12],"partido_3":["PSOE",10],"otros":["Otros",18]},"evolution":"0,0,0,0,0,0,0,0,0,0,0,0,0,0,0,0,0,0,0,0,0,0.49615384600000034,0.07884615399999984,0.35769230799999985,0.17692307699999965,0.8211538460000001,1.2423076919999998,1.2019230770000005,1.534615385,2.4346153850000003,3.4653846149999996,5.574999999999999,5.2461538459999995,5.394230769,3.5,0,0"},"Melilla":{"cartodb_id":35,"x_coordinate":207.69230769230768,"y_coordinate":217.0886075995656,"radius":54.433308259976826,"color":["#5AB0E9"],"children_json_url":"json/generated_data/municipios/Melilla_paro_normalizado_2004.json","censo_total":49189,"porcentaje_participacion":57.38884709996137,"partido_1":["PP",54.0],"partido_2":["CPM",26.0],"partido_3":["PSOE",11.0],"resto_partidos_percent":6,"info":"","parent":["Ceuta_y_Melilla"],"parent_url":["json/generated_data/autonomias/paro_normalizado_2004.json"],"parent_results":{"partido_1":["PP",59],"partido_2":["CPM",12],"partido_3":["PSOE",10],"otros":["Otros",18]},"evolution":"0,0,0,0,0,0,0,0,0,0,0,0,0,0,0,0,0,0,0,0,0,1.1961538460000005,1.0788461539999998,1.7576923080000002,2.376923077,1.621153846,1.8423076920000003,1.9019230769999997,1.6346153850000005,2.1346153850000005,4.465384615,5.875,6.4461538460000005,6.694230769000001,4.199999999999999,0,0"}}