{"Ceuta":{"cartodb_id":34,"x_coordinate":152.6315789473684,"y_coordinate":124.8395378626362,"radius":53.99077436451075,"color":["#64B7DE"],"children_json_url":"json/generated_data/municipios/Ceuta_paro_normalizado_1996.json","censo_total":50945,"porcentaje_participacion":56.651290607517915,"partido_1":["PP",30.0],"partido_2":["PFC",20.0],"partido_3":["CEU",14.0],"resto_partidos_percent":34,"info":"","parent":["Ceuta_y_Melilla"],"parent_url":["json/generated_data/autonomias/paro_normalizado_1996.json"],"parent_results":{"partido_1":["PP",38],"partido_2":["PFC",10],"partido_3":["PSOE",9],"otros":["Otros",41]},"evolution":"0,0,0,0,0,0,0,0,0,0,0,0,0,0,0,0,0,0,0,0,0,0.49615384600000034,0.07884615399999984,0.35769230799999985,0.17692307699999965,0.8211538460000001,1.2423076919999998,1.2019230770000005,1.534615385,2.4346153850000003,3.4653846149999996,5.574999999999999,5.2461538459999995,5.394230769,3.5,0,0"},"Melilla":{"cartodb_id":35,"x_coordinate":247.3684210526316,"y_coordinate":159.88446726109808,"radius":57.036898645492755,"color":["#5AB0E9"],"children_json_url":"json/generated_data/municipios/Melilla_paro_normalizado_1996.json","censo_total":42820,"porcentaje_participacion":61.728164409154594,"partido_1":["PP",47.0],"partido_2":["PSOE",19.0],"partido_3":["CM",15.0],"resto_partidos_percent":17,"info":"","parent":["Ceuta_y_Melilla"],"parent_url":["json/generated_data/autonomias/paro_normalizado_1996.json"],"parent_results":{"partido_1":["PP",38],"partido_2":["PFC",10],"partido_3":["PSOE",9],"otros":["Otros",41]},"evolution":"0,0,0,0,0,0,0,0,0,0,0,0,0,0,0,0,0,0,0,0,0,1.1961538460000005,1.0788461539999998,1.7576923080000002,2.376923077,1.621153846,1.8423076920000003,1.9019230769999997,1.6346153850000005,2.1346153850000005,4.465384615,5.875,6.4461538460000005,6.694230769000001,4.199999999999999,0,0"}}