{"Ceuta":{"cartodb_id":34,"x_coordinate":300.0,"y_coordinate":222.07637231436934,"radius":80,"color":["#5AB0E9"],"children_json_url":"json/generated_data/municipios/Ceuta_paro_normalizado_2007.json","censo_total":5754,"porcentaje_participacion":602.9370872436566,"partido_1":["PP",65.0],"partido_2":["IU",16.0],"partido_3":["LV-GV",0.0],"resto_partidos_percent":17,"info":"","parent":["Ceuta_y_Melilla"],"parent_url":["json/generated_data/autonomias/paro_normalizado_2007.json"],"parent_results":{"partido_1":["PSOE",71],"partido_2":["PP",42],"partido_3":["IU",22],"otros":["Otros",-36]},"evolution":"0.49615384600000034,0.07884615399999984,0.35769230799999985,0.17692307699999965,0.8211538460000001,1.2423076919999998,1.2019230770000005,1.534615385,2.4346153850000003,3.4653846149999996,5.574999999999999,5.2461538459999995,5.394230769,3.5"},"Melilla":{"cartodb_id":35,"x_coordinate":238.77551020408163,"y_coordinate":250.0,"radius":54.58729304883151,"color":["#5AB0E9"],"children_json_url":"json/generated_data/municipios/Melilla_paro_normalizado_2007.json","censo_total":50193,"porcentaje_participacion":57.64548841471918,"partido_1":["PP",55.0],"partido_2":["CPM",21.0],"partido_3":["CM2",2.0],"resto_partidos_percent":19,"info":"","parent":["Ceuta_y_Melilla"],"parent_url":["json/generated_data/autonomias/paro_normalizado_2007.json"],"parent_results":{"partido_1":["PSOE",71],"partido_2":["PP",42],"partido_3":["IU",22],"otros":["Otros",-36]},"evolution":"1.1961538460000005,1.0788461539999998,1.7576923080000002,2.376923077,1.621153846,1.8423076920000003,1.9019230769999997,1.6346153850000005,2.1346153850000005,4.465384615,5.875,6.4461538460000005,6.694230769000001,4.199999999999999"}}