{"Ceuta":{"cartodb_id":34,"x_coordinate":0,"y_coordinate":184.17721519913118,"radius":55.53551256707145,"color":["#AAAAAA"],"children_json_url":"json/generated_data/municipios/Ceuta_paro_normalizado_2003.json","censo_total":56656,"porcentaje_participacion":59.22585427845242,"partido_1":["PIL2",2.0],"partido_2":["FC",2.0],"partido_3":["UPCE",1.0],"resto_partidos_percent":93,"info":"","parent":["Ceuta_y_Melilla"],"parent_url":["json/generated_data/autonomias/paro_normalizado_2003.json"],"parent_results":{"partido_1":["PSOE",118],"partido_2":["PP",92],"partido_3":["IU",29],"otros":["Otros",-140]},"evolution":"0.49615384600000034,0.07884615399999984,0.35769230799999985,0.17692307699999965,0.8211538460000001,1.2423076919999998,1.2019230770000005,1.534615385,2.4346153850000003,3.4653846149999996,5.574999999999999,5.2461538459999995,5.394230769,3.5"},"Melilla":{"cartodb_id":35,"x_coordinate":0,"y_coordinate":189.6624472658703,"radius":54.433308259976826,"color":["#AAAAAA"],"children_json_url":"json/generated_data/municipios/Melilla_paro_normalizado_2003.json","censo_total":49189,"porcentaje_participacion":57.38884709996137,"partido_1":["PIM2",2.0],"partido_2":["CDS",1.0],"partido_3":["LV-GV",0.0],"resto_partidos_percent":95,"info":"","parent":["Ceuta_y_Melilla"],"parent_url":["json/generated_data/autonomias/paro_normalizado_2003.json"],"parent_results":{"partido_1":["PSOE",118],"partido_2":["PP",92],"partido_3":["IU",29],"otros":["Otros",-140]},"evolution":"1.1961538460000005,1.0788461539999998,1.7576923080000002,2.376923077,1.621153846,1.8423076920000003,1.9019230769999997,1.6346153850000005,2.1346153850000005,4.465384615,5.875,6.4461538460000005,6.694230769000001,4.199999999999999"}}