{"Navarra":{"cartodb_id":37,"x_coordinate":170.58823529411765,"y_coordinate":-62.62868909230944,"radius":60.01215313838227,"color":["#64B7DE"],"children_json_url":"json/generated_data/municipios/Navarra_paro_normalizado_2002.json","censo_total":452558,"porcentaje_participacion":66.68692189730378,"partido_1":["PP",30.0],"partido_2":["PSOE",18.0],"partido_3":["EH",14.0],"resto_partidos_percent":36,"info":"","parent":["Comunidad_Foral_de_Navarra"],"parent_url":["json/generated_data/autonomias/paro_normalizado_2002.json"],"parent_results":{"partido_1":["PP",30],"partido_2":["PSOE",18],"partido_3":["EH",14],"otros":["Otros",36]},"evolution":"0,0,0,0,0,0,0,0,0,0,0,0,0,0,0,0,0,0,0,0,0,-0.8038461539999995,-0.5211538459999998,-0.6423076920000002,-0.5230769230000001,-0.5788461539999998,-0.557692308,-0.6980769229999999,-0.865384615,-0.9653846150000001,-0.9346153850000003,-1.2250000000000005,-1.2538461539999997,-1.5057692309999995,-1.4000000000000004,0,0"}}