{"Navarra":{"cartodb_id":37,"x_coordinate":157.14285714285714,"y_coordinate":-66.25969548346774,"radius":63.917227116963915,"color":["#64B7DE"],"children_json_url":"json/generated_data/municipios/Navarra_paro_normalizado_2008.json","censo_total":468076,"porcentaje_participacion":73.1953785282732,"partido_1":["PP",32.0],"partido_2":["PSOE",18.0],"partido_3":["NB",13.0],"resto_partidos_percent":34,"info":"","parent":["Comunidad_Foral_de_Navarra"],"parent_url":["json/generated_data/autonomias/paro_normalizado_2008.json"],"parent_results":{"partido_1":["PP",32],"partido_2":["PSOE",18],"partido_3":["NB",13],"otros":["Otros",34]},"evolution":"0,0,0,0,0,0,0,0,0,0,0,0,0,0,0,0,0,0,0,0,0,-0.8038461539999995,-0.5211538459999998,-0.6423076920000002,-0.5230769230000001,-0.5788461539999998,-0.557692308,-0.6980769229999999,-0.865384615,-0.9653846150000001,-0.9346153850000003,-1.2250000000000005,-1.2538461539999997,-1.5057692309999995,-1.4000000000000004,0,0"}}