{"Castellón":{"cartodb_id":6,"x_coordinate":134.6153846153846,"y_coordinate":-53.40425531914894,"radius":63.802260337456026,"color":["#64B7DE"],"children_json_url":"json/generated_data/municipios/Castellón_paro_normalizado_2006.json","censo_total":401356,"porcentaje_participacion":73.00376722909337,"partido_1":["PP",44.0],"partido_2":["PSOE",35.0],"partido_3":["BLOC-EV",5.0],"resto_partidos_percent":13,"info":"","parent":["Comunidad_Valenciana"],"parent_url":["json/generated_data/autonomias/paro_normalizado_2006.json"],"parent_results":{"partido_1":["PP",42],"partido_2":["PSOE",34],"partido_3":["IU",4],"otros":["Otros",17]},"evolution":"0,0,0,0,0,0,0,0,0,0,0,0,0,0,0,0,0,0,0,0,0,-1.803846154,-1.321153846,-1.542307692,-1.423076923,-1.778846154,-1.857692308,-1.798076923,-1.865384615,-1.6653846149999998,-1.5346153850000004,-1.8250000000000002,-1.8538461539999997,-0.9057692309999998,1.1999999999999993,0,0"},"Alicante":{"cartodb_id":25,"x_coordinate":126.92307692307692,"y_coordinate":-94.25531914893615,"radius":61.665560462237245,"color":["#64B7DE"],"children_json_url":"json/generated_data/municipios/Alicante_paro_normalizado_2006.json","censo_total":1173683,"porcentaje_participacion":69.44260077039542,"partido_1":["PP",43.0],"partido_2":["PSOE",36.0],"partido_3":["IU",4.0],"resto_partidos_percent":15,"info":"","parent":["Comunidad_Valenciana"],"parent_url":["json/generated_data/autonomias/paro_normalizado_2006.json"],"parent_results":{"partido_1":["PP",42],"partido_2":["PSOE",34],"partido_3":["IU",4],"otros":["Otros",17]},"evolution":"0,0,0,0,0,0,0,0,0,0,0,0,0,0,0,0,0,0,0,0,0,0.8961538459999998,0.6788461539999995,0.4576923080000004,0.076923077,-0.8788461540000001,-1.2576923080000002,-0.8980769230000001,-0.9653846150000001,-0.5653846149999997,-0.13461538500000003,-0.22500000000000053,0.046153846000000165,0.5942307690000002,1.6999999999999993,0,0"},"Valencia":{"cartodb_id":38,"x_coordinate":134.6153846153846,"y_coordinate":-84.04255319148935,"radius":63.536571447860595,"color":["#64B7DE"],"children_json_url":"json/generated_data/municipios/Valencia_paro_normalizado_2006.json","censo_total":1866333,"porcentaje_participacion":72.56095241310099,"partido_1":["PP",42.0],"partido_2":["PSOE",33.0],"partido_3":["IU",4.0],"resto_partidos_percent":18,"info":"","parent":["Comunidad_Valenciana"],"parent_url":["json/generated_data/autonomias/paro_normalizado_2006.json"],"parent_results":{"partido_1":["PP",42],"partido_2":["PSOE",34],"partido_3":["IU",4],"otros":["Otros",17]},"evolution":"0,0,0,0,0,0,0,0,0,0,0,0,0,0,0,0,0,0,0,0,0,1.096153846,1.1788461539999995,0.8576923079999998,0.2769230770000002,-0.07884615399999984,-0.057692308000000025,-0.298076923,-0.36538461499999997,-0.1653846149999998,-0.13461538500000003,-0.6250000000000004,-0.5538461539999999,-0.20576923099999966,0.7999999999999989,0,0"}}