{"Madrid":{"cartodb_id":36,"x_coordinate":130.76923076923077,"y_coordinate":-71.27659574468083,"radius":61.41779054481718,"color":["#64B7DE"],"children_json_url":"json/generated_data/municipios/Madrid_paro_normalizado_2006.json","censo_total":4456963,"porcentaje_participacion":69.02965090802863,"partido_1":["PP",45.0],"partido_2":["PSOE",37.0],"partido_3":["IU",7.0],"resto_partidos_percent":9,"info":"","parent":["Comunidad_de_Madrid"],"parent_url":["json/generated_data/autonomias/paro_normalizado_2006.json"],"parent_results":{"partido_1":["PP",45],"partido_2":["PSOE",37],"partido_3":["IU",7],"otros":["Otros",9]},"evolution":"0,0,0,0,0,0,0,0,0,0,0,0,0,0,0,0,0,0,0,0,0,0.19615384600000052,0.278846154,0.057692308000000025,-0.12307692300000017,-0.3788461540000001,-0.45769230799999994,-0.298076923,-0.36538461499999997,-0.46538461500000006,-0.8346153850000002,-1.1250000000000004,-0.8538461539999997,-0.9057692309999998,-0.9000000000000004,0,0"}}