{"Castellón":{"cartodb_id":6,"x_coordinate":140.81632653061223,"y_coordinate":134.61538461538458,"radius":61.99189693241013,"color":["#64B7DE"],"children_json_url":"json/generated_data/municipios/Castellón_paro_normalizado_2009.json","censo_total":419841,"porcentaje_participacion":69.98649488735022,"partido_1":["PP",45.0],"partido_2":["PSOE",35.0],"partido_3":["BLOC-VERDS",4.0],"resto_partidos_percent":13,"info":"","parent":["Comunidad_Valenciana"],"parent_url":["json/generated_data/autonomias/paro_normalizado_2009.json"],"parent_results":{"partido_1":["PP",46],"partido_2":["PSOE",34],"partido_3":["IU",3],"otros":["Otros",15]},"evolution":"0,0,0,0,0,0,0,0,0,0,0,0,0,0,0,0,0,0,0,0,0,-1.803846154,-1.321153846,-1.542307692,-1.423076923,-1.778846154,-1.857692308,-1.798076923,-1.865384615,-1.6653846149999998,-1.5346153850000004,-1.8250000000000002,-1.8538461539999997,-0.9057692309999998,1.1999999999999993,0,0"},"Alicante":{"cartodb_id":25,"x_coordinate":144.89795918367346,"y_coordinate":149.03846153846152,"radius":60.15681716154685,"color":["#64B7DE"],"children_json_url":"json/generated_data/municipios/Alicante_paro_normalizado_2009.json","censo_total":1247440,"porcentaje_participacion":66.92802860257808,"partido_1":["PP",45.0],"partido_2":["PSOE",34.0],"partido_3":["IU",3.0],"resto_partidos_percent":15,"info":"","parent":["Comunidad_Valenciana"],"parent_url":["json/generated_data/autonomias/paro_normalizado_2009.json"],"parent_results":{"partido_1":["PP",46],"partido_2":["PSOE",34],"partido_3":["IU",3],"otros":["Otros",15]},"evolution":"0,0,0,0,0,0,0,0,0,0,0,0,0,0,0,0,0,0,0,0,0,0.8961538459999998,0.6788461539999995,0.4576923080000004,0.076923077,-0.8788461540000001,-1.2576923080000002,-0.8980769230000001,-0.9653846150000001,-0.5653846149999997,-0.13461538500000003,-0.22500000000000053,0.046153846000000165,0.5942307690000002,1.6999999999999993,0,0"},"Valencia":{"cartodb_id":38,"x_coordinate":153.0612244897959,"y_coordinate":123.07692307692305,"radius":62.963724581780426,"color":["#64B7DE"],"children_json_url":"json/generated_data/municipios/Valencia_paro_normalizado_2009.json","censo_total":1889737,"porcentaje_participacion":71.60620763630071,"partido_1":["PP",47.0],"partido_2":["PSOE",34.0],"partido_3":["IU",4.0],"resto_partidos_percent":14,"info":"","parent":["Comunidad_Valenciana"],"parent_url":["json/generated_data/autonomias/paro_normalizado_2009.json"],"parent_results":{"partido_1":["PP",46],"partido_2":["PSOE",34],"partido_3":["IU",3],"otros":["Otros",15]},"evolution":"0,0,0,0,0,0,0,0,0,0,0,0,0,0,0,0,0,0,0,0,0,1.096153846,1.1788461539999995,0.8576923079999998,0.2769230770000002,-0.07884615399999984,-0.057692308000000025,-0.298076923,-0.36538461499999997,-0.1653846149999998,-0.13461538500000003,-0.6250000000000004,-0.5538461539999999,-0.20576923099999966,0.7999999999999989,0,0"}}