{"Madrid":{"cartodb_id":36,"x_coordinate":200.0,"y_coordinate":114.04131698571769,"radius":62.123876571245674,"color":["#5AB0E9"],"children_json_url":"json/generated_data/municipios/Madrid_paro_normalizado_1997.json","censo_total":4149017,"porcentaje_participacion":70.20646095207613,"partido_1":["PP",47.0],"partido_2":["PSOE",28.0],"partido_3":["IU",17.0],"resto_partidos_percent":6,"info":"","parent":["Comunidad_de_Madrid"],"parent_url":["json/generated_data/autonomias/paro_normalizado_1997.json"],"parent_results":{"partido_1":["PP",47],"partido_2":["PSOE",28],"partido_3":["IU",17],"otros":["Otros",6]},"evolution":"0,0,0,0,0,0,0,0,0,0,0,0,0,0,0,0,0,0,0,0,0,0.19615384600000052,0.278846154,0.057692308000000025,-0.12307692300000017,-0.3788461540000001,-0.45769230799999994,-0.298076923,-0.36538461499999997,-0.46538461500000006,-0.8346153850000002,-1.1250000000000004,-0.8538461539999997,-0.9057692309999998,-0.9000000000000004,0,0"}}