{"Madrid":{"cartodb_id":36,"x_coordinate":243.5897435897436,"y_coordinate":-79.95780593108893,"radius":62.339913916814226,"color":["#5AB0E9"],"children_json_url":"json/generated_data/municipios/Madrid_paro_normalizado_2003.json","censo_total":4098826,"porcentaje_participacion":70.56652319469038,"partido_1":["PP",34.0],"partido_2":["PSOE",6.0],"partido_3":["IU",1.0],"resto_partidos_percent":57,"info":"","parent":["Comunidad_de_Madrid"],"parent_url":["json/generated_data/autonomias/paro_normalizado_2003.json"],"parent_results":{"partido_1":["PSOE",2],"partido_2":["PP",1],"partido_3":["IU",0],"otros":["Otros",95]},"evolution":"0,0,0,0,0,0,0,0,0,0,0,0,0,0,0,0,0,0,0,0,0,0.19615384600000052,0.278846154,0.057692308000000025,-0.12307692300000017,-0.3788461540000001,-0.45769230799999994,-0.298076923,-0.36538461499999997,-0.46538461500000006,-0.8346153850000002,-1.1250000000000004,-0.8538461539999997,-0.9057692309999998,-0.9000000000000004,0,0"}}