{"Navarra":{"cartodb_id":37,"x_coordinate":100.0,"y_coordinate":-70.68965517756638,"radius":47.49773026349345,"color":["#64B7DE"],"children_json_url":"json/generated_data/municipios/Navarra_paro_normalizado_1999.json","censo_total":392116,"porcentaje_participacion":45.82955043915576,"partido_1":["PP",11.0],"partido_2":["PSOE",11.0],"partido_3":["EH",3.0],"resto_partidos_percent":73,"info":"","parent":["Comunidad_Foral_de_Navarra"],"parent_url":["json/generated_data/autonomias/paro_normalizado_1999.json"],"parent_results":{"partido_1":["PP",9],"partido_2":["PSOE",6],"partido_3":["IU",0],"otros":["Otros",84]},"evolution":"-0.8038461539999995,-0.5211538459999998,-0.6423076920000002,-0.5230769230000001,-0.5788461539999998,-0.557692308,-0.6980769229999999,-0.865384615,-0.9653846150000001,-0.9346153850000003,-1.2250000000000005,-1.2538461539999997,-1.5057692309999995,-1.4000000000000004"}}