{"Castellón":{"cartodb_id":6,"x_coordinate":157.89473684210526,"y_coordinate":-16.108786636975324,"radius":66.1783848498041,"color":["#64B7DE"],"children_json_url":"json/generated_data/municipios/Castellón_paro_normalizado_1998.json","censo_total":367520,"porcentaje_participacion":76.9639747496735,"partido_1":["PP",45.0],"partido_2":["PSOE",34.0],"partido_3":["IU",5.0],"resto_partidos_percent":14,"info":"","parent":["Comunidad_Valenciana"],"parent_url":["json/generated_data/autonomias/paro_normalizado_1998.json"],"parent_results":{"partido_1":["PP",41],"partido_2":["PSOE",32],"partido_3":["IU",9],"otros":["Otros",16]},"evolution":"0,0,0,0,0,0,0,0,0,0,0,0,0,0,0,0,0,0,0,0,0,-1.803846154,-1.321153846,-1.542307692,-1.423076923,-1.778846154,-1.857692308,-1.798076923,-1.865384615,-1.6653846149999998,-1.5346153850000004,-1.8250000000000002,-1.8538461539999997,-0.9057692309999998,1.1999999999999993,0,0"},"Alicante":{"cartodb_id":25,"x_coordinate":142.10526315789474,"y_coordinate":124.89539750349844,"radius":65.19230864814838,"color":["#64B7DE"],"children_json_url":"json/generated_data/municipios/Alicante_paro_normalizado_1998.json","censo_total":1005961,"porcentaje_participacion":75.32051441358064,"partido_1":["PP",43.0],"partido_2":["PSOE",35.0],"partido_3":["IU",9.0],"resto_partidos_percent":12,"info":"","parent":["Comunidad_Valenciana"],"parent_url":["json/generated_data/autonomias/paro_normalizado_1998.json"],"parent_results":{"partido_1":["PP",41],"partido_2":["PSOE",32],"partido_3":["IU",9],"otros":["Otros",16]},"evolution":"0,0,0,0,0,0,0,0,0,0,0,0,0,0,0,0,0,0,0,0,0,0.8961538459999998,0.6788461539999995,0.4576923080000004,0.076923077,-0.8788461540000001,-1.2576923080000002,-0.8980769230000001,-0.9653846150000001,-0.5653846149999997,-0.13461538500000003,-0.22500000000000053,0.046153846000000165,0.5942307690000002,1.6999999999999993,0,0"},"Valencia":{"cartodb_id":38,"x_coordinate":136.8421052631579,"y_coordinate":146.65271967680303,"radius":65.78902431944155,"color":["#64B7DE"],"children_json_url":"json/generated_data/municipios/Valencia_paro_normalizado_1998.json","censo_total":1756866,"porcentaje_participacion":76.31504053240259,"partido_1":["PP",38.0],"partido_2":["PSOE",31.0],"partido_3":["IU",10.0],"resto_partidos_percent":19,"info":"","parent":["Comunidad_Valenciana"],"parent_url":["json/generated_data/autonomias/paro_normalizado_1998.json"],"parent_results":{"partido_1":["PP",41],"partido_2":["PSOE",32],"partido_3":["IU",9],"otros":["Otros",16]},"evolution":"0,0,0,0,0,0,0,0,0,0,0,0,0,0,0,0,0,0,0,0,0,1.096153846,1.1788461539999995,0.8576923079999998,0.2769230770000002,-0.07884615399999984,-0.057692308000000025,-0.298076923,-0.36538461499999997,-0.1653846149999998,-0.13461538500000003,-0.6250000000000004,-0.5538461539999999,-0.20576923099999966,0.7999999999999989,0,0"}}