{"Castellón":{"cartodb_id":6,"x_coordinate":128.57142857142858,"y_coordinate":-56.86157517438811,"radius":64.81410418853854,"color":["#64B7DE"],"children_json_url":"json/generated_data/municipios/Castellón_paro_normalizado_2007.json","censo_total":165738,"porcentaje_participacion":74.69017364756422,"partido_1":["PP",24.0],"partido_2":["PSOE",17.0],"partido_3":["BLOC-VERDS",5.0],"resto_partidos_percent":52,"info":"","parent":["Comunidad_Valenciana"],"parent_url":["json/generated_data/autonomias/paro_normalizado_2007.json"],"parent_results":{"partido_1":["PSOE",9],"partido_2":["PP",2],"partido_3":["IU",1],"otros":["Otros",85]},"evolution":"0,0,0,0,0,0,0,0,0,0,0,0,0,0,0,0,0,0,0,0,0,-1.803846154,-1.321153846,-1.542307692,-1.423076923,-1.778846154,-1.857692308,-1.798076923,-1.865384615,-1.6653846149999998,-1.5346153850000004,-1.8250000000000002,-1.8538461539999997,-0.9057692309999998,1.1999999999999993,0,0"},"Alicante":{"cartodb_id":25,"x_coordinate":132.6530612244898,"y_coordinate":101.07398567663661,"radius":60.23391566347591,"color":["#64B7DE"],"children_json_url":"json/generated_data/municipios/Alicante_paro_normalizado_2007.json","censo_total":948889,"porcentaje_participacion":67.0565261057932,"partido_1":["PP",22.0],"partido_2":["PSOE",14.0],"partido_3":["IU",2.0],"resto_partidos_percent":60,"info":"","parent":["Comunidad_Valenciana"],"parent_url":["json/generated_data/autonomias/paro_normalizado_2007.json"],"parent_results":{"partido_1":["PSOE",9],"partido_2":["PP",2],"partido_3":["IU",1],"otros":["Otros",85]},"evolution":"0,0,0,0,0,0,0,0,0,0,0,0,0,0,0,0,0,0,0,0,0,0.8961538459999998,0.6788461539999995,0.4576923080000004,0.076923077,-0.8788461540000001,-1.2576923080000002,-0.8980769230000001,-0.9653846150000001,-0.5653846149999997,-0.13461538500000003,-0.22500000000000053,0.046153846000000165,0.5942307690000002,1.6999999999999993,0,0"},"Valencia":{"cartodb_id":38,"x_coordinate":108.16326530612245,"y_coordinate":-87.1121718338213,"radius":63.32844970080745,"color":["#64B7DE"],"children_json_url":"json/generated_data/municipios/Valencia_paro_normalizado_2007.json","censo_total":1724809,"porcentaje_participacion":72.21408283467909,"partido_1":["PP",9.0],"partido_2":["PSOE",7.0],"partido_3":["BLOC-VERDS",2.0],"resto_partidos_percent":80,"info":"","parent":["Comunidad_Valenciana"],"parent_url":["json/generated_data/autonomias/paro_normalizado_2007.json"],"parent_results":{"partido_1":["PSOE",9],"partido_2":["PP",2],"partido_3":["IU",1],"otros":["Otros",85]},"evolution":"0,0,0,0,0,0,0,0,0,0,0,0,0,0,0,0,0,0,0,0,0,1.096153846,1.1788461539999995,0.8576923079999998,0.2769230770000002,-0.07884615399999984,-0.057692308000000025,-0.298076923,-0.36538461499999997,-0.1653846149999998,-0.13461538500000003,-0.6250000000000004,-0.5538461539999999,-0.20576923099999966,0.7999999999999989,0,0"}}