{"Castellón":{"cartodb_id":6,"x_coordinate":155.81395348837208,"y_coordinate":-20.258620696256926,"radius":73.34979714235314,"color":["#64B7DE"],"children_json_url":"json/generated_data/municipios/Castellón_paro_normalizado_1999.json","censo_total":136056,"porcentaje_participacion":88.91632857058858,"partido_1":["PP",38.0],"partido_2":["PSOE",26.0],"partido_3":["UV",3.0],"resto_partidos_percent":32,"info":"","parent":["Comunidad_Valenciana"],"parent_url":["json/generated_data/autonomias/paro_normalizado_1999.json"],"parent_results":{"partido_1":["PSOE",8],"partido_2":["PP",2],"partido_3":["IU",2],"otros":["Otros",87]},"evolution":"-1.803846154,-1.321153846,-1.542307692,-1.423076923,-1.778846154,-1.857692308,-1.798076923,-1.865384615,-1.6653846149999998,-1.5346153850000004,-1.8250000000000002,-1.8538461539999997,-0.9057692309999998,1.1999999999999993"},"Alicante":{"cartodb_id":25,"x_coordinate":113.95348837209302,"y_coordinate":104.3103448317727,"radius":55.783425456568004,"color":["#64B7DE"],"children_json_url":"json/generated_data/municipios/Alicante_paro_normalizado_1999.json","censo_total":837827,"porcentaje_participacion":59.63904242761334,"partido_1":["PP",17.0],"partido_2":["PSOE",14.0],"partido_3":["IU",3.0],"resto_partidos_percent":64,"info":"","parent":["Comunidad_Valenciana"],"parent_url":["json/generated_data/autonomias/paro_normalizado_1999.json"],"parent_results":{"partido_1":["PSOE",8],"partido_2":["PP",2],"partido_3":["IU",2],"otros":["Otros",87]},"evolution":"0.8961538459999998,0.6788461539999995,0.4576923080000004,0.076923077,-0.8788461540000001,-1.2576923080000002,-0.8980769230000001,-0.9653846150000001,-0.5653846149999997,-0.13461538500000003,-0.22500000000000053,0.046153846000000165,0.5942307690000002,1.6999999999999993"},"Valencia":{"cartodb_id":38,"x_coordinate":104.65116279069767,"y_coordinate":115.5172413831748,"radius":58.87599354654616,"color":["#64B7DE"],"children_json_url":"json/generated_data/municipios/Valencia_paro_normalizado_1999.json","censo_total":1671663,"porcentaje_participacion":64.79332257757694,"partido_1":["PP",15.0],"partido_2":["PSOE",14.0],"partido_3":["UV",2.0],"resto_partidos_percent":67,"info":"","parent":["Comunidad_Valenciana"],"parent_url":["json/generated_data/autonomias/paro_normalizado_1999.json"],"parent_results":{"partido_1":["PSOE",8],"partido_2":["PP",2],"partido_3":["IU",2],"otros":["Otros",87]},"evolution":"1.096153846,1.1788461539999995,0.8576923079999998,0.2769230770000002,-0.07884615399999984,-0.057692308000000025,-0.298076923,-0.36538461499999997,-0.1653846149999998,-0.13461538500000003,-0.6250000000000004,-0.5538461539999999,-0.20576923099999966,0.7999999999999989"}}