{"Badajoz":{"cartodb_id":39,"x_coordinate":-131.57894736842104,"y_coordinate":144.25435765555818,"radius":67.26277386595245,"color":["#D94B5F"],"children_json_url":"json/generated_data/municipios/Badajoz_paro_normalizado_1997.json","censo_total":509282,"porcentaje_participacion":78.77128977658742,"partido_1":["PSOE",41.0],"partido_2":["PP",35.0],"partido_3":["IU",12.0],"resto_partidos_percent":10,"info":"","parent":["Extremadura"],"parent_url":["json/generated_data/autonomias/paro_normalizado_1997.json"],"parent_results":{"partido_1":["PSOE",41],"partido_2":["PP",37],"partido_3":["IU",9],"otros":["Otros",11]},"evolution":"0,0,0,0,0,0,0,0,0,0,0,0,0,0,0,0,0,0,0,0,0,1.4961538460000003,0.8788461539999997,1.3576923079999998,1.2769230770000002,1.321153846,1.442307692,1.801923077,2.034615385,2.6346153850000005,3.0653846149999993,3.2749999999999995,3.146153846,2.9942307689999996,2.799999999999999,0,0"},"Cáceres":{"cartodb_id":40,"x_coordinate":-110.52631578947368,"y_coordinate":124.1123305423312,"radius":67.15875195876164,"color":["#D94B5F"],"children_json_url":"json/generated_data/municipios/Cáceres_paro_normalizado_1997.json","censo_total":330566,"porcentaje_participacion":78.5979199312694,"partido_1":["PSOE",42.0],"partido_2":["PP",40.0],"partido_3":["IU",5.0],"resto_partidos_percent":12,"info":"","parent":["Extremadura"],"parent_url":["json/generated_data/autonomias/paro_normalizado_1997.json"],"parent_results":{"partido_1":["PSOE",41],"partido_2":["PP",37],"partido_3":["IU",9],"otros":["Otros",11]},"evolution":"0,0,0,0,0,0,0,0,0,0,0,0,0,0,0,0,0,0,0,0,0,0.596153846,0.4788461540000002,0.8576923079999998,0.7769230770000002,0.8211538460000001,0.7423076919999998,0.8019230770000001,0.8346153849999998,1.2346153850000001,1.0653846149999993,1.0749999999999993,0.9461538460000005,1.0942307690000002,0.9000000000000004,0,0"}}