{"A_Coruña":{"cartodb_id":41,"x_coordinate":152.6315789473684,"y_coordinate":159.88446726109808,"radius":59.827714682831186,"color":["#64B7DE"],"children_json_url":"json/generated_data/municipios/A_Coruña_paro_normalizado_1996.json","censo_total":946105,"porcentaje_participacion":66.37952447138531,"partido_1":["PP",42.0],"partido_2":["PSOE",32.0],"partido_3":["BNG",9.0],"resto_partidos_percent":15,"info":"","parent":["Galicia"],"parent_url":["json/generated_data/autonomias/paro_normalizado_1996.json"],"parent_results":{"partido_1":["PP",47],"partido_2":["PSOE",26],"partido_3":["BNG",11],"otros":["Otros",14]},"evolution":"0,0,0,0,0,0,0,0,0,0,0,0,0,0,0,0,0,0,0,0,0,1.1961538460000005,1.3788461539999997,1.4576923080000004,0.9769230770000004,1.2211538460000004,1.1423076920000002,1.4019230769999997,1.534615385,1.534615385,1.2653846149999994,1.0749999999999993,0.7461538460000003,0.29423076900000034,-0.3000000000000007,0,0"},"Lugo":{"cartodb_id":42,"x_coordinate":300.0,"y_coordinate":104.81386392065797,"radius":62.810405275300184,"color":["#5AB0E9"],"children_json_url":"json/generated_data/municipios/Lugo_paro_normalizado_1996.json","censo_total":330294,"porcentaje_participacion":71.35067545883365,"partido_1":["PP",56.0],"partido_2":["PSOE",18.0],"partido_3":["BNG",11.0],"resto_partidos_percent":13,"info":"","parent":["Galicia"],"parent_url":["json/generated_data/autonomias/paro_normalizado_1996.json"],"parent_results":{"partido_1":["PP",47],"partido_2":["PSOE",26],"partido_3":["BNG",11],"otros":["Otros",14]},"evolution":"0,0,0,0,0,0,0,0,0,0,0,0,0,0,0,0,0,0,0,0,0,0.09615384599999999,-0.02115384599999981,-0.04230769199999962,-0.22307692299999982,-0.07884615399999984,0.04230769200000006,0.3019230770000001,0.13461538500000003,0.4346153850000003,-0.03461538500000039,-0.3250000000000002,-0.5538461539999999,-1.105769231,-2.3000000000000007,0,0"},"Ourense":{"cartodb_id":43,"x_coordinate":252.6315789473684,"y_coordinate":149.87163029010895,"radius":61.28082455388293,"color":["#5AB0E9"],"children_json_url":"json/generated_data/municipios/Ourense_paro_normalizado_1996.json","censo_total":319591,"porcentaje_participacion":68.80137425647155,"partido_1":["PP",52.0],"partido_2":["PSOE",23.0],"partido_3":["BNG",14.0],"resto_partidos_percent":9,"info":"","parent":["Galicia"],"parent_url":["json/generated_data/autonomias/paro_normalizado_1996.json"],"parent_results":{"partido_1":["PP",47],"partido_2":["PSOE",26],"partido_3":["BNG",11],"otros":["Otros",14]},"evolution":"0,0,0,0,0,0,0,0,0,0,0,0,0,0,0,0,0,0,0,0,0,0.9961538460000003,0.9788461540000002,1.3576923079999998,0.9769230770000004,0.9211538459999997,1.1423076920000002,1.2019230770000005,1.4346153850000003,1.4346153850000003,1.4653846149999996,1.1749999999999998,0.9461538460000005,0.394230769,-0.7000000000000002,0,0"},"Pontevedra":{"cartodb_id":44,"x_coordinate":236.8421052631579,"y_coordinate":179.91014120307628,"radius":60.66166384465353,"color":["#5AB0E9"],"children_json_url":"json/generated_data/municipios/Pontevedra_paro_normalizado_1996.json","censo_total":746512,"porcentaje_participacion":67.76943974108922,"partido_1":["PP",48.0],"partido_2":["PSOE",22.0],"partido_3":["BNG",13.0],"resto_partidos_percent":14,"info":"","parent":["Galicia"],"parent_url":["json/generated_data/autonomias/paro_normalizado_1996.json"],"parent_results":{"partido_1":["PP",47],"partido_2":["PSOE",26],"partido_3":["BNG",11],"otros":["Otros",14]},"evolution":"0,0,0,0,0,0,0,0,0,0,0,0,0,0,0,0,0,0,0,0,0,1.596153846,1.6788461539999995,1.6576923079999997,1.2769230770000002,1.321153846,1.3423076920000003,1.5019230770000003,1.6346153850000005,1.7346153850000001,1.865384615,1.4749999999999996,1.0461538460000002,0.7942307690000003,0.7999999999999989,0,0"}}