{"A_Coruña":{"cartodb_id":41,"x_coordinate":112.24489795918367,"y_coordinate":117.36276849325449,"radius":63.421400050114876,"color":["#64B7DE"],"children_json_url":"json/generated_data/municipios/A_Coruña_paro_normalizado_2007.json","censo_total":802157,"porcentaje_participacion":72.3690000835248,"partido_1":["PP",17.0],"partido_2":["PSOE",14.0],"partido_3":["BNG",6.0],"resto_partidos_percent":60,"info":"","parent":["Galicia"],"parent_url":["json/generated_data/autonomias/paro_normalizado_2007.json"],"parent_results":{"partido_1":["PSOE",1],"partido_2":["PP",1],"partido_3":["PAR",1],"otros":["Otros",95]},"evolution":"0,0,0,0,0,0,0,0,0,0,0,0,0,0,0,0,0,0,0,0,0,1.1961538460000005,1.3788461539999997,1.4576923080000004,0.9769230770000004,1.2211538460000004,1.1423076920000002,1.4019230769999997,1.534615385,1.534615385,1.2653846149999994,1.0749999999999993,0.7461538460000003,0.29423076900000034,-0.3000000000000007,0,0"},"Lugo":{"cartodb_id":42,"x_coordinate":-128.57142857142858,"y_coordinate":-87.1121718338213,"radius":71.57898346601348,"color":["#D94B5F"],"children_json_url":"json/generated_data/municipios/Lugo_paro_normalizado_2007.json","censo_total":204125,"porcentaje_participacion":85.96497244335579,"partido_1":["PSOE",28.0],"partido_2":["PP",21.0],"partido_3":["BNG",9.0],"resto_partidos_percent":40,"info":"","parent":["Galicia"],"parent_url":["json/generated_data/autonomias/paro_normalizado_2007.json"],"parent_results":{"partido_1":["PSOE",1],"partido_2":["PP",1],"partido_3":["PAR",1],"otros":["Otros",95]},"evolution":"0,0,0,0,0,0,0,0,0,0,0,0,0,0,0,0,0,0,0,0,0,0.09615384599999999,-0.02115384599999981,-0.04230769199999962,-0.22307692299999982,-0.07884615399999984,0.04230769200000006,0.3019230770000001,0.13461538500000003,0.4346153850000003,-0.03461538500000039,-0.3250000000000002,-0.5538461539999999,-1.105769231,-2.3000000000000007,0,0"},"Ourense":{"cartodb_id":43,"x_coordinate":169.3877551020408,"y_coordinate":122.0167064408596,"radius":57.70496566200958,"color":["#64B7DE"],"children_json_url":"json/generated_data/municipios/Ourense_paro_normalizado_2007.json","censo_total":275351,"porcentaje_participacion":62.84160943668263,"partido_1":["PP",43.0],"partido_2":["PSOE",26.0],"partido_3":["BNG",15.0],"resto_partidos_percent":15,"info":"","parent":["Galicia"],"parent_url":["json/generated_data/autonomias/paro_normalizado_2007.json"],"parent_results":{"partido_1":["PSOE",1],"partido_2":["PP",1],"partido_3":["PAR",1],"otros":["Otros",95]},"evolution":"0,0,0,0,0,0,0,0,0,0,0,0,0,0,0,0,0,0,0,0,0,0.9961538460000003,0.9788461540000002,1.3576923079999998,0.9769230770000004,0.9211538459999997,1.1423076920000002,1.2019230770000005,1.4346153850000003,1.4346153850000003,1.4653846149999996,1.1749999999999998,0.9461538460000005,0.394230769,-0.7000000000000002,0,0"},"Pontevedra":{"cartodb_id":44,"x_coordinate":116.3265306122449,"y_coordinate":124.34367541466214,"radius":46.25636079124659,"color":["#64B7DE"],"children_json_url":"json/generated_data/municipios/Pontevedra_paro_normalizado_2007.json","censo_total":669728,"porcentaje_participacion":43.76060131874432,"partido_1":["PP",13.0],"partido_2":["PSOE",9.0],"partido_3":["BNG",7.0],"resto_partidos_percent":69,"info":"","parent":["Galicia"],"parent_url":["json/generated_data/autonomias/paro_normalizado_2007.json"],"parent_results":{"partido_1":["PSOE",1],"partido_2":["PP",1],"partido_3":["PAR",1],"otros":["Otros",95]},"evolution":"0,0,0,0,0,0,0,0,0,0,0,0,0,0,0,0,0,0,0,0,0,1.596153846,1.6788461539999995,1.6576923079999997,1.2769230770000002,1.321153846,1.3423076920000003,1.5019230770000003,1.6346153850000005,1.7346153850000001,1.865384615,1.4749999999999996,1.0461538460000002,0.7942307690000003,0.7999999999999989,0,0"}}