{"A_Coruña":{"cartodb_id":41,"x_coordinate":156.4102564102564,"y_coordinate":184.17721519913118,"radius":61.14590814657029,"color":["#64B7DE"],"children_json_url":"json/generated_data/municipios/A_Coruña_paro_normalizado_2003.json","censo_total":856299,"porcentaje_participacion":68.57651357761716,"partido_1":["PP",27.0],"partido_2":["PSOE",16.0],"partido_3":["BNG",10.0],"resto_partidos_percent":46,"info":"","parent":["Galicia"],"parent_url":["json/generated_data/autonomias/paro_normalizado_2003.json"],"parent_results":{"partido_1":["PSOE",1],"partido_2":["PP",1],"partido_3":["PAR",1],"otros":["Otros",95]},"evolution":"0,0,0,0,0,0,0,0,0,0,0,0,0,0,0,0,0,0,0,0,0,1.1961538460000005,1.3788461539999997,1.4576923080000004,0.9769230770000004,1.2211538460000004,1.1423076920000002,1.4019230769999997,1.534615385,1.534615385,1.2653846149999994,1.0749999999999993,0.7461538460000003,0.29423076900000034,-0.3000000000000007,0,0"},"Lugo":{"cartodb_id":42,"x_coordinate":151.28205128205127,"y_coordinate":107.38396626478425,"radius":63.28701978665294,"color":["#64B7DE"],"children_json_url":"json/generated_data/municipios/Lugo_paro_normalizado_2003.json","censo_total":260327,"porcentaje_participacion":72.1450329777549,"partido_1":["PP",28.0],"partido_2":["PSOE",18.0],"partido_3":["BNG",10.0],"resto_partidos_percent":42,"info":"","parent":["Galicia"],"parent_url":["json/generated_data/autonomias/paro_normalizado_2003.json"],"parent_results":{"partido_1":["PSOE",1],"partido_2":["PP",1],"partido_3":["PAR",1],"otros":["Otros",95]},"evolution":"0,0,0,0,0,0,0,0,0,0,0,0,0,0,0,0,0,0,0,0,0,0.09615384599999999,-0.02115384599999981,-0.04230769199999962,-0.22307692299999982,-0.07884615399999984,0.04230769200000006,0.3019230770000001,0.13461538500000003,0.4346153850000003,-0.03461538500000039,-0.3250000000000002,-0.5538461539999999,-1.105769231,-2.3000000000000007,0,0"},"Ourense":{"cartodb_id":43,"x_coordinate":228.2051282051282,"y_coordinate":178.69198313239212,"radius":58.82127269788243,"color":["#5AB0E9"],"children_json_url":"json/generated_data/municipios/Ourense_paro_normalizado_2003.json","censo_total":278385,"porcentaje_participacion":64.70212116313738,"partido_1":["PP",38.0],"partido_2":["PSOE",13.0],"partido_3":["BNG",10.0],"resto_partidos_percent":37,"info":"","parent":["Galicia"],"parent_url":["json/generated_data/autonomias/paro_normalizado_2003.json"],"parent_results":{"partido_1":["PSOE",1],"partido_2":["PP",1],"partido_3":["PAR",1],"otros":["Otros",95]},"evolution":"0,0,0,0,0,0,0,0,0,0,0,0,0,0,0,0,0,0,0,0,0,0.9961538460000003,0.9788461540000002,1.3576923079999998,0.9769230770000004,0.9211538459999997,1.1423076920000002,1.2019230770000005,1.4346153850000003,1.4346153850000003,1.4653846149999996,1.1749999999999998,0.9461538460000005,0.394230769,-0.7000000000000002,0,0"},"Pontevedra":{"cartodb_id":44,"x_coordinate":156.4102564102564,"y_coordinate":189.6624472658703,"radius":56.96049106323632,"color":["#64B7DE"],"children_json_url":"json/generated_data/municipios/Pontevedra_paro_normalizado_2003.json","censo_total":435952,"porcentaje_participacion":61.6008184387272,"partido_1":["PP",20.0],"partido_2":["BNG",9.0],"partido_3":["PSOE",7.0],"resto_partidos_percent":63,"info":"","parent":["Galicia"],"parent_url":["json/generated_data/autonomias/paro_normalizado_2003.json"],"parent_results":{"partido_1":["PSOE",1],"partido_2":["PP",1],"partido_3":["PAR",1],"otros":["Otros",95]},"evolution":"0,0,0,0,0,0,0,0,0,0,0,0,0,0,0,0,0,0,0,0,0,1.596153846,1.6788461539999995,1.6576923079999997,1.2769230770000002,1.321153846,1.3423076920000003,1.5019230770000003,1.6346153850000005,1.7346153850000001,1.865384615,1.4749999999999996,1.0461538460000002,0.7942307690000003,0.7999999999999989,0,0"}}