{"A_Coruña":{"cartodb_id":41,"x_coordinate":158.8235294117647,"y_coordinate":154.74137931308218,"radius":57.41089101468739,"color":["#64B7DE"],"children_json_url":"json/generated_data/municipios/A_Coruña_paro_normalizado_1999.json","censo_total":997795,"porcentaje_participacion":62.35148502447898,"partido_1":["PP",40.0],"partido_2":["PSOE",30.0],"partido_3":["BNG",16.0],"resto_partidos_percent":13,"info":"","parent":["Galicia"],"parent_url":["json/generated_data/autonomias/paro_normalizado_1999.json"],"parent_results":{"partido_1":["PP",45],"partido_2":["PSOE",24],"partido_3":["BNG",17],"otros":["Otros",12]},"evolution":"0,0,0,0,0,0,0,0,0,0,0,0,0,0,0,0,0,0,0,0,0,1.1961538460000005,1.3788461539999997,1.4576923080000004,0.9769230770000004,1.2211538460000004,1.1423076920000002,1.4019230769999997,1.534615385,1.534615385,1.2653846149999994,1.0749999999999993,0.7461538460000003,0.29423076900000034,-0.3000000000000007,0,0"},"Lugo":{"cartodb_id":42,"x_coordinate":300.0,"y_coordinate":-87.50000000466954,"radius":60.77666466069596,"color":["#5AB0E9"],"children_json_url":"json/generated_data/municipios/Lugo_paro_normalizado_1999.json","censo_total":338988,"porcentaje_participacion":67.96110776782659,"partido_1":["PP",53.0],"partido_2":["PSOE",19.0],"partido_3":["BNG",15.0],"resto_partidos_percent":10,"info":"","parent":["Galicia"],"parent_url":["json/generated_data/autonomias/paro_normalizado_1999.json"],"parent_results":{"partido_1":["PP",45],"partido_2":["PSOE",24],"partido_3":["BNG",17],"otros":["Otros",12]},"evolution":"0,0,0,0,0,0,0,0,0,0,0,0,0,0,0,0,0,0,0,0,0,0.09615384599999999,-0.02115384599999981,-0.04230769199999962,-0.22307692299999982,-0.07884615399999984,0.04230769200000006,0.3019230770000001,0.13461538500000003,0.4346153850000003,-0.03461538500000039,-0.3250000000000002,-0.5538461539999999,-1.105769231,-2.3000000000000007,0,0"},"Ourense":{"cartodb_id":43,"x_coordinate":288.2352941176471,"y_coordinate":154.74137931308218,"radius":59.07954848875183,"color":["#5AB0E9"],"children_json_url":"json/generated_data/municipios/Ourense_paro_normalizado_1999.json","censo_total":340811,"porcentaje_participacion":65.13258081458638,"partido_1":["PP",53.0],"partido_2":["PSOE",21.0],"partido_3":["BNG",16.0],"resto_partidos_percent":9,"info":"","parent":["Galicia"],"parent_url":["json/generated_data/autonomias/paro_normalizado_1999.json"],"parent_results":{"partido_1":["PP",45],"partido_2":["PSOE",24],"partido_3":["BNG",17],"otros":["Otros",12]},"evolution":"0,0,0,0,0,0,0,0,0,0,0,0,0,0,0,0,0,0,0,0,0,0.9961538460000003,0.9788461540000002,1.3576923079999998,0.9769230770000004,0.9211538459999997,1.1423076920000002,1.2019230770000005,1.4346153850000003,1.4346153850000003,1.4653846149999996,1.1749999999999998,0.9461538460000005,0.394230769,-0.7000000000000002,0,0"},"Pontevedra":{"cartodb_id":44,"x_coordinate":229.41176470588235,"y_coordinate":171.5517241401853,"radius":58.12057096066558,"color":["#5AB0E9"],"children_json_url":"json/generated_data/municipios/Pontevedra_paro_normalizado_1999.json","censo_total":791368,"porcentaje_participacion":63.53428493444263,"partido_1":["PP",43.0],"partido_2":["PSOE",21.0],"partido_3":["BNG",21.0],"resto_partidos_percent":13,"info":"","parent":["Galicia"],"parent_url":["json/generated_data/autonomias/paro_normalizado_1999.json"],"parent_results":{"partido_1":["PP",45],"partido_2":["PSOE",24],"partido_3":["BNG",17],"otros":["Otros",12]},"evolution":"0,0,0,0,0,0,0,0,0,0,0,0,0,0,0,0,0,0,0,0,0,1.596153846,1.6788461539999995,1.6576923079999997,1.2769230770000002,1.321153846,1.3423076920000003,1.5019230770000003,1.6346153850000005,1.7346153850000001,1.865384615,1.4749999999999996,1.0461538460000002,0.7942307690000003,0.7999999999999989,0,0"}}