{"A_Coruña":{"cartodb_id":41,"x_coordinate":134.6153846153846,"y_coordinate":127.44680851063828,"radius":58.893875101879665,"color":["#64B7DE"],"children_json_url":"json/generated_data/municipios/A_Coruña_paro_normalizado_2006.json","censo_total":1023266,"porcentaje_participacion":64.82312516979944,"partido_1":["PP",36.0],"partido_2":["PSOE",27.0],"partido_3":["BNG",18.0],"resto_partidos_percent":18,"info":"","parent":["Galicia"],"parent_url":["json/generated_data/autonomias/paro_normalizado_2006.json"],"parent_results":{"partido_1":["PP",41],"partido_2":["PSOE",25],"partido_3":["BNG",18],"otros":["Otros",14]},"evolution":"0,0,0,0,0,0,0,0,0,0,0,0,0,0,0,0,0,0,0,0,0,1.1961538460000005,1.3788461539999997,1.4576923080000004,0.9769230770000004,1.2211538460000004,1.1423076920000002,1.4019230769999997,1.534615385,1.534615385,1.2653846149999994,1.0749999999999993,0.7461538460000003,0.29423076900000034,-0.3000000000000007,0,0"},"Lugo":{"cartodb_id":42,"x_coordinate":169.23076923076923,"y_coordinate":-91.70212765957446,"radius":62.80948564810211,"color":["#64B7DE"],"children_json_url":"json/generated_data/municipios/Lugo_paro_normalizado_2006.json","censo_total":341906,"porcentaje_participacion":71.34914274683685,"partido_1":["PP",48.0],"partido_2":["PSOE",30.0],"partido_3":["BNG",13.0],"resto_partidos_percent":7,"info":"","parent":["Galicia"],"parent_url":["json/generated_data/autonomias/paro_normalizado_2006.json"],"parent_results":{"partido_1":["PP",41],"partido_2":["PSOE",25],"partido_3":["BNG",18],"otros":["Otros",14]},"evolution":"0,0,0,0,0,0,0,0,0,0,0,0,0,0,0,0,0,0,0,0,0,0.09615384599999999,-0.02115384599999981,-0.04230769199999962,-0.22307692299999982,-0.07884615399999984,0.04230769200000006,0.3019230770000001,0.13461538500000003,0.4346153850000003,-0.03461538500000039,-0.3250000000000002,-0.5538461539999999,-1.105769231,-2.3000000000000007,0,0"},"Ourense":{"cartodb_id":43,"x_coordinate":215.3846153846154,"y_coordinate":130.0,"radius":58.63667414023283,"color":["#5AB0E9"],"children_json_url":"json/generated_data/municipios/Ourense_paro_normalizado_2006.json","censo_total":352799,"porcentaje_participacion":64.39445690038804,"partido_1":["PP",52.0],"partido_2":["PSOE",22.0],"partido_3":["BNG",16.0],"resto_partidos_percent":8,"info":"","parent":["Galicia"],"parent_url":["json/generated_data/autonomias/paro_normalizado_2006.json"],"parent_results":{"partido_1":["PP",41],"partido_2":["PSOE",25],"partido_3":["BNG",18],"otros":["Otros",14]},"evolution":"0,0,0,0,0,0,0,0,0,0,0,0,0,0,0,0,0,0,0,0,0,0.9961538460000003,0.9788461540000002,1.3576923079999998,0.9769230770000004,0.9211538459999997,1.1423076920000002,1.2019230770000005,1.4346153850000003,1.4346153850000003,1.4653846149999996,1.1749999999999998,0.9461538460000005,0.394230769,-0.7000000000000002,0,0"},"Pontevedra":{"cartodb_id":44,"x_coordinate":165.3846153846154,"y_coordinate":137.6595744680851,"radius":59.958516443714686,"color":["#64B7DE"],"children_json_url":"json/generated_data/municipios/Pontevedra_paro_normalizado_2006.json","censo_total":828280,"porcentaje_participacion":66.59752740619115,"partido_1":["PP",39.0],"partido_2":["PSOE",22.0],"partido_3":["BNG",21.0],"resto_partidos_percent":15,"info":"","parent":["Galicia"],"parent_url":["json/generated_data/autonomias/paro_normalizado_2006.json"],"parent_results":{"partido_1":["PP",41],"partido_2":["PSOE",25],"partido_3":["BNG",18],"otros":["Otros",14]},"evolution":"0,0,0,0,0,0,0,0,0,0,0,0,0,0,0,0,0,0,0,0,0,1.596153846,1.6788461539999995,1.6576923079999997,1.2769230770000002,1.321153846,1.3423076920000003,1.5019230770000003,1.6346153850000005,1.7346153850000001,1.865384615,1.4749999999999996,1.0461538460000002,0.7942307690000003,0.7999999999999989,0,0"}}