{"Baleares":{"cartodb_id":45,"x_coordinate":223.52941176470588,"y_coordinate":17.734553792081414,"radius":54.30996950404288,"color":["#5AB0E9"],"children_json_url":"json/generated_data/municipios/Baleares_paro_normalizado_2000.json","censo_total":609589,"porcentaje_participacion":57.183282506738145,"partido_1":["PP",40.0],"partido_2":["PSOE",19.0],"partido_3":["PSM-EN",10.0],"resto_partidos_percent":29,"info":"","parent":["Islas_Baleares"],"parent_url":["json/generated_data/autonomias/paro_normalizado_2000.json"],"parent_results":{"partido_1":["PP",40],"partido_2":["PSOE",19],"partido_3":["PSM-EN",10],"otros":["Otros",29]},"evolution":"0,0,0,0,0,0,0,0,0,0,0,0,0,0,0,0,0,0,0,0,0,-0.903846154,-2.221153846,-2.242307692,-2.123076923,-1.978846154,-1.857692308,-1.698076923,-1.5653846149999997,-1.465384615,-1.7346153850000006,-1.9250000000000003,-1.7538461539999997,-1.8057692309999998,-1.5,0,0"}}