{"Baleares":{"cartodb_id":45,"x_coordinate":105.12820512820512,"y_coordinate":-14.135021130220139,"radius":53.95004642055943,"color":["#64B7DE"],"children_json_url":"json/generated_data/municipios/Baleares_paro_normalizado_2003.json","censo_total":553634,"porcentaje_participacion":56.583410700932376,"partido_1":["PP",4.0],"partido_2":["PSM-EN",3.0],"partido_3":["UM",2.0],"resto_partidos_percent":89,"info":"","parent":["Islas_Baleares"],"parent_url":["json/generated_data/autonomias/paro_normalizado_2003.json"],"parent_results":{"partido_1":["PSOE",11],"partido_2":["PP",10],"partido_3":["PAR",6],"otros":["Otros",71]},"evolution":"-0.903846154,-2.221153846,-2.242307692,-2.123076923,-1.978846154,-1.857692308,-1.698076923,-1.5653846149999997,-1.465384615,-1.7346153850000006,-1.9250000000000003,-1.7538461539999997,-1.8057692309999998,-1.5"}}