{"Las_Palmas":{"cartodb_id":46,"x_coordinate":0,"y_coordinate":206.11814346608747,"radius":68.57512834965951,"color":["#AAAAAA"],"children_json_url":"json/generated_data/municipios/Las_Palmas_paro_normalizado_2003.json","censo_total":656410,"porcentaje_participacion":80.95854724943253,"partido_1":["CC",20.0],"partido_2":["PSOE",13.0],"partido_3":["PP",5.0],"resto_partidos_percent":60,"info":"","parent":["Islas_Canarias"],"parent_url":["json/generated_data/autonomias/paro_normalizado_2003.json"],"parent_results":{"partido_1":["PP",7],"partido_2":["PRC",4],"partido_3":["PSOE",3],"otros":["Otros",84]},"evolution":"0,0,0,0,0,0,0,0,0,0,0,0,0,0,0,0,0,0,0,0,0,1.6961538460000005,2.078846154,1.8576923079999998,1.2769230770000002,1.5211538460000003,1.7423076919999998,1.7019230770000005,1.9346153850000003,2.734615385,2.9653846149999996,2.675,2.9461538460000005,3.9942307689999996,5.199999999999999,0,0"}}