{"Baleares":{"cartodb_id":45,"x_coordinate":200.0,"y_coordinate":21.966527166307756,"radius":58.39361448481652,"color":["#5AB0E9"],"children_json_url":"json/generated_data/municipios/Baleares_paro_normalizado_1998.json","censo_total":553628,"porcentaje_participacion":63.989357474694195,"partido_1":["PP",42.0],"partido_2":["PSOE",23.0],"partido_3":["PSM",9.0],"resto_partidos_percent":24,"info":"","parent":["Islas_Baleares"],"parent_url":["json/generated_data/autonomias/paro_normalizado_1998.json"],"parent_results":{"partido_1":["PP",42],"partido_2":["PSOE",23],"partido_3":["PSM",9],"otros":["Otros",24]},"evolution":"0,0,0,0,0,0,0,0,0,0,0,0,0,0,0,0,0,0,0,0,0,-0.903846154,-2.221153846,-2.242307692,-2.123076923,-1.978846154,-1.857692308,-1.698076923,-1.5653846149999997,-1.465384615,-1.7346153850000006,-1.9250000000000003,-1.7538461539999997,-1.8057692309999998,-1.5,0,0"}}