{"Baleares":{"cartodb_id":45,"x_coordinate":184.6153846153846,"y_coordinate":-19.620253196959183,"radius":57.7320605054418,"color":["#64B7DE"],"children_json_url":"json/generated_data/municipios/Baleares_paro_normalizado_2004.json","censo_total":650520,"porcentaje_participacion":62.886767509069664,"partido_1":["PP",42.0],"partido_2":["PSOE",20.0],"partido_3":["UM",4.0],"resto_partidos_percent":32,"info":"","parent":["Islas_Baleares"],"parent_url":["json/generated_data/autonomias/paro_normalizado_2004.json"],"parent_results":{"partido_1":["PP",42],"partido_2":["PSOE",20],"partido_3":["UM",4],"otros":["Otros",32]},"evolution":"0,0,0,0,0,0,0,0,0,0,0,0,0,0,0,0,0,0,0,0,0,-0.903846154,-2.221153846,-2.242307692,-2.123076923,-1.978846154,-1.857692308,-1.698076923,-1.5653846149999997,-1.465384615,-1.7346153850000006,-1.9250000000000003,-1.7538461539999997,-1.8057692309999998,-1.5,0,0"}}