{"Baleares":{"cartodb_id":45,"x_coordinate":161.22448979591837,"y_coordinate":-56.730769230769226,"radius":55.82565089205391,"color":["#64B7DE"],"children_json_url":"json/generated_data/municipios/Baleares_paro_normalizado_2009.json","censo_total":673614,"porcentaje_participacion":59.70941815342318,"partido_1":["PP",43.0],"partido_2":["PSOE",28.0],"partido_3":["PSM-EN,ESQU",6.0],"resto_partidos_percent":22,"info":"","parent":["Islas_Baleares"],"parent_url":["json/generated_data/autonomias/paro_normalizado_2009.json"],"parent_results":{"partido_1":["PP",43],"partido_2":["PSOE",28],"partido_3":["PSM-EN,ESQU",6],"otros":["Otros",22]},"evolution":"0,0,0,0,0,0,0,0,0,0,0,0,0,0,0,0,0,0,0,0,0,-0.903846154,-2.221153846,-2.242307692,-2.123076923,-1.978846154,-1.857692308,-1.698076923,-1.5653846149999997,-1.465384615,-1.7346153850000006,-1.9250000000000003,-1.7538461539999997,-1.8057692309999998,-1.5,0,0"}}