{"La_Rioja":{"cartodb_id":47,"x_coordinate":163.1578947368421,"y_coordinate":-38.5087153111164,"radius":65.60015383277096,"color":["#64B7DE"],"children_json_url":"json/generated_data/municipios/La_Rioja_paro_normalizado_1997.json","censo_total":218419,"porcentaje_participacion":76.0002563879516,"partido_1":["PP",46.0],"partido_2":["PSOE",34.0],"partido_3":["PR",4.0],"resto_partidos_percent":13,"info":"","parent":["La_Rioja"],"parent_url":["json/generated_data/autonomias/paro_normalizado_1997.json"],"parent_results":{"partido_1":["PP",46],"partido_2":["PSOE",34],"partido_3":["PR",4],"otros":["Otros",13]},"evolution":"0,0,0,0,0,0,0,0,0,0,0,0,0,0,0,0,0,0,0,0,0,-1.1038461540000002,-1.221153846,-1.1423076920000002,-0.923076923,-0.9788461539999997,-0.9576923079999999,-1.0980769229999998,-1.2653846149999999,-1.365384615,-1.4346153850000003,-1.3250000000000002,-1.4538461539999998,-1.5057692309999995,-1.3000000000000007,0,0"}}