{"La_Rioja":{"cartodb_id":47,"x_coordinate":182.3529411764706,"y_coordinate":-41.18110233589683,"radius":61.412278551922135,"color":["#64B7DE"],"children_json_url":"json/generated_data/municipios/La_Rioja_paro_normalizado_2001.json","censo_total":228496,"porcentaje_participacion":69.02046425320356,"partido_1":["PP",49.0],"partido_2":["PSOE",35.0],"partido_3":["IU",3.0],"resto_partidos_percent":12,"info":"","parent":["La_Rioja"],"parent_url":["json/generated_data/autonomias/paro_normalizado_2001.json"],"parent_results":{"partido_1":["PP",49],"partido_2":["PSOE",35],"partido_3":["IU",3],"otros":["Otros",12]},"evolution":"0,0,0,0,0,0,0,0,0,0,0,0,0,0,0,0,0,0,0,0,0,-1.1038461540000002,-1.221153846,-1.1423076920000002,-0.923076923,-0.9788461539999997,-0.9576923079999999,-1.0980769229999998,-1.2653846149999999,-1.365384615,-1.4346153850000003,-1.3250000000000002,-1.4538461539999998,-1.5057692309999995,-1.3000000000000007,0,0"}}