{"La_Rioja":{"cartodb_id":47,"x_coordinate":130.76923076923077,"y_coordinate":-51.80878551264501,"radius":64.94378939244523,"color":["#64B7DE"],"children_json_url":"json/generated_data/municipios/La_Rioja_paro_normalizado_2005.json","censo_total":233230,"porcentaje_participacion":74.90631565407537,"partido_1":["PP",46.0],"partido_2":["PSOE",38.0],"partido_3":["PR",6.0],"resto_partidos_percent":8,"info":"","parent":["La_Rioja"],"parent_url":["json/generated_data/autonomias/paro_normalizado_2005.json"],"parent_results":{"partido_1":["PP",46],"partido_2":["PSOE",38],"partido_3":["PR",6],"otros":["Otros",8]},"evolution":"0,0,0,0,0,0,0,0,0,0,0,0,0,0,0,0,0,0,0,0,0,-1.1038461540000002,-1.221153846,-1.1423076920000002,-0.923076923,-0.9788461539999997,-0.9576923079999999,-1.0980769229999998,-1.2653846149999999,-1.365384615,-1.4346153850000003,-1.3250000000000002,-1.4538461539999998,-1.5057692309999995,-1.3000000000000007,0,0"}}