{"La_Rioja":{"cartodb_id":47,"x_coordinate":128.57142857142858,"y_coordinate":-66.25969548346774,"radius":63.62836345655007,"color":["#64B7DE"],"children_json_url":"json/generated_data/municipios/La_Rioja_paro_normalizado_2008.json","censo_total":238631,"porcentaje_participacion":72.71393909425011,"partido_1":["PP",47.0],"partido_2":["PSOE",40.0],"partido_3":["PR",6.0],"resto_partidos_percent":6,"info":"","parent":["La_Rioja"],"parent_url":["json/generated_data/autonomias/paro_normalizado_2008.json"],"parent_results":{"partido_1":["PP",47],"partido_2":["PSOE",40],"partido_3":["PR",6],"otros":["Otros",6]},"evolution":"0,0,0,0,0,0,0,0,0,0,0,0,0,0,0,0,0,0,0,0,0,-1.1038461540000002,-1.221153846,-1.1423076920000002,-0.923076923,-0.9788461539999997,-0.9576923079999999,-1.0980769229999998,-1.2653846149999999,-1.365384615,-1.4346153850000003,-1.3250000000000002,-1.4538461539999998,-1.5057692309999995,-1.3000000000000007,0,0"}}