{"Vizcaya":{"cartodb_id":17,"x_coordinate":165.30612244897958,"y_coordinate":-45.19230769230767,"radius":56.335188071720246,"color":["#CE0E16","#008140"],"children_json_url":"json/generated_data/municipios/Vizcaya_paro_normalizado_2009.json","censo_total":961681,"porcentaje_participacion":60.55864678620041,"partido_1":["EAJ-PNV",38.0],"partido_2":["PSOE",22.0],"partido_3":["PP",13.0],"resto_partidos_percent":25,"info":"","parent":["País_Vasco"],"parent_url":["json/generated_data/autonomias/paro_normalizado_2009.json"],"parent_results":{"partido_1":["EAJ-PNV",31],"partido_2":["PSOE",23],"partido_3":["PP",13],"otros":["Otros",32]},"evolution":"0,0,0,0,0,0,0,0,0,0,0,0,0,0,0,0,0,0,0,0,0,0.596153846,0.4788461540000002,0.2576923080000002,0.2769230770000002,0.221153846,0.04230769200000006,-0.1980769229999999,-0.1653846149999998,-0.2653846149999999,-0.5346153850000004,-0.7250000000000005,-0.9538461539999998,-1.3057692309999998,-1.9000000000000004,0,0"},"Álava":{"cartodb_id":48,"x_coordinate":-100.0,"y_coordinate":-48.076923076923045,"radius":58.332770025590264,"color":["#D94B5F"],"children_json_url":"json/generated_data/municipios/Álava_paro_normalizado_2009.json","censo_total":248532,"porcentaje_participacion":63.887950042650445,"partido_1":["PSOE",25.0],"partido_2":["EAJ-PNV",25.0],"partido_3":["PP",24.0],"resto_partidos_percent":25,"info":"","parent":["País_Vasco"],"parent_url":["json/generated_data/autonomias/paro_normalizado_2009.json"],"parent_results":{"partido_1":["EAJ-PNV",31],"partido_2":["PSOE",23],"partido_3":["PP",13],"otros":["Otros",32]},"evolution":"0,0,0,0,0,0,0,0,0,0,0,0,0,0,0,0,0,0,0,0,0,0.29615384600000016,0.07884615399999984,-0.2423076919999998,-0.3230769229999999,-0.3788461540000001,-0.557692308,-0.4980769229999997,-0.5653846149999997,-0.7653846149999999,-1.0346153850000004,-1.1250000000000004,-1.2538461539999997,-1.7057692309999997,-1.8000000000000007,0,0"},"Guipúzcoa":{"cartodb_id":49,"x_coordinate":-112.24489795918367,"y_coordinate":-30.769230769230745,"radius":54.98732541293375,"color":["#D94B5F"],"children_json_url":"json/generated_data/municipios/Guipúzcoa_paro_normalizado_2009.json","censo_total":581873,"porcentaje_participacion":58.31220902155625,"partido_1":["PSOE",23.0],"partido_2":["EAJ-PNV",20.0],"partido_3":["EAE-ANV",13.0],"resto_partidos_percent":42,"info":"","parent":["País_Vasco"],"parent_url":["json/generated_data/autonomias/paro_normalizado_2009.json"],"parent_results":{"partido_1":["EAJ-PNV",31],"partido_2":["PSOE",23],"partido_3":["PP",13],"otros":["Otros",32]},"evolution":"0,0,0,0,0,0,0,0,0,0,0,0,0,0,0,0,0,0,0,0,0,-0.10384615400000019,-0.12115384600000034,-0.34230769200000033,-0.423076923,-0.6788461539999999,-0.7576923080000002,-0.798076923,-0.865384615,-0.9653846150000001,-1.2346153850000006,-1.3250000000000002,-1.3538461539999997,-1.8057692309999998,-2.4000000000000004,0,0"}}