{"Vizcaya":{"cartodb_id":17,"x_coordinate":0,"y_coordinate":-82.0413436547839,"radius":62.23520416279655,"color":["#CE0E16","#008140"],"children_json_url":"json/generated_data/municipios/Vizcaya_paro_normalizado_2005.json","censo_total":974345,"porcentaje_participacion":70.39200693799424,"partido_1":["EAJ-PNV/EA",33.0],"partido_2":["PSOE",19.0],"partido_3":["PP",17.0],"resto_partidos_percent":30,"info":"","parent":["País_Vasco"],"parent_url":["json/generated_data/autonomias/paro_normalizado_2005.json"],"parent_results":{"partido_1":["EAJ-PNV/EA",35],"partido_2":["PSOE",21],"partido_3":["PP",17],"otros":["Otros",26]},"evolution":"0,0,0,0,0,0,0,0,0,0,0,0,0,0,0,0,0,0,0,0,0,0.596153846,0.4788461540000002,0.2576923080000002,0.2769230770000002,0.221153846,0.04230769200000006,-0.1980769229999999,-0.1653846149999998,-0.2653846149999999,-0.5346153850000004,-0.7250000000000005,-0.9538461539999998,-1.3057692309999998,-1.9000000000000004,0,0"},"Álava":{"cartodb_id":48,"x_coordinate":0,"y_coordinate":-65.2454780202623,"radius":63.24818493067528,"color":["#CE0E16","#008140"],"children_json_url":"json/generated_data/municipios/Álava_paro_normalizado_2005.json","censo_total":247098,"porcentaje_participacion":72.08030821779214,"partido_1":["EAJ-PNV/EA",32.0],"partido_2":["PP",27.0],"partido_3":["PSOE",20.0],"resto_partidos_percent":18,"info":"","parent":["País_Vasco"],"parent_url":["json/generated_data/autonomias/paro_normalizado_2005.json"],"parent_results":{"partido_1":["EAJ-PNV/EA",35],"partido_2":["PSOE",21],"partido_3":["PP",17],"otros":["Otros",26]},"evolution":"0,0,0,0,0,0,0,0,0,0,0,0,0,0,0,0,0,0,0,0,0,0.29615384600000016,0.07884615399999984,-0.2423076919999998,-0.3230769229999999,-0.3788461540000001,-0.557692308,-0.4980769229999997,-0.5653846149999997,-0.7653846149999999,-1.0346153850000004,-1.1250000000000004,-1.2538461539999997,-1.7057692309999997,-1.8000000000000007,0,0"},"Guipúzcoa":{"cartodb_id":49,"x_coordinate":0,"y_coordinate":-58.52713176645365,"radius":61.70114493431105,"color":["#CE0E16","#008140"],"children_json_url":"json/generated_data/municipios/Guipúzcoa_paro_normalizado_2005.json","censo_total":573308,"porcentaje_participacion":69.50190822385174,"partido_1":["EAJ-PNV/EA",39.0],"partido_2":["PSOE",26.0],"partido_3":["PP",12.0],"resto_partidos_percent":22,"info":"","parent":["País_Vasco"],"parent_url":["json/generated_data/autonomias/paro_normalizado_2005.json"],"parent_results":{"partido_1":["EAJ-PNV/EA",35],"partido_2":["PSOE",21],"partido_3":["PP",17],"otros":["Otros",26]},"evolution":"0,0,0,0,0,0,0,0,0,0,0,0,0,0,0,0,0,0,0,0,0,-0.10384615400000019,-0.12115384600000034,-0.34230769200000033,-0.423076923,-0.6788461539999999,-0.7576923080000002,-0.798076923,-0.865384615,-0.9653846150000001,-1.2346153850000006,-1.3250000000000002,-1.3538461539999997,-1.8057692309999998,-2.4000000000000004,0,0"}}