{"Asturias":{"cartodb_id":50,"x_coordinate":103.84615384615384,"y_coordinate":101.91489361702126,"radius":57.72856948227487,"color":["#64B7DE"],"children_json_url":"json/generated_data/municipios/Asturias_paro_normalizado_2006.json","censo_total":976213,"porcentaje_participacion":62.88094913712479,"partido_1":["PP",38.0],"partido_2":["PSOE",37.0],"partido_3":["IU",11.0],"resto_partidos_percent":12,"info":"","parent":["Principado_de_Asturias"],"parent_url":["json/generated_data/autonomias/paro_normalizado_2006.json"],"parent_results":{"partido_1":["PP",38],"partido_2":["PSOE",37],"partido_3":["IU",11],"otros":["Otros",12]},"evolution":"0,0,0,0,0,0,0,0,0,0,0,0,0,0,0,0,0,0,0,0,0,1.2961538460000002,1.4788461540000002,1.1576923079999997,1.076923077,1.2211538460000004,0.942307692,1.0019230770000003,0.9346153850000003,1.034615385,0.4653846149999996,0.07499999999999929,-0.153846154,-0.7057692309999997,-0.9000000000000004,0,0"}}