{"Asturias":{"cartodb_id":50,"x_coordinate":-100.0,"y_coordinate":-74.03846153846152,"radius":56.6602614597915,"color":["#D94B5F"],"children_json_url":"json/generated_data/municipios/Asturias_paro_normalizado_2009.json","censo_total":973687,"porcentaje_participacion":61.10043576631916,"partido_1":["PSOE",39.0],"partido_2":["PP",39.0],"partido_3":["IU",7.0],"resto_partidos_percent":13,"info":"","parent":["Principado_de_Asturias"],"parent_url":["json/generated_data/autonomias/paro_normalizado_2009.json"],"parent_results":{"partido_1":["PSOE",39],"partido_2":["PP",39],"partido_3":["IU",7],"otros":["Otros",13]},"evolution":"0,0,0,0,0,0,0,0,0,0,0,0,0,0,0,0,0,0,0,0,0,1.2961538460000002,1.4788461540000002,1.1576923079999997,1.076923077,1.2211538460000004,0.942307692,1.0019230770000003,0.9346153850000003,1.034615385,0.4653846149999996,0.07499999999999929,-0.153846154,-0.7057692309999997,-0.9000000000000004,0,0"}}