{"Asturias":{"cartodb_id":50,"x_coordinate":131.57894736842104,"y_coordinate":174.46739832539873,"radius":61.5866629324702,"color":["#64B7DE"],"children_json_url":"json/generated_data/municipios/Asturias_paro_normalizado_1997.json","censo_total":935498,"porcentaje_participacion":69.31110488745033,"partido_1":["PP",40.0],"partido_2":["PSOE",34.0],"partido_3":["IU",14.0],"resto_partidos_percent":10,"info":"","parent":["Principado_de_Asturias"],"parent_url":["json/generated_data/autonomias/paro_normalizado_1997.json"],"parent_results":{"partido_1":["PP",40],"partido_2":["PSOE",34],"partido_3":["IU",14],"otros":["Otros",10]},"evolution":"0,0,0,0,0,0,0,0,0,0,0,0,0,0,0,0,0,0,0,0,0,1.2961538460000002,1.4788461540000002,1.1576923079999997,1.076923077,1.2211538460000004,0.942307692,1.0019230770000003,0.9346153850000003,1.034615385,0.4653846149999996,0.07499999999999929,-0.153846154,-0.7057692309999997,-0.9000000000000004,0,0"}}