{"Asturias":{"cartodb_id":50,"x_coordinate":-147.05882352941177,"y_coordinate":157.87401573642506,"radius":58.466674800396206,"color":["#D94B5F"],"children_json_url":"json/generated_data/municipios/Asturias_paro_normalizado_2001.json","censo_total":967166,"porcentaje_participacion":64.11112466732702,"partido_1":["PSOE",41.0],"partido_2":["PP",33.0],"partido_3":["IU",11.0],"resto_partidos_percent":13,"info":"","parent":["Principado_de_Asturias"],"parent_url":["json/generated_data/autonomias/paro_normalizado_2001.json"],"parent_results":{"partido_1":["PSOE",41],"partido_2":["PP",33],"partido_3":["IU",11],"otros":["Otros",13]},"evolution":"0,0,0,0,0,0,0,0,0,0,0,0,0,0,0,0,0,0,0,0,0,1.2961538460000002,1.4788461540000002,1.1576923079999997,1.076923077,1.2211538460000004,0.942307692,1.0019230770000003,0.9346153850000003,1.034615385,0.4653846149999996,0.07499999999999929,-0.153846154,-0.7057692309999997,-0.9000000000000004,0,0"}}