{"Asturias":{"cartodb_id":50,"x_coordinate":-105.12820512820512,"y_coordinate":151.2658227986968,"radius":57.0283353101983,"color":["#D94B5F"],"children_json_url":"json/generated_data/municipios/Asturias_paro_normalizado_2003.json","censo_total":904631,"porcentaje_participacion":61.71389218366383,"partido_1":["PSOE",4.0],"partido_2":["PP",3.0],"partido_3":["IU",2.0],"resto_partidos_percent":90,"info":"","parent":["Principado_de_Asturias"],"parent_url":["json/generated_data/autonomias/paro_normalizado_2003.json"],"parent_results":{"partido_1":["PSOE",12],"partido_2":["PP",10],"partido_3":["UPL",2],"otros":["Otros",74]},"evolution":"0,0,0,0,0,0,0,0,0,0,0,0,0,0,0,0,0,0,0,0,0,1.2961538460000002,1.4788461540000002,1.1576923079999997,1.076923077,1.2211538460000004,0.942307692,1.0019230770000003,0.9346153850000003,1.034615385,0.4653846149999996,0.07499999999999929,-0.153846154,-0.7057692309999997,-0.9000000000000004,0,0"}}