{"Murcia":{"cartodb_id":51,"x_coordinate":193.87755102040816,"y_coordinate":-84.1855788509343,"radius":60.616709828928926,"color":["#64B7DE"],"children_json_url":"json/generated_data/municipios/Murcia_paro_normalizado_2008.json","censo_total":969597,"porcentaje_participacion":67.69451638154821,"partido_1":["PP",55.0],"partido_2":["PSOE",32.0],"partido_3":["IU",5.0],"resto_partidos_percent":7,"info":"","parent":["Región_de_Murcia"],"parent_url":["json/generated_data/autonomias/paro_normalizado_2008.json"],"parent_results":{"partido_1":["PP",55],"partido_2":["PSOE",32],"partido_3":["IU",5],"otros":["Otros",7]},"evolution":"0,0,0,0,0,0,0,0,0,0,0,0,0,0,0,0,0,0,0,0,0,-0.5038461539999997,-0.42115384600000016,-0.7423076919999998,-0.8230769229999999,-0.6788461539999999,-0.6576923080000001,-0.798076923,-1.0653846149999997,-1.1653846149999998,-1.4346153850000003,-1.4250000000000003,-1.3538461539999997,-0.7057692309999997,-0.10000000000000053,0,0"}}