{"Murcia":{"cartodb_id":51,"x_coordinate":182.3529411764706,"y_coordinate":-59.60629918861181,"radius":60.91522402272061,"color":["#64B7DE"],"children_json_url":"json/generated_data/municipios/Murcia_paro_normalizado_2001.json","censo_total":903145,"porcentaje_participacion":68.19204003786767,"partido_1":["PP",49.0],"partido_2":["PSOE",35.0],"partido_3":["IU",6.0],"resto_partidos_percent":8,"info":"","parent":["Región_de_Murcia"],"parent_url":["json/generated_data/autonomias/paro_normalizado_2001.json"],"parent_results":{"partido_1":["PP",49],"partido_2":["PSOE",35],"partido_3":["IU",6],"otros":["Otros",8]},"evolution":"0,0,0,0,0,0,0,0,0,0,0,0,0,0,0,0,0,0,0,0,0,-0.5038461539999997,-0.42115384600000016,-0.7423076919999998,-0.8230769229999999,-0.6788461539999999,-0.6576923080000001,-0.798076923,-1.0653846149999997,-1.1653846149999998,-1.4346153850000003,-1.4250000000000003,-1.3538461539999997,-0.7057692309999997,-0.10000000000000053,0,0"}}