{"Murcia":{"cartodb_id":51,"x_coordinate":169.23076923076923,"y_coordinate":-41.56118146391547,"radius":61.91893262140533,"color":["#64B7DE"],"children_json_url":"json/generated_data/municipios/Murcia_paro_normalizado_2003.json","censo_total":934926,"porcentaje_participacion":69.86488770234222,"partido_1":["PP",52.0],"partido_2":["PSOE",34.0],"partido_3":["IU",5.0],"resto_partidos_percent":7,"info":"","parent":["Región_de_Murcia"],"parent_url":["json/generated_data/autonomias/paro_normalizado_2003.json"],"parent_results":{"partido_1":["PP",52],"partido_2":["PSOE",34],"partido_3":["IU",5],"otros":["Otros",7]},"evolution":"0,0,0,0,0,0,0,0,0,0,0,0,0,0,0,0,0,0,0,0,0,-0.5038461539999997,-0.42115384600000016,-0.7423076919999998,-0.8230769229999999,-0.6788461539999999,-0.6576923080000001,-0.798076923,-1.0653846149999997,-1.1653846149999998,-1.4346153850000003,-1.4250000000000003,-1.3538461539999997,-0.7057692309999997,-0.10000000000000053,0,0"}}