{"Murcia":{"cartodb_id":51,"x_coordinate":200.0,"y_coordinate":-59.62343098358457,"radius":65.28858272515441,"color":["#5AB0E9"],"children_json_url":"json/generated_data/municipios/Murcia_paro_normalizado_1998.json","censo_total":845009,"porcentaje_participacion":75.48097120859067,"partido_1":["PP",50.0],"partido_2":["PSOE",31.0],"partido_3":["IU",11.0],"resto_partidos_percent":6,"info":"","parent":["Región_de_Murcia"],"parent_url":["json/generated_data/autonomias/paro_normalizado_1998.json"],"parent_results":{"partido_1":["PP",50],"partido_2":["PSOE",31],"partido_3":["IU",11],"otros":["Otros",6]},"evolution":"0,0,0,0,0,0,0,0,0,0,0,0,0,0,0,0,0,0,0,0,0,-0.5038461539999997,-0.42115384600000016,-0.7423076919999998,-0.8230769229999999,-0.6788461539999999,-0.6576923080000001,-0.798076923,-1.0653846149999997,-1.1653846149999998,-1.4346153850000003,-1.4250000000000003,-1.3538461539999997,-0.7057692309999997,-0.10000000000000053,0,0"}}