{"Ceuta":{"cartodb_id":6066,"x_coordinate":300.0,"y_coordinate":"6702.0","radius":56.176225234619395,"color":["#5AB0E9"],"children_json_url":null,"censo_total":57540,"porcentaje_participacion":60.29370872436566,"partido_1":["PP",65.0],"partido_2":["IU",16.0],"partido_3":["PSOE",8.0],"resto_partidos_percent":9,"info":"","parent":["Ceuta_y_Melilla","Ceuta"],"parent_url":["json/generated_data/autonomias/inmigracion_2007.json","json/generated_data/provincias/Ceuta_y_Melilla_inmigracion_2007.json"],"parent_results":{"partido_1":["PIL2",2],"partido_2":["FC",2],"partido_3":["UPCE",1],"otros":["Otros",93]},"evolution":"3093.0,3050.0,3281.0,3334.0,6087.0,5917.0,6192.0,6558.0,6702.0,7100.0,7603.0,8213.0,1997.601208,1706.186226,1289.68507,1261.234717,1394.452465,1198.957038,1043.370396,999.4116531,935.4284663,852.848593,853.8027286,909.0620169"}}