{"Ceuta":{"cartodb_id":6066,"x_coordinate":0,"y_coordinate":"1997.601208","radius":56.8126133054991,"color":["#AAAAAA"],"children_json_url":null,"censo_total":54609,"porcentaje_participacion":61.35435550916516,"partido_1":["GIL",38.0],"partido_2":["PP",27.0],"partido_3":["PDSC",10.0],"resto_partidos_percent":23,"info":"","parent":["Ceuta_y_Melilla","Ceuta"],"parent_url":["json/generated_data/autonomias/inmigracion_normalizado_1999.json","json/generated_data/provincias/Ceuta_y_Melilla_inmigracion_normalizado_1999.json"],"parent_results":{"partido_1":["PIL2",2],"partido_2":["FC",2],"partido_3":["UPCE",1],"otros":["Otros",93]},"evolution":"0,0,0,0,0,0,0,0,0,0,0,0,0,0,0,0,0,0,0,0,0,0,0,0,1997.601208,1706.186226,1289.68507,1261.234717,1394.452465,1198.957038,1043.370396,999.4116531,935.4284663,852.848593,853.8027286,909.0620169,0"}}