{"Ceuta":{"cartodb_id":6066,"x_coordinate":0,"y_coordinate":250.0,"radius":56.8126133054991,"color":["#AAAAAA"],"children_json_url":null,"censo_total":54609,"porcentaje_participacion":61.35435550916516,"partido_1":["GIL",38.0],"partido_2":["PP",27.0],"partido_3":["PDSC",10.0],"resto_partidos_percent":23,"info":"","parent":["Ceuta_y_Melilla","Ceuta"],"parent_url":["json/generated_data/autonomias/paro_normalizado_1999.json","json/generated_data/provincias/Ceuta_y_Melilla_paro_normalizado_1999.json"],"parent_results":{"partido_1":["PIL2",2],"partido_2":["FC",2],"partido_3":["UPCE",1],"otros":["Otros",93]},"evolution":"0,0,0,0,0,0,0,0,0,0,0,0,0,0,0,0,0,0,0,0,0,1.092523077,0.6723076920000004,0.9331384619999996,0.7718461539999995,1.3715076919999998,1.7692923079999998,1.7223076920000002,2.0808923079999997,2.8744,3.937938462,6.1053230769999995,5.795509074,5.938007379999999,4.081119311,0,0"}}