{"Melilla":{"cartodb_id":6069,"x_coordinate":300.0,"y_coordinate":"3063.220891","radius":54.433308259976826,"color":["#5AB0E9"],"children_json_url":null,"censo_total":49189,"porcentaje_participacion":57.38884709996137,"partido_1":["PP",54.0],"partido_2":["CPM",26.0],"partido_3":["PSOE",11.0],"resto_partidos_percent":6,"info":"","parent":["Ceuta_y_Melilla","Melilla"],"parent_url":["json/generated_data/autonomias/inmigracion_normalizado_2003.json","json/generated_data/provincias/Ceuta_y_Melilla_inmigracion_normalizado_2003.json"],"parent_results":{"partido_1":["PSDM",1],"partido_2":["IU",0],"partido_3":["AN",0],"otros":["Otros",97]},"evolution":"0,0,0,0,0,0,0,0,0,0,0,0,0,0,0,0,0,0,0,0,0,0,0,0,881.3220008,2744.299162,2678.946585,2523.255266,3063.220891,2648.072368,1817.435108,1827.574746,1906.741323,1823.81473,1847.749726,1969.848752,0"}}