{"Melilla":{"cartodb_id":6069,"x_coordinate":300.0,"y_coordinate":250.0,"radius":54.433308259976826,"color":["#5AB0E9"],"children_json_url":null,"censo_total":49189,"porcentaje_participacion":57.38884709996137,"partido_1":["PP",54.0],"partido_2":["CPM",26.0],"partido_3":["PSOE",11.0],"resto_partidos_percent":6,"info":"","parent":["Ceuta_y_Melilla","Melilla"],"parent_url":["json/generated_data/autonomias/paro_normalizado_2003.json","json/generated_data/provincias/Ceuta_y_Melilla_paro_normalizado_2003.json"],"parent_results":{"partido_1":["PSDM",1],"partido_2":["IU",0],"partido_3":["AN",0],"otros":["Otros",97]},"evolution":"0,0,0,0,0,0,0,0,0,0,0,0,0,0,0,0,0,0,0,0,0,1.7925230770000002,1.6723076920000004,2.333138462,2.9718461539999996,2.1715076919999996,2.3692923080000003,2.4223076919999995,2.1808923080000002,2.5744000000000002,4.937938462,6.405323077,6.995509074000001,7.23800738,4.781119310999999,0,0"}}