{"Melilla":{"cartodb_id":6069,"x_coordinate":0,"y_coordinate":"881.3220008","radius":56.261343012704174,"color":["#AAAAAA"],"children_json_url":null,"censo_total":47386,"porcentaje_participacion":60.435571687840294,"partido_1":["GIL",25.0],"partido_2":["CPM",20.0],"partido_3":["PP",18.0],"resto_partidos_percent":34,"info":"","parent":["Ceuta_y_Melilla","Melilla"],"parent_url":["json/generated_data/autonomias/inmigracion_normalizado_1999.json","json/generated_data/provincias/Ceuta_y_Melilla_inmigracion_normalizado_1999.json"],"parent_results":{"partido_1":["PSDM",1],"partido_2":["IU",0],"partido_3":["AN",0],"otros":["Otros",97]},"evolution":"0,0,0,0,0,0,0,0,0,0,0,0,0,0,0,0,0,0,0,0,0,0,0,0,881.3220008,2744.299162,2678.946585,2523.255266,3063.220891,2648.072368,1817.435108,1827.574746,1906.741323,1823.81473,1847.749726,1969.848752,0"}}