{"Abegondo":{"cartodb_id":7418,"x_coordinate":-100.35149384885764,"y_coordinate":152.03201447669002,"radius":56.22909435153045,"color":"#D94B5F","children_json_url":null},"Ames":{"cartodb_id":7380,"x_coordinate":0,"y_coordinate":178.4080105791196,"radius":60.09556552648447,"color":"#000000","children_json_url":null},"Aranga":{"cartodb_id":7455,"x_coordinate":-110.896309314587,"y_coordinate":-91.74402338542235,"radius":60.11223344556677,"color":"#D94B5F","children_json_url":null},"Ares":{"cartodb_id":7419,"x_coordinate":-102.81195079086116,"y_coordinate":201.01600723834503,"radius":64.97210167389957,"color":"#D94B5F","children_json_url":null},"Arteixo":{"cartodb_id":7422,"x_coordinate":0,"y_coordinate":197.24800779514078,"radius":55.70471711557646,"color":"#000000","children_json_url":null},"Arzúa":{"cartodb_id":7462,"x_coordinate":-103.1634446397188,"y_coordinate":140.72801614707734,"radius":60.70698466780239,"color":"#D94B5F","children_json_url":null},"Bergondo":{"cartodb_id":7423,"x_coordinate":0,"y_coordinate":140.72801614707734,"radius":60.636882129277566,"color":"#000000","children_json_url":null},"Betanzos":{"cartodb_id":7420,"x_coordinate":-100.0,"y_coordinate":167.10401224950695,"radius":61.557622052474265,"color":"#D94B5F","children_json_url":null},"Boimorto":{"cartodb_id":7421,"x_coordinate":102.81195079086116,"y_coordinate":-87.97602394221812,"radius":63.59242851389448,"color":"#E88394","children_json_url":null},"Boiro":{"cartodb_id":7384,"x_coordinate":100.0,"y_coordinate":136.96001670387312,"radius":66.35287825098615,"color":"#E88394","children_json_url":null},"Boqueixón":{"cartodb_id":7385,"x_coordinate":-103.1634446397188,"y_coordinate":185.9440094655281,"radius":80,"color":"#D94B5F","children_json_url":null},"Brión":{"cartodb_id":7381,"x_coordinate":101.40597539543057,"y_coordinate":129.42401781746466,"radius":59.458080969078736,"color":"#E88394","children_json_url":null},"Cabanas":{"cartodb_id":7426,"x_coordinate":-108.08435852372584,"y_coordinate":185.9440094655281,"radius":65.19614590502408,"color":"#D94B5F","children_json_url":null},"Camariñas":{"cartodb_id":7382,"x_coordinate":0,"y_coordinate":110.5840206014435,"radius":59.72972972972973,"color":"#000000","children_json_url":null},"Cambre":{"cartodb_id":7427,"x_coordinate":-100.0,"y_coordinate":167.10401224950695,"radius":56.72990485085518,"color":"#D94B5F","children_json_url":null},"Carballo":{"cartodb_id":7429,"x_coordinate":0,"y_coordinate":231.16000278397885,"radius":61.365137356846766,"color":"#000000","children_json_url":null},"Carnota":{"cartodb_id":7386,"x_coordinate":0,"y_coordinate":163.33601280630273,"radius":24.441591784338897,"color":"#000000","children_json_url":null},"Carral":{"cartodb_id":7428,"x_coordinate":0,"y_coordinate":144.4960155902816,"radius":60.95949665749115,"color":"#000000","children_json_url":null},"Cedeira":{"cartodb_id":7435,"x_coordinate":0,"y_coordinate":136.96001670387312,"radius":61.74284493806066,"color":"#000000","children_json_url":null},"Cee":{"cartodb_id":7387,"x_coordinate":0,"y_coordinate":242.46400111359154,"radius":62.66277128547579,"color":"#000000","children_json_url":null},"Cerceda":{"cartodb_id":7443,"x_coordinate":136.90685413005272,"y_coordinate":144.4960155902816,"radius":63.34763948497854,"color":"#E88394","children_json_url":null},"Cerdido":{"cartodb_id":7436,"x_coordinate":110.1933216168717,"y_coordinate":125.65601837426041,"radius":57.80387551379918,"color":"#E88394","children_json_url":null},"Cesuras":{"cartodb_id":7430,"x_coordinate":-105.62390158172232,"y_coordinate":106.81602115823927,"radius":61.90297104174501,"color":"#D94B5F","children_json_url":null},"Coirós":{"cartodb_id":7431,"x_coordinate":0,"y_coordinate":133.19201726066888,"radius":63.691959229898075,"color":"#000000","children_json_url":null},"Corcubión":{"cartodb_id":7388,"x_coordinate":0,"y_coordinate":212.3200055679577,"radius":60.13705851344228,"color":"#000000","children_json_url":null},"Coristanco":{"cartodb_id":7432,"x_coordinate":0,"y_coordinate":204.78400668154924,"radius":61.19050459262793,"color":"#000000","children_json_url":null},"A_Coruña":{"cartodb_id":7417,"x_coordinate":0,"y_coordinate":193.48000835193656,"radius":54.4061351537204,"color":"#000000","children_json_url":null},"Culleredo":{"cartodb_id":7412,"x_coordinate":-100.0,"y_coordinate":182.17601002232388,"radius":55.706906063493655,"color":"#D94B5F","children_json_url":null},"Curtis":{"cartodb_id":7445,"x_coordinate":0,"y_coordinate":114.35202004464773,"radius":65.3844377741861,"color":"#000000","children_json_url":null},"Dodro":{"cartodb_id":7389,"x_coordinate":-109.49033391915641,"y_coordinate":234.92800222718307,"radius":71.11842105263159,"color":"#D94B5F","children_json_url":null},"Dumbría":{"cartodb_id":7391,"x_coordinate":104.56942003514939,"y_coordinate":121.88801893105618,"radius":53.673609521629665,"color":"#E88394","children_json_url":null},"Fene":{"cartodb_id":7437,"x_coordinate":0,"y_coordinate":250.0,"radius":58.46925972396487,"color":"#000000","children_json_url":null},"Ferrol":{"cartodb_id":7438,"x_coordinate":0,"y_coordinate":223.6240038975704,"radius":80,"color":"#000000","children_json_url":null},"Fisterra":{"cartodb_id":7392,"x_coordinate":-101.75746924428823,"y_coordinate":174.64001113591542,"radius":65.1494396014944,"color":"#D94B5F","children_json_url":null},"Frades":{"cartodb_id":7466,"x_coordinate":-300.0,"y_coordinate":133.19201726066888,"radius":72.14151298456906,"color":"#D94B5F","children_json_url":null},"Irixoa":{"cartodb_id":7467,"x_coordinate":160.80843585237258,"y_coordinate":118.12001948785198,"radius":63.428927680798004,"color":"#E88394","children_json_url":null},"Laxe":{"cartodb_id":7393,"x_coordinate":0,"y_coordinate":163.33601280630273,"radius":67.07458912768647,"color":"#000000","children_json_url":null},"Lousame":{"cartodb_id":7394,"x_coordinate":-103.86643233743409,"y_coordinate":140.72801614707734,"radius":80,"color":"#D94B5F","children_json_url":null},"Malpica_de_Bergantiños":{"cartodb_id":7442,"x_coordinate":0,"y_coordinate":140.72801614707734,"radius":63.31604765241766,"color":"#000000","children_json_url":null},"Mañón":{"cartodb_id":7444,"x_coordinate":113.3567662565905,"y_coordinate":-72.9040261694012,"radius":69.47983635300994,"color":"#E88394","children_json_url":null},"Mazaricos":{"cartodb_id":7395,"x_coordinate":0,"y_coordinate":155.80001391989427,"radius":52.455919395466,"color":"#000000","children_json_url":null},"Melide":{"cartodb_id":7468,"x_coordinate":-105.97539543057997,"y_coordinate":125.65601837426041,"radius":23.9462679001394,"color":"#D94B5F","children_json_url":null},"Mesía":{"cartodb_id":7469,"x_coordinate":0,"y_coordinate":110.5840206014435,"radius":80,"color":"#000000","children_json_url":null},"Miño":{"cartodb_id":7439,"x_coordinate":0,"y_coordinate":136.96001670387312,"radius":65.64080765143464,"color":"#000000","children_json_url":null},"Moeche":{"cartodb_id":7440,"x_coordinate":185.41300527240773,"y_coordinate":110.5840206014435,"radius":80,"color":"#E88394","children_json_url":null},"Monfero":{"cartodb_id":7471,"x_coordinate":103.86643233743409,"y_coordinate":106.81602115823927,"radius":57.40228977497039,"color":"#E88394","children_json_url":null},"Mugardos":{"cartodb_id":7441,"x_coordinate":0,"y_coordinate":219.85600445436617,"radius":63.40650725205802,"color":"#000000","children_json_url":null},"Muxía":{"cartodb_id":7397,"x_coordinate":0,"y_coordinate":174.64001113591542,"radius":60.82991336069312,"color":"#000000","children_json_url":null},"Muros":{"cartodb_id":7396,"x_coordinate":-100.0,"y_coordinate":148.2640150334858,"radius":58.88579387186629,"color":"#D94B5F","children_json_url":null},"Narón":{"cartodb_id":7446,"x_coordinate":-101.05448154657293,"y_coordinate":231.16000278397885,"radius":53.11849451988695,"color":"#D94B5F","children_json_url":null},"Neda":{"cartodb_id":7447,"x_coordinate":0,"y_coordinate":189.71200890873232,"radius":80,"color":"#000000","children_json_url":null},"Negreira":{"cartodb_id":7398,