{"Abegondo":{"cartodb_id":7418,"x_coordinate":0,"y_coordinate":-99.81264436102492,"radius":52.7831094049904,"color":"#000000","children_json_url":null},"Ames":{"cartodb_id":7380,"x_coordinate":0,"y_coordinate":170.73445119054094,"radius":55.52383755150088,"color":"#000000","children_json_url":null},"Aranga":{"cartodb_id":7455,"x_coordinate":112.79069767441861,"y_coordinate":-37.23457951145196,"radius":24.261637239165328,"color":"#E88394","children_json_url":null},"Ares":{"cartodb_id":7419,"x_coordinate":0,"y_coordinate":162.3907092105979,"radius":80,"color":"#000000","children_json_url":null},"Arteixo":{"cartodb_id":7422,"x_coordinate":100.0,"y_coordinate":179.07819317048398,"radius":80,"color":"#E88394","children_json_url":null},"Arzúa":{"cartodb_id":7462,"x_coordinate":-101.16279069767442,"y_coordinate":103.98451535099645,"radius":60.01479071143322,"color":"#D94B5F","children_json_url":null},"Bergondo":{"cartodb_id":7423,"x_coordinate":105.81395348837209,"y_coordinate":112.32825733093952,"radius":57.53356999536965,"color":"#E88394","children_json_url":null},"Betanzos":{"cartodb_id":7420,"x_coordinate":100.0,"y_coordinate":129.01574129082562,"radius":59.6898854961832,"color":"#E88394","children_json_url":null},"Boimorto":{"cartodb_id":7421,"x_coordinate":-118.6046511627907,"y_coordinate":-41.4064505014235,"radius":64.49466950959487,"color":"#D94B5F","children_json_url":null},"Boiro":{"cartodb_id":7384,"x_coordinate":100.0,"y_coordinate":120.67199931088258,"radius":61.2810991459339,"color":"#E88394","children_json_url":null},"Boqueixón":{"cartodb_id":7385,"x_coordinate":-122.09302325581396,"y_coordinate":137.3594832707687,"radius":65.39569940146309,"color":"#D94B5F","children_json_url":null},"Brión":{"cartodb_id":7381,"x_coordinate":0,"y_coordinate":124.84387030085409,"radius":57.09653647752395,"color":"#000000","children_json_url":null},"Cabanas":{"cartodb_id":7426,"x_coordinate":109.30232558139535,"y_coordinate":120.67199931088258,"radius":59.76878612716763,"color":"#E88394","children_json_url":null},"Camariñas":{"cartodb_id":7382,"x_coordinate":0,"y_coordinate":250.0,"radius":61.40484534511656,"color":"#000000","children_json_url":null},"Cambre":{"cartodb_id":7427,"x_coordinate":0,"y_coordinate":145.70322525071174,"radius":54.615751284359945,"color":"#000000","children_json_url":null},"Carballo":{"cartodb_id":7429,"x_coordinate":0,"y_coordinate":237.4843870300854,"radius":57.90913731495662,"color":"#000000","children_json_url":null},"Carnota":{"cartodb_id":7386,"x_coordinate":0,"y_coordinate":154.04696723065481,"radius":23.48643006263048,"color":"#000000","children_json_url":null},"Carral":{"cartodb_id":7428,"x_coordinate":-103.48837209302326,"y_coordinate":-95.64077337105338,"radius":61.00037188545928,"color":"#D94B5F","children_json_url":null},"Cedeira":{"cartodb_id":7435,"x_coordinate":0,"y_coordinate":103.98451535099645,"radius":23.88307155322862,"color":"#000000","children_json_url":null},"Cee":{"cartodb_id":7387,"x_coordinate":0,"y_coordinate":245.82812901002848,"radius":24.15543219666931,"color":"#000000","children_json_url":null},"Cerceda":{"cartodb_id":7443,"x_coordinate":0,"y_coordinate":-99.81264436102492,"radius":80,"color":"#000000","children_json_url":null},"Cerdido":{"cartodb_id":7436,"x_coordinate":138.37209302325581,"y_coordinate":-74.78141842119572,"radius":58.22423849643551,"color":"#E88394","children_json_url":null},"Cesuras":{"cartodb_id":7430,"x_coordinate":0,"y_coordinate":-66.43767644125268,"radius":80,"color":"#000000","children_json_url":null},"Coirós":{"cartodb_id":7431,"x_coordinate":156.97674418604652,"y_coordinate":-53.922063471338085,"radius":61.90680235672202,"color":"#E88394","children_json_url":null},"Corcubión":{"cartodb_id":7388,"x_coordinate":-101.16279069767442,"y_coordinate":179.07819317048398,"radius":61.22233930453109,"color":"#D94B5F","children_json_url":null},"Coristanco":{"cartodb_id":7432,"x_coordinate":-103.48837209302326,"y_coordinate":212.45316109025623,"radius":80.0,"color":"#D94B5F","children_json_url":null},"A_Coruña":{"cartodb_id":7417,"x_coordinate":0,"y_coordinate":154.04696723065481,"radius":52.34249653826073,"color":"#000000","children_json_url":null},"Culleredo":{"cartodb_id":7412,"x_coordinate":-100.0,"y_coordinate":133.18761228079717,"radius":80,"color":"#D94B5F","children_json_url":null},"Curtis":{"cartodb_id":7445,"x_coordinate":-115.11627906976744,"y_coordinate":-83.1251604011388,"radius":63.820381572824566,"color":"#D94B5F","children_json_url":null},"Dodro":{"cartodb_id":7389,"x_coordinate":115.11627906976744,"y_coordinate":191.59380614039856,"radius":63.941232832960715,"color":"#E88394","children_json_url":null},"Dumbría":{"cartodb_id":7391,"x_coordinate":113.95348837209302,"y_coordinate":183.25006416045554,"radius":54.96433666191155,"color":"#E88394","children_json_url":null},"Fene":{"cartodb_id":7437,"x_coordinate":0,"y_coordinate":179.07819317048398,"radius":56.14752243758956,"color":"#000000","children_json_url":null},"Ferrol":{"cartodb_id":7438,"x_coordinate":0,"y_coordinate":224.96877406017086,"radius":53.355904658721556,"color":"#000000","children_json_url":null},"Fisterra":{"cartodb_id":7392,"x_coordinate":-108.13953488372093,"y_coordinate":233.31251604011388,"radius":80,"color":"#D94B5F","children_json_url":null},"Frades":{"cartodb_id":7466,"x_coordinate":-102.32558139534883,"y_coordinate":-66.43767644125268,"radius":80,"color":"#D94B5F","children_json_url":null},"Irixoa":{"cartodb_id":7467,"x_coordinate":144.18604651162792,"y_coordinate":-58.093934461309615,"radius":67.00251889168766,"color":"#E88394","children_json_url":null},"Laxe":{"cartodb_id":7393,"x_coordinate":104.65116279069767,"y_coordinate":179.07819317048398,"radius":60.61719324026451,"color":"#E88394","children_json_url":null},"Lousame":{"cartodb_id":7394,"x_coordinate":-117.44186046511628,"y_coordinate":137.3594832707687,"radius":23.71435534974409,"color":"#D94B5F","children_json_url":null},"Malpica_de_Bergantiños":{"cartodb_id":7442,"x_coordinate":0,"y_coordinate":162.3907092105979,"radius":67.84810126582278,"color":"#000000","children_json_url":null},"Mañón":{"cartodb_id":7444,"x_coordinate":122.09302325581396,"y_coordinate":-70.60954743122421,"radius":61.27949659150498,"color":"#E88394","children_json_url":null},"Mazaricos":{"cartodb_id":7395,"x_coordinate":0,"y_coordinate":133.18761228079717,"radius":80,"color":"#000000","children_json_url":null},"Melide":{"cartodb_id":7468,"x_coordinate":-162.7906976744186,"y_coordinate":162.3907092105979,"radius":62.64096130991681,"color":"#D94B5F","children_json_url":null},"Mesía":{"cartodb_id":7469,"x_coordinate":104.65116279069767,"y_coordinate":-58.093934461309615,"radius":64.3076923076923,"color":"#E88394","children_json_url":null},"Miño":{"cartodb_id":7439,"x_coordinate":-109.30232558139535,"y_coordinate":-83.1251604011388,"radius":61.792934449663065,"color":"#D94B5F","children_json_url":null},"Moeche":{"cartodb_id":7440,"x_coordinate":119.76744186046511,"y_coordinate":-91.46890238108186,"radius":60.26974951830443,"color":"#E88394","children_json_url":null},"Monfero":{"cartodb_id":7471,"x_coordinate":-131.3953488372093,"y_coordinate":-33.06270852148043,"radius":60.105008077544426,"color":"#D94B5F","children_json_url":null},"Mugardos":{"cartodb_id":7441,"x_coordinate":-101.16279069767442,"y_coordinate":183.25006416045554,"radius":59.01949860724234,"color":"#D94B5F","children_json_url":null},"Muxía":{"cartodb_id":7397,"x_coordinate":0,"y_coordinate":241.65625802005692,"radius":60.80253431890179,"color":"#000000","children_json_url":null},"Muros":{"cartodb_id":7396,"x_coordinate":0,"y_coordinate":170.73445119054094,"radius":57.493892508143325,"color":"#000000","children_json_url":null},"Narón":{"cartodb_id":7446,"x_coordinate":0,"y_coordinate":179.07819317048398,"radius":49.30152010775447,"color":"#000000","children_json_url":null},"Neda":{"cartodb_id":7447,"x_coordinate":-111.62790697674419,"y_coordinate":158.21883822062634,"radius":58.68152625613902,