{"Abengibre":{"cartodb_id":4168,"x_coordinate":-114.39393939393939,"y_coordinate":null,"radius":74.95327102803739,"color":"#D94B5F","children_json_url":null},"Alatoz":{"cartodb_id":4169,"x_coordinate":-116.66666666666667,"y_coordinate":null,"radius":72.71794871794872,"color":"#D94B5F","children_json_url":null},"Albacete":{"cartodb_id":4152,"x_coordinate":0,"y_coordinate":125.3740980930199,"radius":59.17338458082711,"color":"#000000","children_json_url":null},"Albatana":{"cartodb_id":4202,"x_coordinate":-115.9090909090909,"y_coordinate":null,"radius":72.97442799461642,"color":"#D94B5F","children_json_url":null},"Alborea":{"cartodb_id":4170,"x_coordinate":-125.75757575757575,"y_coordinate":null,"radius":72.13855421686748,"color":"#D94B5F","children_json_url":null},"Alcadozo":{"cartodb_id":4153,"x_coordinate":-100.0,"y_coordinate":null,"radius":72.74052478134111,"color":"#D94B5F","children_json_url":null},"Alcalá_del_Júcar":{"cartodb_id":4171,"x_coordinate":-131.8181818181818,"y_coordinate":133.96898787970815,"radius":69.71025841816757,"color":"#D94B5F","children_json_url":null},"Alcaraz":{"cartodb_id":4217,"x_coordinate":-116.66666666666667,"y_coordinate":112.48176341298745,"radius":68.55983772819474,"color":"#D94B5F","children_json_url":null},"Almansa":{"cartodb_id":4186,"x_coordinate":0,"y_coordinate":129.67154298636402,"radius":63.824067778881854,"color":"#000000","children_json_url":null},"Alpera":{"cartodb_id":4187,"x_coordinate":104.54545454545455,"y_coordinate":155.45621234642888,"radius":72.22339304531086,"color":"#E88394","children_json_url":null},"Ayna":{"cartodb_id":4192,"x_coordinate":-100.75757575757575,"y_coordinate":null,"radius":72.05338809034907,"color":"#D94B5F","children_json_url":null},"Balazote":{"cartodb_id":4218,"x_coordinate":-116.66666666666667,"y_coordinate":222.0666081932631,"radius":25.448467966573816,"color":"#D94B5F","children_json_url":null},"Balsa_de_Ves":{"cartodb_id":894,"x_coordinate":125.0,"y_coordinate":null,"radius":70.0,"color":"#E88394","children_json_url":null},"El_Ballestero":{"cartodb_id":4223,"x_coordinate":-119.69696969696969,"y_coordinate":null,"radius":73.56701030927834,"color":"#D94B5F","children_json_url":null},"Barrax":{"cartodb_id":4154,"x_coordinate":106.06060606060606,"y_coordinate":151.15876745308475,"radius":73.80670611439842,"color":"#E88394","children_json_url":null},"Bienservida":{"cartodb_id":4219,"x_coordinate":-117.42424242424242,"y_coordinate":null,"radius":72.12976022566995,"color":"#D94B5F","children_json_url":null},"Bogarra":{"cartodb_id":4193,"x_coordinate":-115.9090909090909,"y_coordinate":222.0666081932631,"radius":66.05633802816902,"color":"#D94B5F","children_json_url":null},"Bonete":{"cartodb_id":4188,"x_coordinate":-110.60606060606061,"y_coordinate":-95.2919838396109,"radius":74.22492401215806,"color":"#D94B5F","children_json_url":null},"El_Bonillo":{"cartodb_id":4208,"x_coordinate":0,"y_coordinate":149.01004500641267,"radius":73.3693972179289,"color":"#000000","children_json_url":null},"Carcelén":{"cartodb_id":895,"x_coordinate":101.51515151515152,"y_coordinate":null,"radius":70.7843137254902,"color":"#E88394","children_json_url":null},"Casas_de_Juan_Núñez":{"cartodb_id":896,"x_coordinate":-100.75757575757575,"y_coordinate":144.7126001130685,"radius":74.21686746987952,"color":"#D94B5F","children_json_url":null},"Casas_de_Lázaro":{"cartodb_id":4220,"x_coordinate":121.96969696969697,"y_coordinate":null,"radius":74.8905109489051,"color":"#E88394","children_json_url":null},"Casas_de_Ves":{"cartodb_id":3878,"x_coordinate":106.06060606060606,"y_coordinate":null,"radius":66.45885286783042,"color":"#E88394","children_json_url":null},"Casas-Ibáñez":{"cartodb_id":3879,"x_coordinate":0,"y_coordinate":121.07665319967575,"radius":67.28077945084145,"color":"#000000","children_json_url":null},"Caudete":{"cartodb_id":4189,"x_coordinate":0,"y_coordinate":114.63048585965953,"radius":68.29370045890697,"color":"#000000","children_json_url":null},"Cenizate":{"cartodb_id":4163,"x_coordinate":-109.0909090909091,"y_coordinate":138.26643277305232,"radius":70.2405498281787,"color":"#D94B5F","children_json_url":null},"Corral-Rubio":{"cartodb_id":4155,"x_coordinate":126.51515151515152,"y_coordinate":null,"radius":73.16628701594533,"color":"#E88394","children_json_url":null},"Cotillas":{"cartodb_id":4222,"x_coordinate":-137.12121212121212,"y_coordinate":null,"radius":68.65853658536585,"color":"#D94B5F","children_json_url":null},"Elche_de_la_Sierra":{"cartodb_id":4194,"x_coordinate":-100.0,"y_coordinate":174.79471436647754,"radius":67.83216783216784,"color":"#D94B5F","children_json_url":null},"Férez":{"cartodb_id":4195,"x_coordinate":-115.15151515151516,"y_coordinate":null,"radius":72.58522727272728,"color":"#D94B5F","children_json_url":null},"Fuensanta":{"cartodb_id":4182,"x_coordinate":-132.57575757575756,"y_coordinate":null,"radius":71.91616766467067,"color":"#D94B5F","children_json_url":null},"Fuentealbilla":{"cartodb_id":4164,"x_coordinate":-101.51515151515152,"y_coordinate":174.79471436647754,"radius":69.50201884253028,"color":"#D94B5F","children_json_url":null},"La_Gineta":{"cartodb_id":4158,"x_coordinate":-113.63636363636364,"y_coordinate":131.8202654330361,"radius":72.75681950087058,"color":"#D94B5F","children_json_url":null},"Golosalvo":{"cartodb_id":4165,"x_coordinate":124.24242424242425,"y_coordinate":null,"radius":67.88461538461539,"color":"#E88394","children_json_url":null},"Hellín":{"cartodb_id":4203,"x_coordinate":0,"y_coordinate":153.3074898997568,"radius":62.352124409886144,"color":"#000000","children_json_url":null},"La_Herrera":{"cartodb_id":4159,"x_coordinate":113.63636363636364,"y_coordinate":null,"radius":73.25,"color":"#E88394","children_json_url":null},"Higueruela":{"cartodb_id":4156,"x_coordinate":-103.03030303030303,"y_coordinate":103.88687362629918,"radius":72.23529411764706,"color":"#D94B5F","children_json_url":null},"Hoya-Gonzalo":{"cartodb_id":4157,"x_coordinate":107.57575757575758,"y_coordinate":null,"radius":77.42962056303548,"color":"#E88394","children_json_url":null},"Jorquera":{"cartodb_id":4173,"x_coordinate":120.45454545454545,"y_coordinate":null,"radius":69.92277992277992,"color":"#E88394","children_json_url":null},"Letur":{"cartodb_id":4196,"x_coordinate":-128.78787878787878,"y_coordinate":187.6870490465099,"radius":66.61668228678538,"color":"#D94B5F","children_json_url":null},"Lezuza":{"cartodb_id":4210,"x_coordinate":-106.81818181818181,"y_coordinate":125.3740980930199,"radius":74.46601941747574,"color":"#D94B5F","children_json_url":null},"Liétor":{"cartodb_id":4204,"x_coordinate":-115.15151515151516,"y_coordinate":250.0,"radius":67.90697674418604,"color":"#D94B5F","children_json_url":null},"Madrigueras":{"cartodb_id":4175,"x_coordinate":115.15151515151516,"y_coordinate":136.11771032638023,"radius":70.71582346609257,"color":"#E88394","children_json_url":null},"Mahora":{"cartodb_id":4176,"x_coordinate":116.66666666666667,"y_coordinate":202.72810617321443,"radius":71.86524239934265,"color":"#E88394","children_json_url":null},"Masegoso":{"cartodb_id":4224,"x_coordinate":158.33333333333334,"y_coordinate":null,"radius":76.44444444444444,"color":"#E88394","children_json_url":null},"Minaya":{"cartodb_id":4211,"x_coordinate":-100.0,"y_coordinate":110.3330409663154,"radius":72.04330175913397,"color":"#D94B5F","children_json_url":null},"Molinicos":{"cartodb_id":4198,"x_coordinate":-124.24242424242425,"y_coordinate":170.49726947313337,"radius":68.64422202001819,"color":"#D94B5F","children_json_url":null},"Montalvos":{"cartodb_id":4160,"x_coordinate":-118.93939393939394,"y_coordinate":null,"radius":70.48275862068965,"color":"#D94B5F","children_json_url":null},"Montealegre_del_Castillo":{"cartodb_id":4191,"x_coordinate":110.60606060606061,"y_coordinate":-84.54837160625054,"radius":67.30703259005145,"color":"#E88394","children_json_url":null},"Motilleja":{"cartodb_id":4177,"x_coordinate":-128.03030303030303,"y_coordinate":null,"radius":73.92070484581498,"color":"#D94B5F",