{"Abengibre":{"cartodb_id":4168,"x_coordinate":-113.23155216284988,"y_coordinate":null,"radius":70.3794369645043,"color":"#D94B5F","children_json_url":null},"Alatoz":{"cartodb_id":4169,"x_coordinate":-112.72264631043257,"y_coordinate":null,"radius":74.02255639097744,"color":"#D94B5F","children_json_url":null},"Albacete":{"cartodb_id":4152,"x_coordinate":0,"y_coordinate":109.82093034851059,"radius":56.87685763040466,"color":"#000000","children_json_url":null},"Albatana":{"cartodb_id":4202,"x_coordinate":-107.12468193384224,"y_coordinate":null,"radius":71.05485232067511,"color":"#D94B5F","children_json_url":null},"Alborea":{"cartodb_id":4170,"x_coordinate":-112.21374045801527,"y_coordinate":null,"radius":69.79133226324238,"color":"#D94B5F","children_json_url":null},"Alcadozo":{"cartodb_id":4153,"x_coordinate":103.56234096692111,"y_coordinate":null,"radius":71.52941176470588,"color":"#E88394","children_json_url":null},"Alcalá_del_Júcar":{"cartodb_id":4171,"x_coordinate":-122.39185750636132,"y_coordinate":114.7684269244455,"radius":69.20398009950249,"color":"#D94B5F","children_json_url":null},"Alcaraz":{"cartodb_id":4217,"x_coordinate":-110.17811704834605,"y_coordinate":146.10257190536666,"radius":64.63215258855585,"color":"#D94B5F","children_json_url":null},"Almansa":{"cartodb_id":4186,"x_coordinate":0,"y_coordinate":142.8042408547434,"radius":80,"color":"#000000","children_json_url":null},"Alpera":{"cartodb_id":4187,"x_coordinate":-101.52671755725191,"y_coordinate":147.7517374306783,"radius":24.955844155844154,"color":"#D94B5F","children_json_url":null},"Ayna":{"cartodb_id":4192,"x_coordinate":-107.63358778625954,"y_coordinate":null,"radius":72.92576419213974,"color":"#D94B5F","children_json_url":null},"Balazote":{"cartodb_id":4218,"x_coordinate":-109.16030534351145,"y_coordinate":157.64673058254817,"radius":72.54476397178513,"color":"#D94B5F","children_json_url":null},"Balsa_de_Ves":{"cartodb_id":894,"x_coordinate":106.61577608142494,"y_coordinate":null,"radius":70.74626865671641,"color":"#E88394","children_json_url":null},"El_Ballestero":{"cartodb_id":4223,"x_coordinate":101.52671755725191,"y_coordinate":null,"radius":73.34872979214781,"color":"#E88394","children_json_url":null},"Barrax":{"cartodb_id":4154,"x_coordinate":-107.63358778625954,"y_coordinate":174.13838583566456,"radius":73.03225806451613,"color":"#D94B5F","children_json_url":null},"Bienservida":{"cartodb_id":4219,"x_coordinate":114.75826972010178,"y_coordinate":null,"radius":72.41809672386896,"color":"#E88394","children_json_url":null},"Bogarra":{"cartodb_id":4193,"x_coordinate":-109.66921119592875,"y_coordinate":202.17419976596244,"radius":68.1103166496425,"color":"#D94B5F","children_json_url":null},"Bonete":{"cartodb_id":4188,"x_coordinate":-106.61577608142494,"y_coordinate":-93.32927509539418,"radius":74.5626975763962,"color":"#D94B5F","children_json_url":null},"El_Bonillo":{"cartodb_id":4208,"x_coordinate":122.39185750636132,"y_coordinate":169.19088925972963,"radius":72.57509010812976,"color":"#E88394","children_json_url":null},"Carcelén":{"cartodb_id":895,"x_coordinate":101.0178117048346,"y_coordinate":null,"radius":73.23232323232324,"color":"#E88394","children_json_url":null},"Casas_de_Juan_Núñez":{"cartodb_id":896,"x_coordinate":-101.0178117048346,"y_coordinate":155.9975650572365,"radius":72.71708683473389,"color":"#D94B5F","children_json_url":null},"Casas_de_Lázaro":{"cartodb_id":4220,"x_coordinate":0,"y_coordinate":null,"radius":76.10878661087867,"color":"#000000","children_json_url":null},"Casas_de_Ves":{"cartodb_id":3878,"x_coordinate":-101.0178117048346,"y_coordinate":null,"radius":63.684210526315795,"color":"#D94B5F","children_json_url":null},"Casas-Ibáñez":{"cartodb_id":3879,"x_coordinate":0,"y_coordinate":108.17176482319896,"radius":65.56352165184973,"color":"#000000","children_json_url":null},"Caudete":{"cartodb_id":4189,"x_coordinate":0,"y_coordinate":126.31258560162699,"radius":66.97636511817441,"color":"#000000","children_json_url":null},"Cenizate":{"cartodb_id":4163,"x_coordinate":-111.19592875318067,"y_coordinate":149.40090295598995,"radius":70.45606229143493,"color":"#D94B5F","children_json_url":null},"Corral-Rubio":{"cartodb_id":4155,"x_coordinate":111.19592875318067,"y_coordinate":null,"radius":76.62198391420911,"color":"#E88394","children_json_url":null},"Cotillas":{"cartodb_id":4222,"x_coordinate":-116.79389312977099,"y_coordinate":null,"radius":72.6923076923077,"color":"#D94B5F","children_json_url":null},"Elche_de_la_Sierra":{"cartodb_id":4194,"x_coordinate":113.23155216284988,"y_coordinate":193.92837213940425,"radius":69.02047244094489,"color":"#E88394","children_json_url":null},"Férez":{"cartodb_id":4195,"x_coordinate":-122.39185750636132,"y_coordinate":null,"radius":74.36416184971098,"color":"#D94B5F","children_json_url":null},"Fuensanta":{"cartodb_id":4182,"x_coordinate":-109.16030534351145,"y_coordinate":null,"radius":68.2315112540193,"color":"#D94B5F","children_json_url":null},"Fuentealbilla":{"cartodb_id":4164,"x_coordinate":113.23155216284988,"y_coordinate":142.8042408547434,"radius":80,"color":"#E88394","children_json_url":null},"La_Gineta":{"cartodb_id":4158,"x_coordinate":-112.72264631043257,"y_coordinate":127.96175112693862,"radius":70.28938906752411,"color":"#D94B5F","children_json_url":null},"Golosalvo":{"cartodb_id":4165,"x_coordinate":121.37404580152672,"y_coordinate":null,"radius":66.73076923076923,"color":"#E88394","children_json_url":null},"Hellín":{"cartodb_id":4203,"x_coordinate":0,"y_coordinate":149.40090295598995,"radius":59.40306606973274,"color":"#000000","children_json_url":null},"La_Herrera":{"cartodb_id":4159,"x_coordinate":113.74045801526718,"y_coordinate":null,"radius":73.44051446945338,"color":"#E88394","children_json_url":null},"Higueruela":{"cartodb_id":4156,"x_coordinate":-106.61577608142494,"y_coordinate":132.90924770287356,"radius":68.26325411334551,"color":"#D94B5F","children_json_url":null},"Hoya-Gonzalo":{"cartodb_id":4157,"x_coordinate":-102.03562340966921,"y_coordinate":null,"radius":76.93693693693695,"color":"#D94B5F","children_json_url":null},"Jorquera":{"cartodb_id":4173,"x_coordinate":119.3384223918575,"y_coordinate":null,"radius":70.30973451327434,"color":"#E88394","children_json_url":null},"Letur":{"cartodb_id":4196,"x_coordinate":103.05343511450381,"y_coordinate":212.06919291783225,"radius":67.05294705294705,"color":"#E88394","children_json_url":null},"Lezuza":{"cartodb_id":4210,"x_coordinate":-107.12468193384224,"y_coordinate":124.66342007631535,"radius":73.7332392378264,"color":"#D94B5F","children_json_url":null},"Liétor":{"cartodb_id":4204,"x_coordinate":-300.0,"y_coordinate":250.0,"radius":68.39150227617603,"color":"#D94B5F","children_json_url":null},"Madrigueras":{"cartodb_id":4175,"x_coordinate":157.5063613231552,"y_coordinate":144.45340638005501,"radius":71.42176330420969,"color":"#E88394","children_json_url":null},"Mahora":{"cartodb_id":4176,"x_coordinate":114.24936386768448,"y_coordinate":159.2958961078598,"radius":71.38732959101844,"color":"#E88394","children_json_url":null},"Masegoso":{"cartodb_id":4224,"x_coordinate":127.48091603053436,"y_coordinate":null,"radius":77.14285714285714,"color":"#E88394","children_json_url":null},"Minaya":{"cartodb_id":4211,"x_coordinate":-106.10687022900764,"y_coordinate":113.11926139913388,"radius":25.362903225806452,"color":"#D94B5F","children_json_url":null},"Molinicos":{"cartodb_id":4198,"x_coordinate":-118.3206106870229,"y_coordinate":198.87586871533915,"radius":67.20841300191205,"color":"#D94B5F","children_json_url":null},"Montalvos":{"cartodb_id":4160,"x_coordinate":-111.70483460559797,"y_coordinate":null,"radius":72.17391304347825,"color":"#D94B5F","children_json_url":null},"Montealegre_del_Castillo":{"cartodb_id":4191,"x_coordinate":109.16030534351145,"y_coordinate":109.82093034851059,"radius":68.77551020408163,"color":"#E88394","children_json_url":null},"Motilleja":{"cartodb_id":4177,"x_coordinate":-109.66921119592875,"y_coordinate":null,