{"Abengibre":{"cartodb_id":4168,"x_coordinate":-156.79012345679013,"y_coordinate":null,"radius":72.07415990730011,"color":"#D94B5F","children_json_url":null},"Alatoz":{"cartodb_id":4169,"x_coordinate":102.46913580246914,"y_coordinate":null,"radius":72.2884012539185,"color":"#64B7DE","children_json_url":null},"Albacete":{"cartodb_id":4152,"x_coordinate":-107.4074074074074,"y_coordinate":"4.5","radius":57.77419824698191,"color":"#D94B5F","children_json_url":null},"Albatana":{"cartodb_id":4202,"x_coordinate":-119.75308641975309,"y_coordinate":null,"radius":74.27814569536423,"color":"#D94B5F","children_json_url":null},"Alborea":{"cartodb_id":4170,"x_coordinate":-134.5679012345679,"y_coordinate":null,"radius":68.83916083916084,"color":"#D94B5F","children_json_url":null},"Alcadozo":{"cartodb_id":4153,"x_coordinate":-161.7283950617284,"y_coordinate":null,"radius":70.72254335260115,"color":"#D94B5F","children_json_url":null},"Alcalá_del_Júcar":{"cartodb_id":4171,"x_coordinate":-166.66666666666669,"y_coordinate":"5.0","radius":70.75555555555556,"color":"#D94B5F","children_json_url":null},"Alcaraz":{"cartodb_id":4217,"x_coordinate":149.3827160493827,"y_coordinate":"3.9","radius":67.5,"color":"#64B7DE","children_json_url":null},"Almansa":{"cartodb_id":4186,"x_coordinate":-114.81481481481481,"y_coordinate":"4.4","radius":62.12087026591458,"color":"#D94B5F","children_json_url":null},"Alpera":{"cartodb_id":4187,"x_coordinate":-129.62962962962962,"y_coordinate":"4.0","radius":71.01570680628272,"color":"#D94B5F","children_json_url":null},"Ayna":{"cartodb_id":4192,"x_coordinate":127.1604938271605,"y_coordinate":null,"radius":68.76518218623482,"color":"#64B7DE","children_json_url":null},"Balazote":{"cartodb_id":4218,"x_coordinate":-137.03703703703704,"y_coordinate":"8.6","radius":74.6228020419739,"color":"#D94B5F","children_json_url":null},"Balsa_de_Ves":{"cartodb_id":894,"x_coordinate":193.82716049382717,"y_coordinate":null,"radius":70.78498293515358,"color":"#64B7DE","children_json_url":null},"El_Ballestero":{"cartodb_id":4223,"x_coordinate":-122.22222222222223,"y_coordinate":null,"radius":73.71541501976284,"color":"#D94B5F","children_json_url":null},"Barrax":{"cartodb_id":4154,"x_coordinate":166.66666666666669,"y_coordinate":"3.7","radius":71.23197903014417,"color":"#64B7DE","children_json_url":null},"Bienservida":{"cartodb_id":4219,"x_coordinate":-127.1604938271605,"y_coordinate":null,"radius":71.284046692607,"color":"#D94B5F","children_json_url":null},"Bogarra":{"cartodb_id":4193,"x_coordinate":-129.62962962962962,"y_coordinate":"13.4","radius":62.73010920436817,"color":"#D94B5F","children_json_url":null},"Bonete":{"cartodb_id":4188,"x_coordinate":117.28395061728395,"y_coordinate":"2.4","radius":72.10050251256281,"color":"#64B7DE","children_json_url":null},"El_Bonillo":{"cartodb_id":4208,"x_coordinate":-119.75308641975309,"y_coordinate":"3.8","radius":71.40944589066568,"color":"#D94B5F","children_json_url":null},"Carcelén":{"cartodb_id":895,"x_coordinate":-176.54320987654322,"y_coordinate":null,"radius":72.45398773006136,"color":"#D94B5F","children_json_url":null},"Casas_de_Juan_Núñez":{"cartodb_id":896,"x_coordinate":127.1604938271605,"y_coordinate":"5.1","radius":74.92565055762083,"color":"#64B7DE","children_json_url":null},"Casas_de_Lázaro":{"cartodb_id":4220,"x_coordinate":139.50617283950618,"y_coordinate":null,"radius":74.23645320197045,"color":"#64B7DE","children_json_url":null},"Casas_de_Ves":{"cartodb_id":3878,"x_coordinate":129.62962962962962,"y_coordinate":null,"radius":65.91836734693877,"color":"#64B7DE","children_json_url":null},"Casas-Ibáñez":{"cartodb_id":3879,"x_coordinate":-156.79012345679013,"y_coordinate":"3.5","radius":68.31778513391514,"color":"#D94B5F","children_json_url":null},"Caudete":{"cartodb_id":4189,"x_coordinate":-134.5679012345679,"y_coordinate":"2.8","radius":67.78299871849637,"color":"#D94B5F","children_json_url":null},"Cenizate":{"cartodb_id":4163,"x_coordinate":-119.75308641975309,"y_coordinate":"5.3","radius":70.23569023569024,"color":"#D94B5F","children_json_url":null},"Corral-Rubio":{"cartodb_id":4155,"x_coordinate":174.07407407407408,"y_coordinate":null,"radius":74.60829493087557,"color":"#64B7DE","children_json_url":null},"Cotillas":{"cartodb_id":4222,"x_coordinate":-179.01234567901236,"y_coordinate":null,"radius":68.76847290640394,"color":"#D94B5F","children_json_url":null},"Elche_de_la_Sierra":{"cartodb_id":4194,"x_coordinate":-154.320987654321,"y_coordinate":"6.0","radius":66.42879898056705,"color":"#D94B5F","children_json_url":null},"Férez":{"cartodb_id":4195,"x_coordinate":107.4074074074074,"y_coordinate":null,"radius":75.08620689655173,"color":"#64B7DE","children_json_url":null},"Fuensanta":{"cartodb_id":4182,"x_coordinate":-156.79012345679013,"y_coordinate":null,"radius":71.83431952662721,"color":"#D94B5F","children_json_url":null},"Fuentealbilla":{"cartodb_id":4164,"x_coordinate":114.81481481481481,"y_coordinate":"7.3","radius":69.56692913385827,"color":"#64B7DE","children_json_url":null},"La_Gineta":{"cartodb_id":4158,"x_coordinate":-159.25925925925927,"y_coordinate":"3.1","radius":72.9916567342074,"color":"#D94B5F","children_json_url":null},"Golosalvo":{"cartodb_id":4165,"x_coordinate":169.1358024691358,"y_coordinate":null,"radius":72.8440366972477,"color":"#64B7DE","children_json_url":null},"Hellín":{"cartodb_id":4203,"x_coordinate":107.4074074074074,"y_coordinate":"6.5","radius":60.80956128270706,"color":"#64B7DE","children_json_url":null},"La_Herrera":{"cartodb_id":4159,"x_coordinate":127.1604938271605,"y_coordinate":null,"radius":74.85714285714286,"color":"#64B7DE","children_json_url":null},"Higueruela":{"cartodb_id":4156,"x_coordinate":-122.22222222222223,"y_coordinate":"0.9","radius":69.8941798941799,"color":"#D94B5F","children_json_url":null},"Hoya-Gonzalo":{"cartodb_id":4157,"x_coordinate":107.4074074074074,"y_coordinate":null,"radius":77.06474820143885,"color":"#64B7DE","children_json_url":null},"Jorquera":{"cartodb_id":4173,"x_coordinate":166.66666666666669,"y_coordinate":null,"radius":71.85714285714286,"color":"#64B7DE","children_json_url":null},"Letur":{"cartodb_id":4196,"x_coordinate":-201.23456790123458,"y_coordinate":"7.5","radius":64.21319796954315,"color":"#D8282A","children_json_url":null},"Lezuza":{"cartodb_id":4210,"x_coordinate":117.28395061728395,"y_coordinate":"4.7","radius":74.9827228749136,"color":"#64B7DE","children_json_url":null},"Liétor":{"cartodb_id":4204,"x_coordinate":109.87654320987654,"y_coordinate":"9.4","radius":65.4320987654321,"color":"#64B7DE","children_json_url":null},"Madrigueras":{"cartodb_id":4175,"x_coordinate":-112.34567901234568,"y_coordinate":"3.7","radius":72.39483090459169,"color":"#D94B5F","children_json_url":null},"Mahora":{"cartodb_id":4176,"x_coordinate":-104.93827160493827,"y_coordinate":"6.8","radius":70.08347245409016,"color":"#D94B5F","children_json_url":null},"Masegoso":{"cartodb_id":4224,"x_coordinate":300.0,"y_coordinate":null,"radius":71.94630872483222,"color":"#5AB0E9","children_json_url":null},"Minaya":{"cartodb_id":4211,"x_coordinate":132.09876543209876,"y_coordinate":"2.9","radius":72.2375,"color":"#64B7DE","children_json_url":null},"Molinicos":{"cartodb_id":4198,"x_coordinate":-159.25925925925927,"y_coordinate":"6.1","radius":68.13725490196079,"color":"#D94B5F","children_json_url":null},"Montalvos":{"cartodb_id":4160,"x_coordinate":-124.69135802469135,"y_coordinate":null,"radius":73.43065693430657,"color":"#D94B5F","children_json_url":null},"Montealegre_del_Castillo":{"cartodb_id":4191,"x_coordinate":151.85185185185185,"y_coordinate":"2.4","radius":66.53692043503148,"color":"#64B7DE","children_json_url":null},"Motilleja":{"cartodb_id":4177,"x_coordinate":-169.1358024691358,"y_coordinate":null,"radius":74.27937915742794,"color":"#D94B5F","children_json_url":null},"Munera":{"cartodb_id":4212,"x_coordinate":-223.45679012345678,"y_coordinate":"4.9","radius":70.86676875957122,"color":"#D8282A","children_json_url":null},