{"Abengibre":{"cartodb_id":4168,"x_coordinate":-149.35064935064935,"y_coordinate":null,"radius":74.95327102803739,"color":"#D94B5F","children_json_url":null},"Alatoz":{"cartodb_id":4169,"x_coordinate":-157.14285714285714,"y_coordinate":null,"radius":72.71794871794872,"color":"#D94B5F","children_json_url":null},"Albacete":{"cartodb_id":4152,"x_coordinate":-112.98701298701299,"y_coordinate":"4.4","radius":59.17338458082711,"color":"#D94B5F","children_json_url":null},"Albatana":{"cartodb_id":4202,"x_coordinate":-154.54545454545456,"y_coordinate":null,"radius":72.97442799461642,"color":"#D94B5F","children_json_url":null},"Alborea":{"cartodb_id":4170,"x_coordinate":-188.31168831168833,"y_coordinate":null,"radius":72.13855421686748,"color":"#D94B5F","children_json_url":null},"Alcadozo":{"cartodb_id":4153,"x_coordinate":-100.0,"y_coordinate":null,"radius":72.74052478134111,"color":"#D94B5F","children_json_url":null},"Alcalá_del_Júcar":{"cartodb_id":4171,"x_coordinate":-209.0909090909091,"y_coordinate":"4.8","radius":69.71025841816757,"color":"#D8282A","children_json_url":null},"Alcaraz":{"cartodb_id":4217,"x_coordinate":-157.14285714285714,"y_coordinate":"3.8","radius":68.55983772819474,"color":"#D94B5F","children_json_url":null},"Almansa":{"cartodb_id":4186,"x_coordinate":-123.37662337662337,"y_coordinate":"4.6","radius":63.824067778881854,"color":"#D94B5F","children_json_url":null},"Alpera":{"cartodb_id":4187,"x_coordinate":115.58441558441558,"y_coordinate":"5.8","radius":72.22339304531086,"color":"#64B7DE","children_json_url":null},"Ayna":{"cartodb_id":4192,"x_coordinate":-102.59740259740259,"y_coordinate":null,"radius":72.05338809034907,"color":"#D94B5F","children_json_url":null},"Balazote":{"cartodb_id":4218,"x_coordinate":-157.14285714285714,"y_coordinate":"8.9","radius":74.48467966573816,"color":"#D94B5F","children_json_url":null},"Balsa_de_Ves":{"cartodb_id":894,"x_coordinate":185.71428571428572,"y_coordinate":null,"radius":70.0,"color":"#64B7DE","children_json_url":null},"El_Ballestero":{"cartodb_id":4223,"x_coordinate":-167.53246753246754,"y_coordinate":null,"radius":73.56701030927834,"color":"#D94B5F","children_json_url":null},"Barrax":{"cartodb_id":4154,"x_coordinate":120.77922077922078,"y_coordinate":"5.6","radius":73.80670611439842,"color":"#64B7DE","children_json_url":null},"Bienservida":{"cartodb_id":4219,"x_coordinate":-159.74025974025975,"y_coordinate":null,"radius":72.12976022566995,"color":"#D94B5F","children_json_url":null},"Bogarra":{"cartodb_id":4193,"x_coordinate":-154.54545454545456,"y_coordinate":"8.9","radius":66.05633802816902,"color":"#D94B5F","children_json_url":null},"Bonete":{"cartodb_id":4188,"x_coordinate":-136.36363636363637,"y_coordinate":"3.0","radius":74.22492401215806,"color":"#D94B5F","children_json_url":null},"El_Bonillo":{"cartodb_id":4208,"x_coordinate":-112.98701298701299,"y_coordinate":"5.5","radius":73.3693972179289,"color":"#D94B5F","children_json_url":null},"Carcelén":{"cartodb_id":895,"x_coordinate":105.1948051948052,"y_coordinate":null,"radius":70.7843137254902,"color":"#64B7DE","children_json_url":null},"Casas_de_Juan_Núñez":{"cartodb_id":896,"x_coordinate":-102.59740259740259,"y_coordinate":"5.3","radius":74.21686746987952,"color":"#D94B5F","children_json_url":null},"Casas_de_Lázaro":{"cartodb_id":4220,"x_coordinate":175.32467532467533,"y_coordinate":null,"radius":74.8905109489051,"color":"#64B7DE","children_json_url":null},"Casas_de_Ves":{"cartodb_id":3878,"x_coordinate":120.77922077922078,"y_coordinate":null,"radius":66.45885286783042,"color":"#64B7DE","children_json_url":null},"Casas-Ibáñez":{"cartodb_id":3879,"x_coordinate":-128.57142857142858,"y_coordinate":"4.2","radius":67.28077945084145,"color":"#D94B5F","children_json_url":null},"Caudete":{"cartodb_id":4189,"x_coordinate":-149.35064935064935,"y_coordinate":"3.9","radius":68.29370045890697,"color":"#D94B5F","children_json_url":null},"Cenizate":{"cartodb_id":4163,"x_coordinate":-131.16883116883116,"y_coordinate":"5.0","radius":70.2405498281787,"color":"#D94B5F","children_json_url":null},"Corral-Rubio":{"cartodb_id":4155,"x_coordinate":190.9090909090909,"y_coordinate":null,"radius":73.16628701594533,"color":"#64B7DE","children_json_url":null},"Cotillas":{"cartodb_id":4222,"x_coordinate":-227.27272727272725,"y_coordinate":null,"radius":68.65853658536585,"color":"#D8282A","children_json_url":null},"Elche_de_la_Sierra":{"cartodb_id":4194,"x_coordinate":-136.36363636363637,"y_coordinate":"6.7","radius":67.83216783216784,"color":"#D94B5F","children_json_url":null},"Férez":{"cartodb_id":4195,"x_coordinate":-151.94805194805195,"y_coordinate":null,"radius":72.58522727272728,"color":"#D94B5F","children_json_url":null},"Fuensanta":{"cartodb_id":4182,"x_coordinate":-211.68831168831167,"y_coordinate":null,"radius":71.91616766467067,"color":"#D8282A","children_json_url":null},"Fuentealbilla":{"cartodb_id":4164,"x_coordinate":-105.1948051948052,"y_coordinate":"6.7","radius":69.50201884253028,"color":"#D94B5F","children_json_url":null},"La_Gineta":{"cartodb_id":4158,"x_coordinate":-146.75324675324674,"y_coordinate":"4.7","radius":72.75681950087058,"color":"#D94B5F","children_json_url":null},"Golosalvo":{"cartodb_id":4165,"x_coordinate":183.11688311688312,"y_coordinate":null,"radius":67.88461538461539,"color":"#64B7DE","children_json_url":null},"Hellín":{"cartodb_id":4203,"x_coordinate":-131.16883116883116,"y_coordinate":"5.7","radius":62.352124409886144,"color":"#D94B5F","children_json_url":null},"La_Herrera":{"cartodb_id":4159,"x_coordinate":146.75324675324674,"y_coordinate":null,"radius":73.25,"color":"#64B7DE","children_json_url":null},"Higueruela":{"cartodb_id":4156,"x_coordinate":-110.3896103896104,"y_coordinate":"3.4","radius":72.23529411764706,"color":"#D94B5F","children_json_url":null},"Hoya-Gonzalo":{"cartodb_id":4157,"x_coordinate":125.97402597402598,"y_coordinate":null,"radius":77.42962056303548,"color":"#64B7DE","children_json_url":null},"Jorquera":{"cartodb_id":4173,"x_coordinate":170.12987012987014,"y_coordinate":null,"radius":69.92277992277992,"color":"#64B7DE","children_json_url":null},"Letur":{"cartodb_id":4196,"x_coordinate":-198.7012987012987,"y_coordinate":"7.3","radius":66.61668228678538,"color":"#D94B5F","children_json_url":null},"Lezuza":{"cartodb_id":4210,"x_coordinate":-123.37662337662337,"y_coordinate":"4.4","radius":74.46601941747574,"color":"#D94B5F","children_json_url":null},"Liétor":{"cartodb_id":4204,"x_coordinate":-151.94805194805195,"y_coordinate":"10.2","radius":67.90697674418604,"color":"#D94B5F","children_json_url":null},"Madrigueras":{"cartodb_id":4175,"x_coordinate":0,"y_coordinate":"4.9","radius":70.71582346609257,"color":"#AAA","children_json_url":null},"Mahora":{"cartodb_id":4176,"x_coordinate":157.14285714285714,"y_coordinate":"8.0","radius":71.86524239934265,"color":"#64B7DE","children_json_url":null},"Masegoso":{"cartodb_id":4224,"x_coordinate":300.0,"y_coordinate":null,"radius":76.44444444444444,"color":"#5AB0E9","children_json_url":null},"Minaya":{"cartodb_id":4211,"x_coordinate":-100.0,"y_coordinate":"3.7","radius":72.04330175913397,"color":"#D94B5F","children_json_url":null},"Molinicos":{"cartodb_id":4198,"x_coordinate":-183.11688311688312,"y_coordinate":"6.5","radius":68.64422202001819,"color":"#D94B5F","children_json_url":null},"Montalvos":{"cartodb_id":4160,"x_coordinate":-164.93506493506493,"y_coordinate":null,"radius":70.48275862068965,"color":"#D94B5F","children_json_url":null},"Montealegre_del_Castillo":{"cartodb_id":4191,"x_coordinate":136.36363636363637,"y_coordinate":"2.5","radius":67.30703259005145,"color":"#64B7DE","children_json_url":null},"Motilleja":{"cartodb_id":4177,"x_coordinate":-196.1038961038961,"y_coordinate":null,"radius":73.92070484581498,"color":"#D94B5F","children_json_url":null},"Munera":{"cartodb_id":4212,"x_coordinate":-227.27272727272725,"y_coordinate":"6.2","radius":70.18614586512054,"color":"#D8282A","children_json_url":null},"Navas_de_Jorquera":{"cartodb_id":4178,