{"Pego":{"cartodb_id":6623,"x_coordinate":117.47126436781609,"y_coordinate":null,"radius":67.40566037735849,"color":"#64B7DE","children_json_url":null},"Adsubia":{"cartodb_id":6597,"x_coordinate":118.85057471264368,"y_coordinate":null,"radius":71.85011709601874,"color":"#64B7DE","children_json_url":null},"Agost":{"cartodb_id":6532,"x_coordinate":-109.19540229885058,"y_coordinate":-54.4304465705588,"radius":70.60615290892477,"color":"#D94B5F","children_json_url":null},"Agres":{"cartodb_id":6573,"x_coordinate":106.4367816091954,"y_coordinate":null,"radius":73.63957597173146,"color":"#64B7DE","children_json_url":null},"Albatera":{"cartodb_id":5991,"x_coordinate":0,"y_coordinate":-88.7408945406362,"radius":68.99892687413767,"color":"#AAA","children_json_url":null},"Alcalalí":{"cartodb_id":6598,"x_coordinate":-113.33333333333333,"y_coordinate":-47.56835697654332,"radius":72.33009708737865,"color":"#D94B5F","children_json_url":null},"Alcocer_de_Planes":{"cartodb_id":6574,"x_coordinate":122.52873563218391,"y_coordinate":null,"radius":68.10344827586206,"color":"#64B7DE","children_json_url":null},"Alcoy":{"cartodb_id":6541,"x_coordinate":0,"y_coordinate":167.65492487181422,"radius":60.63005132440564,"color":"#AAA","children_json_url":null},"Alfafara":{"cartodb_id":6576,"x_coordinate":-115.63218390804597,"y_coordinate":null,"radius":74.18181818181819,"color":"#D94B5F","children_json_url":null},"Algorfa":{"cartodb_id":5992,"x_coordinate":102.29885057471265,"y_coordinate":140.2065664957523,"radius":74.56375838926175,"color":"#64B7DE","children_json_url":null},"Algueña":{"cartodb_id":6654,"x_coordinate":-120.6896551724138,"y_coordinate":-85.30984974362846,"radius":70.53422370617696,"color":"#D94B5F","children_json_url":null},"Alicante":{"cartodb_id":6649,"x_coordinate":0,"y_coordinate":133.3444769017368,"radius":54.448519506705026,"color":"#AAA","children_json_url":null},"Almoradí":{"cartodb_id":5993,"x_coordinate":0,"y_coordinate":-78.44776014961299,"radius":68.94459346961429,"color":"#AAA","children_json_url":null},"Almudaina":{"cartodb_id":6577,"x_coordinate":100.45977011494253,"y_coordinate":null,"radius":74.65346534653466,"color":"#64B7DE","children_json_url":null},"Altea":{"cartodb_id":6631,"x_coordinate":0,"y_coordinate":-61.29253616457429,"radius":80,"color":"#AAA","children_json_url":null},"Aspe":{"cartodb_id":6655,"x_coordinate":0,"y_coordinate":136.77552169874457,"radius":69.61520701862398,"color":"#AAA","children_json_url":null},"Balones":{"cartodb_id":6578,"x_coordinate":-122.52873563218391,"y_coordinate":null,"radius":75.54054054054055,"color":"#D94B5F","children_json_url":null},"Benasau":{"cartodb_id":6579,"x_coordinate":0,"y_coordinate":null,"radius":73.51351351351352,"color":"#AAA","children_json_url":null},"Benejúzar":{"cartodb_id":5994,"x_coordinate":0,"y_coordinate":-75.01671535260525,"radius":25.24421593830334,"color":"#AAA","children_json_url":null},"Benferri":{"cartodb_id":6552,"x_coordinate":-105.05747126436782,"y_coordinate":-61.29253616457429,"radius":71.29337539432177,"color":"#D94B5F","children_json_url":null},"Beniarbeig":{"cartodb_id":6599,"x_coordinate":-116.55172413793103,"y_coordinate":-20.119998600481395,"radius":71.25628140703517,"color":"#D94B5F","children_json_url":null},"Beniardá":{"cartodb_id":6600,"x_coordinate":102.75862068965517,"y_coordinate":null,"radius":72.94117647058823,"color":"#64B7DE","children_json_url":null},"Beniarrés":{"cartodb_id":5352,"x_coordinate":-103.2183908045977,"y_coordinate":-99.03402893165942,"radius":71.93522267206478,"color":"#D94B5F","children_json_url":null},"Benidoleig":{"cartodb_id":6601,"x_coordinate":-104.59770114942529,"y_coordinate":-23.55104339748914,"radius":75.14285714285714,"color":"#D94B5F","children_json_url":null},"Benidorm":{"cartodb_id":6632,"x_coordinate":0,"y_coordinate":-92.17193933764395,"radius":23.49687337798759,"color":"#AAA","children_json_url":null},"Benifallim":{"cartodb_id":6543,"x_coordinate":131.72413793103448,"y_coordinate":null,"radius":69.93548387096774,"color":"#64B7DE","children_json_url":null},"Benifato":{"cartodb_id":6610,"x_coordinate":0,"y_coordinate":null,"radius":74.54545454545455,"color":"#AAA","children_json_url":null},"Benijófar":{"cartodb_id":6553,"x_coordinate":-109.19540229885058,"y_coordinate":116.18925291669811,"radius":73.86091127098322,"color":"#D94B5F","children_json_url":null},"Benilloba":{"cartodb_id":6580,"x_coordinate":-100.91954022988506,"y_coordinate":null,"radius":72.06675224646983,"color":"#D94B5F","children_json_url":null},"Benillup":{"cartodb_id":6581,"x_coordinate":131.26436781609195,"y_coordinate":null,"radius":77.77777777777777,"color":"#64B7DE","children_json_url":null},"Benimantell":{"cartodb_id":6633,"x_coordinate":-110.57471264367817,"y_coordinate":null,"radius":72.95180722891567,"color":"#D94B5F","children_json_url":null},"Benimarfull":{"cartodb_id":6582,"x_coordinate":103.67816091954023,"y_coordinate":null,"radius":72.65957446808511,"color":"#64B7DE","children_json_url":null},"Benimeli":{"cartodb_id":6602,"x_coordinate":116.55172413793103,"y_coordinate":null,"radius":72.12765957446808,"color":"#64B7DE","children_json_url":null},"Benitachell":{"cartodb_id":6606,"x_coordinate":116.0919540229885,"y_coordinate":-20.119998600481395,"radius":67.60642009769714,"color":"#64B7DE","children_json_url":null},"Biar":{"cartodb_id":6551,"x_coordinate":-111.49425287356321,"y_coordinate":-92.17193933764395,"radius":20.523560209424083,"color":"#D94B5F","children_json_url":null},"Bigastro":{"cartodb_id":6554,"x_coordinate":100.0,"y_coordinate":-68.15462575858976,"radius":71.60387513455328,"color":"#64B7DE","children_json_url":null},"Bolulla":{"cartodb_id":6634,"x_coordinate":-110.57471264367817,"y_coordinate":null,"radius":69.21875,"color":"#D94B5F","children_json_url":null},"Busot":{"cartodb_id":6535,"x_coordinate":102.75862068965517,"y_coordinate":105.89611852567491,"radius":66.51162790697674,"color":"#64B7DE","children_json_url":null},"Calpe":{"cartodb_id":6608,"x_coordinate":-103.2183908045977,"y_coordinate":-50.99940177355105,"radius":62.185289957567186,"color":"#D94B5F","children_json_url":null},"Callosa_de_Segura":{"cartodb_id":6555,"x_coordinate":0,"y_coordinate":109.32716332268265,"radius":66.58335298278708,"color":"#AAA","children_json_url":null},"El_Campello":{"cartodb_id":6536,"x_coordinate":0,"y_coordinate":-85.30984974362846,"radius":55.61190738699008,"color":"#AAA","children_json_url":null},"Campo_de_Mirra":{"cartodb_id":5986,"x_coordinate":-112.41379310344827,"y_coordinate":null,"radius":77.6923076923077,"color":"#D94B5F","children_json_url":null},"Cañada":{"cartodb_id":5987,"x_coordinate":132.183908045977,"y_coordinate":109.32716332268265,"radius":73.59223300970874,"color":"#64B7DE","children_json_url":null},"Castalla":{"cartodb_id":6544,"x_coordinate":-105.97701149425288,"y_coordinate":-85.30984974362846,"radius":69.28326530612244,"color":"#D94B5F","children_json_url":null},"Castell_de_Castells":{"cartodb_id":6609,"x_coordinate":121.60919540229885,"y_coordinate":null,"radius":74.85714285714286,"color":"#64B7DE","children_json_url":null},"Catral":{"cartodb_id":6556,"x_coordinate":0,"y_coordinate":153.93074568378327,"radius":71.58620689655172,"color":"#AAA","children_json_url":null},"Cocentaina":{"cartodb_id":6584,"x_coordinate":0,"y_coordinate":126.48238730772132,"radius":24.490313653136532,"color":"#AAA","children_json_url":null},"Confrides":{"cartodb_id":6636,"x_coordinate":112.8735632183908,"y_coordinate":null,"radius":67.83505154639175,"color":"#64B7DE","children_json_url":null},"Cox":{"cartodb_id":6557,"x_coordinate":0,"y_coordinate":-44.13731217953558,"radius":69.43864229765013,"color":"#AAA","children_json_url":null},"Daya_Nueva":{"cartodb_id":6558,"x_coordinate":109.65517241379311,"y_coordinate":-75.01671535260525,"radius":70.80962800875272,"color":"#64B7DE","children_json_url":null},"Daya_Vieja":{"cartodb_id":6559,"x_coordinate":127.1264367816092,"y_coordinate":null,"radius":67.5,"color":"#64B7DE",