{"Pego":{"cartodb_id":6623,"x_coordinate":0,"y_coordinate":null,"radius":67.5912408759124,"color":"#000000","children_json_url":null},"Adsubia":{"cartodb_id":6597,"x_coordinate":181.57894736842104,"y_coordinate":null,"radius":69.68973747016706,"color":"#E88394","children_json_url":null},"Agost":{"cartodb_id":6532,"x_coordinate":-131.57894736842104,"y_coordinate":-11.432751774068166,"radius":68.5899322931999,"color":"#D94B5F","children_json_url":null},"Agres":{"cartodb_id":6573,"x_coordinate":110.52631578947368,"y_coordinate":null,"radius":73.93258426966293,"color":"#E88394","children_json_url":null},"Albatera":{"cartodb_id":5991,"x_coordinate":0,"y_coordinate":-60.119945289564455,"radius":80,"color":"#000000","children_json_url":null},"Alcalalí":{"cartodb_id":6598,"x_coordinate":123.6842105263158,"y_coordinate":32.38572238987851,"radius":67.0886075949367,"color":"#E88394","children_json_url":null},"Alcocer_de_Planes":{"cartodb_id":6574,"x_coordinate":234.21052631578948,"y_coordinate":null,"radius":70.43478260869566,"color":"#E88394","children_json_url":null},"Alcoy":{"cartodb_id":6541,"x_coordinate":0,"y_coordinate":162.36305167210668,"radius":61.931510421890984,"color":"#000000","children_json_url":null},"Alfafara":{"cartodb_id":6576,"x_coordinate":-142.10526315789474,"y_coordinate":null,"radius":74.85714285714286,"color":"#D94B5F","children_json_url":null},"Algorfa":{"cartodb_id":5992,"x_coordinate":200.0,"y_coordinate":-40.64506788336594,"radius":80,"color":"#E88394","children_json_url":null},"Algueña":{"cartodb_id":6654,"x_coordinate":-168.42105263157896,"y_coordinate":-69.85738399266373,"radius":71.33501259445845,"color":"#D94B5F","children_json_url":null},"Alicante":{"cartodb_id":6649,"x_coordinate":0,"y_coordinate":-99.0697001019615,"radius":80,"color":"#000000","children_json_url":null},"Almoradí":{"cartodb_id":5993,"x_coordinate":0,"y_coordinate":-74.72610334421336,"radius":69.41999103541013,"color":"#000000","children_json_url":null},"Almudaina":{"cartodb_id":6577,"x_coordinate":178.94736842105263,"y_coordinate":null,"radius":71.84466019417476,"color":"#E88394","children_json_url":null},"Altea":{"cartodb_id":6631,"x_coordinate":0,"y_coordinate":-16.301471125617795,"radius":63.291139240506325,"color":"#000000","children_json_url":null},"Aspe":{"cartodb_id":6655,"x_coordinate":0,"y_coordinate":-79.59482269576296,"radius":68.67723300251815,"color":"#000000","children_json_url":null},"Balones":{"cartodb_id":6578,"x_coordinate":163.1578947368421,"y_coordinate":null,"radius":76.42384105960265,"color":"#E88394","children_json_url":null},"Benasau":{"cartodb_id":6579,"x_coordinate":0,"y_coordinate":null,"radius":72.88537549407116,"color":"#000000","children_json_url":null},"Benejúzar":{"cartodb_id":5994,"x_coordinate":-100.0,"y_coordinate":-64.98866464111408,"radius":80,"color":"#D94B5F","children_json_url":null},"Benferri":{"cartodb_id":6552,"x_coordinate":-176.31578947368422,"y_coordinate":-35.77634853181631,"radius":74.35448577680525,"color":"#D94B5F","children_json_url":null},"Beniarbeig":{"cartodb_id":6599,"x_coordinate":-176.31578947368422,"y_coordinate":27.517003038328866,"radius":70.17045454545455,"color":"#D94B5F","children_json_url":null},"Beniardá":{"cartodb_id":6600,"x_coordinate":176.31578947368422,"y_coordinate":null,"radius":72.04419889502762,"color":"#E88394","children_json_url":null},"Beniarrés":{"cartodb_id":5352,"x_coordinate":-105.26315789473685,"y_coordinate":-84.4635420473126,"radius":73.11557788944724,"color":"#D94B5F","children_json_url":null},"Benidoleig":{"cartodb_id":6601,"x_coordinate":-102.63157894736842,"y_coordinate":27.517003038328866,"radius":69.09836065573771,"color":"#D94B5F","children_json_url":null},"Benidorm":{"cartodb_id":6632,"x_coordinate":0,"y_coordinate":-35.77634853181631,"radius":80,"color":"#000000","children_json_url":null},"Benifallim":{"cartodb_id":6543,"x_coordinate":278.9473684210526,"y_coordinate":null,"radius":68.18181818181819,"color":"#E88394","children_json_url":null},"Benifato":{"cartodb_id":6610,"x_coordinate":168.42105263157896,"y_coordinate":null,"radius":73.58778625954199,"color":"#E88394","children_json_url":null},"Benijófar":{"cartodb_id":6553,"x_coordinate":-107.89473684210526,"y_coordinate":-21.170190477167424,"radius":69.13443830570903,"color":"#D94B5F","children_json_url":null},"Benilloba":{"cartodb_id":6580,"x_coordinate":-136.8421052631579,"y_coordinate":null,"radius":72.4523506988564,"color":"#D94B5F","children_json_url":null},"Benillup":{"cartodb_id":6581,"x_coordinate":300.0,"y_coordinate":null,"radius":67.33333333333333,"color":"#E88394","children_json_url":null},"Benimantell":{"cartodb_id":6633,"x_coordinate":-121.05263157894737,"y_coordinate":null,"radius":72.88461538461539,"color":"#D94B5F","children_json_url":null},"Benimarfull":{"cartodb_id":6582,"x_coordinate":160.5263157894737,"y_coordinate":null,"radius":73.13868613138686,"color":"#E88394","children_json_url":null},"Benimeli":{"cartodb_id":6602,"x_coordinate":150.0,"y_coordinate":null,"radius":72.65306122448979,"color":"#E88394","children_json_url":null},"Benitachell":{"cartodb_id":6606,"x_coordinate":128.94736842105263,"y_coordinate":32.38572238987851,"radius":67.00384826827927,"color":"#E88394","children_json_url":null},"Biar":{"cartodb_id":6551,"x_coordinate":0,"y_coordinate":103.93841945351112,"radius":72.50520471894518,"color":"#000000","children_json_url":null},"Bigastro":{"cartodb_id":6554,"x_coordinate":-100.0,"y_coordinate":-69.85738399266373,"radius":72.63468634686348,"color":"#D94B5F","children_json_url":null},"Bolulla":{"cartodb_id":6634,"x_coordinate":-142.10526315789474,"y_coordinate":null,"radius":72.33082706766916,"color":"#D94B5F","children_json_url":null},"Busot":{"cartodb_id":6535,"x_coordinate":0,"y_coordinate":-45.513787234915576,"radius":64.91202346041055,"color":"#000000","children_json_url":null},"Calpe":{"cartodb_id":6608,"x_coordinate":0,"y_coordinate":-1.6953130709688935,"radius":60.744295367740676,"color":"#000000","children_json_url":null},"Callosa_de_Segura":{"cartodb_id":6555,"x_coordinate":0,"y_coordinate":-79.59482269576296,"radius":69.45655711031566,"color":"#000000","children_json_url":null},"El_Campello":{"cartodb_id":6536,"x_coordinate":0,"y_coordinate":-55.25122593801482,"radius":60.65246697222971,"color":"#000000","children_json_url":null},"Campo_de_Mirra":{"cartodb_id":5986,"x_coordinate":-178.94736842105263,"y_coordinate":null,"radius":78.19277108433735,"color":"#D94B5F","children_json_url":null},"Cañada":{"cartodb_id":5987,"x_coordinate":276.3157894736842,"y_coordinate":-55.25122593801482,"radius":72.85266457680251,"color":"#E88394","children_json_url":null},"Castalla":{"cartodb_id":6544,"x_coordinate":0,"y_coordinate":-26.03890982871704,"radius":70.78881206788184,"color":"#000000","children_json_url":null},"Castell_de_Castells":{"cartodb_id":6609,"x_coordinate":223.68421052631578,"y_coordinate":null,"radius":75.2,"color":"#E88394","children_json_url":null},"Catral":{"cartodb_id":6556,"x_coordinate":0,"y_coordinate":108.80713880506075,"radius":71.67728237791931,"color":"#000000","children_json_url":null},"Cocentaina":{"cartodb_id":6584,"x_coordinate":0,"y_coordinate":108.80713880506075,"radius":80,"color":"#000000","children_json_url":null},"Confrides":{"cartodb_id":6636,"x_coordinate":136.8421052631579,"y_coordinate":null,"radius":67.56363636363636,"color":"#E88394","children_json_url":null},"Cox":{"cartodb_id":6557,"x_coordinate":0,"y_coordinate":-35.77634853181631,"radius":25.289036544850497,"color":"#000000","children_json_url":null},"Daya_Nueva":{"cartodb_id":6558,"x_coordinate":163.1578947368421,"y_coordinate":-60.119945289564455,"radius":71.32154006243496,"color":"#E88394","children_json_url":null},"Daya_Vieja":{"cartodb_id":6559,"x_coordinate":136.8421052631579,"y_coordinate":null,"radius":72.35294117647058,"color":"#E88394","children_json_url":null},"Dénia":{"cartodb_id":6611,"x_coordinate":0,"y_coordinate":-1.6953130709688935,"radius":60.63766741732843,