{"Benizalón":{"cartodb_id":440,"x_coordinate":214.28571428571428,"y_coordinate":null,"radius":59.20792079207921,"color":"#5AB0E9","children_json_url":null},"Bentarique":{"cartodb_id":462,"x_coordinate":-161.22448979591837,"y_coordinate":null,"radius":72.9641693811075,"color":"#D94B5F","children_json_url":null},"Berja":{"cartodb_id":496,"x_coordinate":-132.6530612244898,"y_coordinate":38.53914439372113,"radius":61.02311854402361,"color":"#D94B5F","children_json_url":null},"Canjáyar":{"cartodb_id":472,"x_coordinate":-140.81632653061223,"y_coordinate":222.15496355336177,"radius":64.67153284671534,"color":"#D94B5F","children_json_url":null},"Cantoria":{"cartodb_id":420,"x_coordinate":-104.08163265306122,"y_coordinate":353.30912009596227,"radius":64.47376890891535,"color":"#D94B5F","children_json_url":null},"Carboneras":{"cartodb_id":490,"x_coordinate":-155.10204081632654,"y_coordinate":300.8474574789221,"radius":68.8666922781406,"color":"#D94B5F","children_json_url":null},"Castro_de_Filabres":{"cartodb_id":441,"x_coordinate":-297.9591836734694,"y_coordinate":null,"radius":67.53246753246754,"color":"#D8282A","children_json_url":null},"Cóbdar":{"cartodb_id":442,"x_coordinate":183.67346938775512,"y_coordinate":null,"radius":63.684210526315795,"color":"#64B7DE","children_json_url":null},"Cuevas_del_Almanzora":{"cartodb_id":506,"x_coordinate":146.9387755102041,"y_coordinate":195.92413224484164,"radius":66.37257373329973,"color":"#64B7DE","children_json_url":null},"Chercos":{"cartodb_id":421,"x_coordinate":187.75510204081633,"y_coordinate":null,"radius":68.73720136518772,"color":"#64B7DE","children_json_url":null},"Chirivel":{"cartodb_id":515,"x_coordinate":-165.30612244897958,"y_coordinate":379.5399514044824,"radius":64.76843910806176,"color":"#D94B5F","children_json_url":null},"Dalías":{"cartodb_id":497,"x_coordinate":-118.36734693877551,"y_coordinate":274.61662617040207,"radius":66.33459292339401,"color":"#D94B5F","children_json_url":null},"Enix":{"cartodb_id":488,"x_coordinate":151.0204081632653,"y_coordinate":null,"radius":73.06859205776173,"color":"#64B7DE","children_json_url":null},"Felix":{"cartodb_id":498,"x_coordinate":-191.83673469387753,"y_coordinate":null,"radius":70.57142857142857,"color":"#D94B5F","children_json_url":null},"Fines":{"cartodb_id":422,"x_coordinate":-136.73469387755102,"y_coordinate":536.924939255603,"radius":70.04273504273505,"color":"#D94B5F","children_json_url":null},"Fiñana":{"cartodb_id":460,"x_coordinate":-189.79591836734693,"y_coordinate":-13.922518223319102,"radius":67.27272727272728,"color":"#D94B5F","children_json_url":null},"Fondón":{"cartodb_id":473,"x_coordinate":-175.51020408163265,"y_coordinate":null,"radius":66.07013301088271,"color":"#D94B5F","children_json_url":null},"Gádor":{"cartodb_id":491,"x_coordinate":116.3265306122449,"y_coordinate":248.3857948618819,"radius":72.75964391691394,"color":"#64B7DE","children_json_url":null},"Garrucha":{"cartodb_id":508,"x_coordinate":-124.48979591836735,"y_coordinate":117.23163831928139,"radius":66.77914110429448,"color":"#D94B5F","children_json_url":null},"Gérgal":{"cartodb_id":461,"x_coordinate":-116.3265306122449,"y_coordinate":64.76997570224114,"radius":69.38511326860842,"color":"#D94B5F","children_json_url":null},"Huécija":{"cartodb_id":474,"x_coordinate":-159.18367346938777,"y_coordinate":null,"radius":76.73640167364016,"color":"#D94B5F","children_json_url":null},"Huércal_de_Almería":{"cartodb_id":492,"x_coordinate":0,"y_coordinate":250.0,"radius":60.088202866593164,"color":"#AAA","children_json_url":null},"Huércal-Overa":{"cartodb_id":509,"x_coordinate":0,"y_coordinate":91.00080701076126,"radius":65.47442799461642,"color":"#AAA","children_json_url":null},"Illar":{"cartodb_id":475,"x_coordinate":118.36734693877551,"y_coordinate":null,"radius":75.49636803874091,"color":"#64B7DE","children_json_url":null},"Instinción":{"cartodb_id":476,"x_coordinate":-153.0612244897959,"y_coordinate":null,"radius":73.82716049382717,"color":"#D94B5F","children_json_url":null},"Laroya":{"cartodb_id":423,"x_coordinate":0,"y_coordinate":null,"radius":64.48275862068965,"color":"#AAA","children_json_url":null},"Láujar_de_Andarax":{"cartodb_id":477,"x_coordinate":-130.6122448979592,"y_coordinate":169.69330093632163,"radius":70.6275579809004,"color":"#D94B5F","children_json_url":null},"Líjar":{"cartodb_id":424,"x_coordinate":108.16326530612245,"y_coordinate":null,"radius":74.29928741092637,"color":"#64B7DE","children_json_url":null},"Lubrín":{"cartodb_id":443,"x_coordinate":0,"y_coordinate":484.4632766385628,"radius":70.96709870388834,"color":"#AAA","children_json_url":null},"Lucainena_de_las_Torres":{"cartodb_id":444,"x_coordinate":165.30612244897958,"y_coordinate":null,"radius":60.185676392572944,"color":"#64B7DE","children_json_url":null},"Lúcar":{"cartodb_id":425,"x_coordinate":-242.85714285714286,"y_coordinate":null,"radius":72.07177814029365,"color":"#D8282A","children_json_url":null},"Macael":{"cartodb_id":426,"x_coordinate":106.12244897959184,"y_coordinate":589.3866018726432,"radius":65.70105263157895,"color":"#64B7DE","children_json_url":null},"María":{"cartodb_id":517,"x_coordinate":0,"y_coordinate":379.5399514044824,"radius":64.68085106382978,"color":"#AAA","children_json_url":null},"Mojácar":{"cartodb_id":511,"x_coordinate":118.36734693877551,"y_coordinate":484.4632766385628,"radius":61.901166781056965,"color":"#64B7DE","children_json_url":null},"Nacimiento":{"cartodb_id":464,"x_coordinate":-236.73469387755102,"y_coordinate":null,"radius":69.89858012170386,"color":"#D8282A","children_json_url":null},"Níjar":{"cartodb_id":493,"x_coordinate":-132.6530612244898,"y_coordinate":169.69330093632163,"radius":61.44935064935065,"color":"#D94B5F","children_json_url":null},"Ohanes":{"cartodb_id":478,"x_coordinate":-153.0612244897959,"y_coordinate":null,"radius":68.8121546961326,"color":"#D94B5F","children_json_url":null},"Olula_de_Castro":{"cartodb_id":445,"x_coordinate":124.48979591836735,"y_coordinate":null,"radius":62.82157676348548,"color":"#64B7DE","children_json_url":null},"Olula_del_Río":{"cartodb_id":427,"x_coordinate":126.53061224489795,"y_coordinate":563.1557705641233,"radius":63.300148273670835,"color":"#64B7DE","children_json_url":null},"Oria":{"cartodb_id":428,"x_coordinate":-136.73469387755102,"y_coordinate":327.0782887874422,"radius":61.81113801452784,"color":"#D94B5F","children_json_url":null},"Padules":{"cartodb_id":479,"x_coordinate":-169.3877551020408,"y_coordinate":null,"radius":65.0,"color":"#D94B5F","children_json_url":null},"Partaloa":{"cartodb_id":429,"x_coordinate":148.9795918367347,"y_coordinate":null,"radius":70.67669172932331,"color":"#64B7DE","children_json_url":null},"Paterna_del_Río":{"cartodb_id":480,"x_coordinate":177.55102040816325,"y_coordinate":null,"radius":70.3225806451613,"color":"#64B7DE","children_json_url":null},"Pechina":{"cartodb_id":494,"x_coordinate":-132.6530612244898,"y_coordinate":12.308313085201007,"radius":66.55172413793103,"color":"#D94B5F","children_json_url":null},"Pulpí":{"cartodb_id":512,"x_coordinate":-136.73469387755102,"y_coordinate":379.5399514044824,"radius":66.07246376811594,"color":"#D94B5F","children_json_url":null},"Purchena":{"cartodb_id":430,"x_coordinate":-189.79591836734693,"y_coordinate":353.30912009596227,"radius":67.65486725663717,"color":"#D94B5F","children_json_url":null},"Rágol":{"cartodb_id":481,"x_coordinate":-132.6530612244898,"y_coordinate":null,"radius":74.90716180371354,"color":"#D94B5F","children_json_url":null},"Rioja":{"cartodb_id":485,"x_coordinate":-120.40816326530611,"y_coordinate":91.00080701076126,"radius":71.75298804780877,"color":"#D94B5F","children_json_url":null},"Roquetas_de_Mar":{"cartodb_id":501,"x_coordinate":157.14285714285714,"y_coordinate":222.15496355336177,"radius":55.4195965039101,"color":"#64B7DE","children_json_url":null},"Santa_Fe_de_Mondújar":{"cartodb_id":486,"x_coordinate":-165.30612244897958,"y_coordinate":null,"radius":73.1219512195122,"color":"#D94B5F","children_json_url":null},