{"Abla":{"cartodb_id":454,"x_coordinate":-102.37918215613382,"y_coordinate":-5.32482205987489,"radius":24.60545193687231,"color":"#D94B5F","children_json_url":null},"Abrucena":{"cartodb_id":456,"x_coordinate":100.29739776951673,"y_coordinate":55.84397242515638,"radius":70.45567522783762,"color":"#64B7DE","children_json_url":null},"Adra":{"cartodb_id":495,"x_coordinate":0,"y_coordinate":-51.20141792364832,"radius":24.280744583460482,"color":"#AAA","children_json_url":null},"Albánchez":{"cartodb_id":412,"x_coordinate":-102.00743494423791,"y_coordinate":null,"radius":63.114754098360656,"color":"#D94B5F","children_json_url":null},"Alboloduy":{"cartodb_id":457,"x_coordinate":102.60223048327137,"y_coordinate":null,"radius":74.52316076294278,"color":"#64B7DE","children_json_url":null},"Albox":{"cartodb_id":414,"x_coordinate":0,"y_coordinate":40.551773803898584,"radius":80,"color":"#AAA","children_json_url":null},"Alcolea":{"cartodb_id":466,"x_coordinate":0,"y_coordinate":null,"radius":67.52475247524752,"color":"#AAA","children_json_url":null},"Alcóntar":{"cartodb_id":415,"x_coordinate":102.30483271375465,"y_coordinate":null,"radius":66.3975155279503,"color":"#64B7DE","children_json_url":null},"Alcudia_de_Monteagud":{"cartodb_id":439,"x_coordinate":-103.86617100371747,"y_coordinate":null,"radius":63.73831775700934,"color":"#D94B5F","children_json_url":null},"Alhabia":{"cartodb_id":458,"x_coordinate":-103.86617100371747,"y_coordinate":null,"radius":67.02163061564059,"color":"#D94B5F","children_json_url":null},"Alhama_de_Almería":{"cartodb_id":467,"x_coordinate":-300.0,"y_coordinate":-51.20141792364832,"radius":25.228706624605678,"color":"#D8282A","children_json_url":null},"Alicún":{"cartodb_id":468,"x_coordinate":100.4460966542751,"y_coordinate":null,"radius":75.88235294117646,"color":"#64B7DE","children_json_url":null},"Almería":{"cartodb_id":483,"x_coordinate":0,"y_coordinate":219.41560275748435,"radius":23.708630174046352,"color":"#AAA","children_json_url":null},"Almócita":{"cartodb_id":469,"x_coordinate":-103.27137546468401,"y_coordinate":null,"radius":67.1951219512195,"color":"#D94B5F","children_json_url":null},"Alsodux":{"cartodb_id":470,"x_coordinate":101.56133828996282,"y_coordinate":null,"radius":76.8141592920354,"color":"#64B7DE","children_json_url":null},"Antas":{"cartodb_id":504,"x_coordinate":-100.22304832713755,"y_coordinate":86.42836966767203,"radius":25.086166744294363,"color":"#D94B5F","children_json_url":null},"Arboleas":{"cartodb_id":416,"x_coordinate":-102.23048327137546,"y_coordinate":55.84397242515638,"radius":67.22943722943722,"color":"#D94B5F","children_json_url":null},"Armuña_de_Almanzora":{"cartodb_id":417,"x_coordinate":-103.42007434944237,"y_coordinate":null,"radius":70.6896551724138,"color":"#D94B5F","children_json_url":null},"Bacares":{"cartodb_id":418,"x_coordinate":-100.59479553903346,"y_coordinate":null,"radius":57.5,"color":"#D94B5F","children_json_url":null},"Bayárcal":{"cartodb_id":471,"x_coordinate":101.56133828996282,"y_coordinate":null,"radius":72.0265780730897,"color":"#64B7DE","children_json_url":null},"Bayarque":{"cartodb_id":419,"x_coordinate":102.75092936802974,"y_coordinate":null,"radius":65.12,"color":"#64B7DE","children_json_url":null},"Bédar":{"cartodb_id":505,"x_coordinate":-103.56877323420075,"y_coordinate":162.88936277396112,"radius":58.632750397456284,"color":"#D94B5F","children_json_url":null},"Beires":{"cartodb_id":447,"x_coordinate":104.23791821561338,"y_coordinate":null,"radius":73.47826086956522,"color":"#64B7DE","children_json_url":null},"Benahadux":{"cartodb_id":484,"x_coordinate":100.52044609665427,"y_coordinate":142.95460965119526,"radius":80,"color":"#64B7DE","children_json_url":null},"Benitagla":{"cartodb_id":413,"x_coordinate":107.21189591078067,"y_coordinate":null,"radius":54.41176470588235,"color":"#64B7DE","children_json_url":null},"Benizalón":{"cartodb_id":440,"x_coordinate":102.23048327137546,"y_coordinate":null,"radius":66.49446494464945,"color":"#64B7DE","children_json_url":null},"Bentarique":{"cartodb_id":462,"x_coordinate":-102.67657992565056,"y_coordinate":null,"radius":74.79245283018868,"color":"#D94B5F","children_json_url":null},"Berja":{"cartodb_id":496,"x_coordinate":0,"y_coordinate":9.967376561382935,"radius":62.34756097560976,"color":"#AAA","children_json_url":null},"Canjáyar":{"cartodb_id":472,"x_coordinate":-102.00743494423791,"y_coordinate":86.42836966767203,"radius":67.55295836376918,"color":"#D94B5F","children_json_url":null},"Cantoria":{"cartodb_id":420,"x_coordinate":100.37174721189591,"y_coordinate":40.551773803898584,"radius":65.08276533592989,"color":"#64B7DE","children_json_url":null},"Carboneras":{"cartodb_id":490,"x_coordinate":109.88847583643123,"y_coordinate":132.3049655314455,"radius":66.48730009407339,"color":"#64B7DE","children_json_url":null},"Castro_de_Filabres":{"cartodb_id":441,"x_coordinate":-105.27881040892193,"y_coordinate":null,"radius":69.38775510204081,"color":"#D94B5F","children_json_url":null},"Cóbdar":{"cartodb_id":442,"x_coordinate":-100.89219330855019,"y_coordinate":null,"radius":69.86301369863014,"color":"#D94B5F","children_json_url":null},"Cuevas_del_Almanzora":{"cartodb_id":506,"x_coordinate":0,"y_coordinate":132.3049655314455,"radius":66.05884581386539,"color":"#AAA","children_json_url":null},"Chercos":{"cartodb_id":421,"x_coordinate":102.45353159851301,"y_coordinate":null,"radius":67.70318021201413,"color":"#64B7DE","children_json_url":null},"Chirivel":{"cartodb_id":515,"x_coordinate":-103.42007434944237,"y_coordinate":285.2269517440237,"radius":64.29906542056074,"color":"#D94B5F","children_json_url":null},"Dalías":{"cartodb_id":497,"x_coordinate":-101.93308550185874,"y_coordinate":86.42836966767203,"radius":70.13185287994449,"color":"#D94B5F","children_json_url":null},"Enix":{"cartodb_id":488,"x_coordinate":100.4460966542751,"y_coordinate":null,"radius":68.03858520900322,"color":"#64B7DE","children_json_url":null},"Felix":{"cartodb_id":498,"x_coordinate":-101.11524163568774,"y_coordinate":null,"radius":74.7239263803681,"color":"#D94B5F","children_json_url":null},"Fines":{"cartodb_id":422,"x_coordinate":101.78438661710037,"y_coordinate":193.47376001647672,"radius":71.92307692307693,"color":"#64B7DE","children_json_url":null},"Fiñana":{"cartodb_id":460,"x_coordinate":-102.97397769516729,"y_coordinate":101.72056828892985,"radius":71.03410936654035,"color":"#D94B5F","children_json_url":null},"Fondón":{"cartodb_id":473,"x_coordinate":-101.18959107806691,"y_coordinate":null,"radius":69.91473812423874,"color":"#D94B5F","children_json_url":null},"Gádor":{"cartodb_id":491,"x_coordinate":-102.8996282527881,"y_coordinate":-5.32482205987489,"radius":73.08718861209965,"color":"#D94B5F","children_json_url":null},"Garrucha":{"cartodb_id":508,"x_coordinate":0,"y_coordinate":101.72056828892985,"radius":65.40722459053174,"color":"#AAA","children_json_url":null},"Gérgal":{"cartodb_id":461,"x_coordinate":-101.85873605947955,"y_coordinate":25.259575182640774,"radius":72.44397011739593,"color":"#D94B5F","children_json_url":null},"Huécija":{"cartodb_id":474,"x_coordinate":-100.59479553903346,"y_coordinate":null,"radius":75.68710359408033,"color":"#D94B5F","children_json_url":null},"Huércal_de_Almería":{"cartodb_id":492,"x_coordinate":-101.33828996282529,"y_coordinate":250.0,"radius":58.94273127753304,"color":"#D94B5F","children_json_url":null},"Huércal-Overa":{"cartodb_id":509,"x_coordinate":0,"y_coordinate":-66.49361654490616,"radius":80,"color":"#AAA","children_json_url":null},"Illar":{"cartodb_id":475,"x_coordinate":102.15613382899629,"y_coordinate":null,"radius":75.44715447154472,"color":"#64B7DE","children_json_url":null},"Instinción":{"cartodb_id":476,"x_coordinate":-102.37918215613382,"y_coordinate":null,"radius":74.98929336188436,"color":"#D94B5F","children_json_url":null},"Laroya":{"cartodb_id":423,"x_coordinate":101.635687732342,"y_coordinate":null,"radius":55.322580645161295,"color":"#64B7DE","children_json_url":null},