{"Nava":{"cartodb_id":5901,"x_coordinate":-122.12765957446808,"y_coordinate":null,"radius":67.19999999999999,"color":"#D94B5F","children_json_url":null},"Grado":{"cartodb_id":5897,"x_coordinate":106.38297872340425,"y_coordinate":null,"radius":66.25,"color":"#E88394","children_json_url":null},"Allande":{"cartodb_id":8227,"x_coordinate":-122.12765957446808,"y_coordinate":5.382301005174625,"radius":22.711234911792015,"color":"#D94B5F","children_json_url":null},"Aller":{"cartodb_id":8205,"x_coordinate":0,"y_coordinate":154.8575741353271,"radius":57.28881366364056,"color":"#000000","children_json_url":null},"Amieva":{"cartodb_id":8240,"x_coordinate":-108.93617021276596,"y_coordinate":null,"radius":53.54720439963336,"color":"#D94B5F","children_json_url":null},"Avilés":{"cartodb_id":8195,"x_coordinate":0,"y_coordinate":144.84258193904571,"radius":55.881271850429066,"color":"#000000","children_json_url":null},"Bimenes":{"cartodb_id":8257,"x_coordinate":0,"y_coordinate":-19.655179485528762,"radius":61.856195818459966,"color":"#000000","children_json_url":null},"Boal":{"cartodb_id":8208,"x_coordinate":-104.25531914893617,"y_coordinate":-14.6476833873881,"radius":20.356294536817103,"color":"#D94B5F","children_json_url":null},"Cabrales":{"cartodb_id":8241,"x_coordinate":102.55319148936171,"y_coordinate":-14.6476833873881,"radius":80,"color":"#E88394","children_json_url":null},"Cabranes":{"cartodb_id":8254,"x_coordinate":-128.08510638297872,"y_coordinate":-4.63269119110673,"radius":74.64968152866243,"color":"#D94B5F","children_json_url":null},"Candamo":{"cartodb_id":8196,"x_coordinate":-119.57446808510639,"y_coordinate":-34.67766777995081,"radius":57.42363877822045,"color":"#D94B5F","children_json_url":null},"Cangas_del_Narcea":{"cartodb_id":8232,"x_coordinate":0,"y_coordinate":-99.77511705577962,"radius":51.72044525855995,"color":"#000000","children_json_url":null},"Cangas_de_Onís":{"cartodb_id":8242,"x_coordinate":0,"y_coordinate":-54.70765217251352,"radius":54.517021865485745,"color":"#000000","children_json_url":null},"Caravia":{"cartodb_id":8243,"x_coordinate":-103.82978723404256,"y_coordinate":null,"radius":63.288590604026844,"color":"#D94B5F","children_json_url":null},"Carreño":{"cartodb_id":8226,"x_coordinate":0,"y_coordinate":-89.76012485949828,"radius":57.63764995386035,"color":"#000000","children_json_url":null},"Caso":{"cartodb_id":8236,"x_coordinate":121.27659574468085,"y_coordinate":15.39729320145598,"radius":58.65122052130741,"color":"#E88394","children_json_url":null},"Castrillón":{"cartodb_id":8197,"x_coordinate":0,"y_coordinate":104.78261315392031,"radius":23.588387869114126,"color":"#000000","children_json_url":null},"Castropol":{"cartodb_id":8210,"x_coordinate":108.93617021276596,"y_coordinate":-59.7151482706542,"radius":20.366300366300365,"color":"#E88394","children_json_url":null},"Coaña":{"cartodb_id":8213,"x_coordinate":-111.91489361702128,"y_coordinate":-14.6476833873881,"radius":24.304107909258125,"color":"#D94B5F","children_json_url":null},"Colunga":{"cartodb_id":8245,"x_coordinate":0,"y_coordinate":10.389797103315317,"radius":23.981113320079523,"color":"#000000","children_json_url":null},"Cudillero":{"cartodb_id":8203,"x_coordinate":107.65957446808511,"y_coordinate":-64.72264436879487,"radius":63.21573163678427,"color":"#E88394","children_json_url":null},"Degaña":{"cartodb_id":8233,"x_coordinate":101.70212765957447,"y_coordinate":250.0,"radius":63.07328605200946,"color":"#E88394","children_json_url":null},"El_Franco":{"cartodb_id":8214,"x_coordinate":0,"y_coordinate":-29.67017168181013,"radius":80,"color":"#000000","children_json_url":null},"Gijón":{"cartodb_id":8228,"x_coordinate":0,"y_coordinate":159.86507023346775,"radius":80,"color":"#000000","children_json_url":null},"Gozón":{"cartodb_id":8204,"x_coordinate":0,"y_coordinate":-94.76762095763894,"radius":57.572695401113634,"color":"#000000","children_json_url":null},"Grandas_de_Salime":{"cartodb_id":8211,"x_coordinate":-112.34042553191489,"y_coordinate":10.389797103315317,"radius":80,"color":"#D94B5F","children_json_url":null},"Ibias":{"cartodb_id":8234,"x_coordinate":0,"y_coordinate":-69.73014046693554,"radius":54.35209086215798,"color":"#000000","children_json_url":null},"Illano":{"cartodb_id":8215,"x_coordinate":-112.76595744680851,"y_coordinate":null,"radius":55.52755905511811,"color":"#D94B5F","children_json_url":null},"Illas":{"cartodb_id":8182,"x_coordinate":0,"y_coordinate":-29.67017168181013,"radius":62.7190332326284,"color":"#000000","children_json_url":null},"Langreo":{"cartodb_id":8237,"x_coordinate":0,"y_coordinate":179.8950546260305,"radius":23.300829573570077,"color":"#000000","children_json_url":null},"Laviana":{"cartodb_id":8238,"x_coordinate":0,"y_coordinate":124.81259754648303,"radius":59.94957709824333,"color":"#000000","children_json_url":null},"Lena":{"cartodb_id":8206,"x_coordinate":0,"y_coordinate":104.78261315392031,"radius":59.42305974814683,"color":"#000000","children_json_url":null},"Llanera":{"cartodb_id":5899,"x_coordinate":0,"y_coordinate":-84.7526287613576,"radius":60.036929570034296,"color":"#000000","children_json_url":null},"Llanes":{"cartodb_id":8246,"x_coordinate":0,"y_coordinate":-24.66267558366944,"radius":54.37119739070439,"color":"#000000","children_json_url":null},"Mieres":{"cartodb_id":8207,"x_coordinate":0,"y_coordinate":194.9175429204525,"radius":56.04681799756789,"color":"#000000","children_json_url":null},"Morcín":{"cartodb_id":5900,"x_coordinate":-101.70212765957447,"y_coordinate":-44.69265997623216,"radius":63.91049156272928,"color":"#D94B5F","children_json_url":null},"Navia":{"cartodb_id":8216,"x_coordinate":0,"y_coordinate":-34.67766777995081,"radius":61.135082127972545,"color":"#000000","children_json_url":null},"Noreña":{"cartodb_id":5902,"x_coordinate":0,"y_coordinate":-79.7451326632169,"radius":61.408259986459036,"color":"#000000","children_json_url":null},"Onís":{"cartodb_id":8247,"x_coordinate":-118.29787234042553,"y_coordinate":null,"radius":68.84297520661157,"color":"#D94B5F","children_json_url":null},"Oviedo":{"cartodb_id":5903,"x_coordinate":0,"y_coordinate":114.79760535020166,"radius":56.15153921712052,"color":"#000000","children_json_url":null},"Parres":{"cartodb_id":8248,"x_coordinate":0,"y_coordinate":-39.68516387809149,"radius":61.40461629512724,"color":"#000000","children_json_url":null},"Peñamellera_Alta":{"cartodb_id":8244,"x_coordinate":106.80851063829788,"y_coordinate":null,"radius":56.99680511182109,"color":"#E88394","children_json_url":null},"Peñamellera_Baja":{"cartodb_id":8250,"x_coordinate":108.93617021276596,"y_coordinate":-39.68516387809149,"radius":54.9747219413549,"color":"#E88394","children_json_url":null},"Pesoz":{"cartodb_id":8217,"x_coordinate":-118.72340425531915,"y_coordinate":null,"radius":49.602649006622514,"color":"#D94B5F","children_json_url":null},"Piloña":{"cartodb_id":8251,"x_coordinate":0,"y_coordinate":-39.68516387809149,"radius":58.28384381575871,"color":"#000000","children_json_url":null},"Ponga":{"cartodb_id":8252,"x_coordinate":-105.53191489361703,"y_coordinate":null,"radius":80,"color":"#D94B5F","children_json_url":null},"Pravia":{"cartodb_id":8200,"x_coordinate":0,"y_coordinate":104.78261315392031,"radius":80,"color":"#000000","children_json_url":null},"Proaza":{"cartodb_id":5904,"x_coordinate":-107.23404255319149,"y_coordinate":null,"radius":62.69896193771626,"color":"#D94B5F","children_json_url":null},"Quirós":{"cartodb_id":5907,"x_coordinate":-110.63829787234043,"y_coordinate":-49.700156074372835,"radius":69.90053557765876,"color":"#D94B5F","children_json_url":null},"Ribadedeva":{"cartodb_id":8253,"x_coordinate":-300.0,"y_coordinate":20.404789299596658,"radius":80,"color":"#D94B5F","children_json_url":null},"Ribadesella":{"cartodb_id":8255,"x_coordinate":0,"y_coordinate":-19.655179485528762,"radius":58.93825547206795,"color":"#000000","children_json_url":null},"Ribera_de_Arriba":{"cartodb_id":5908,"x_coordinate":-111.48936170212767,"y_coordinate":149.85007803718642,