{"Nava":{"cartodb_id":5901,"x_coordinate":-101.41843971631205,"y_coordinate":null,"radius":70.90252707581227,"color":"#D94B5F","children_json_url":null},"Grado":{"cartodb_id":5897,"x_coordinate":139.7163120567376,"y_coordinate":null,"radius":65.2738336713996,"color":"#E88394","children_json_url":null},"Allande":{"cartodb_id":8227,"x_coordinate":117.02127659574468,"y_coordinate":-73.87823988440444,"radius":80,"color":"#E88394","children_json_url":null},"Aller":{"cartodb_id":8205,"x_coordinate":0,"y_coordinate":204.71154739884685,"radius":57.92465016146394,"color":"#000000","children_json_url":null},"Amieva":{"cartodb_id":8240,"x_coordinate":-135.46099290780143,"y_coordinate":null,"radius":69.00249376558604,"color":"#D94B5F","children_json_url":null},"Avilés":{"cartodb_id":8195,"x_coordinate":0,"y_coordinate":224.83974855491493,"radius":56.7285225235016,"color":"#000000","children_json_url":null},"Bimenes":{"cartodb_id":8257,"x_coordinate":0,"y_coordinate":-94.0064410404725,"radius":63.291894579811036,"color":"#000000","children_json_url":null},"Boal":{"cartodb_id":8208,"x_coordinate":-117.02127659574468,"y_coordinate":124.1987427745746,"radius":54.99052671466465,"color":"#D94B5F","children_json_url":null},"Cabrales":{"cartodb_id":8241,"x_coordinate":173.75886524822695,"y_coordinate":-43.68593815030234,"radius":57.0251256281407,"color":"#E88394","children_json_url":null},"Cabranes":{"cartodb_id":8254,"x_coordinate":-146.8085106382979,"y_coordinate":-94.0064410404725,"radius":52.042875157629254,"color":"#D94B5F","children_json_url":null},"Candamo":{"cartodb_id":8196,"x_coordinate":-159.5744680851064,"y_coordinate":139.29489364162563,"radius":58.38909541511772,"color":"#D94B5F","children_json_url":null},"Cangas_del_Narcea":{"cartodb_id":8232,"x_coordinate":0,"y_coordinate":124.1987427745746,"radius":51.11689664149961,"color":"#000000","children_json_url":null},"Cangas_de_Onís":{"cartodb_id":8242,"x_coordinate":0,"y_coordinate":104.07054161850652,"radius":24.454293628808863,"color":"#000000","children_json_url":null},"Caravia":{"cartodb_id":8243,"x_coordinate":-125.53191489361703,"y_coordinate":null,"radius":65.6842105263158,"color":"#D94B5F","children_json_url":null},"Carreño":{"cartodb_id":8226,"x_coordinate":0,"y_coordinate":134.26284335260863,"radius":59.93977780085142,"color":"#000000","children_json_url":null},"Caso":{"cartodb_id":8236,"x_coordinate":121.27659574468085,"y_coordinate":-43.68593815030234,"radius":68.46531949754232,"color":"#E88394","children_json_url":null},"Castrillón":{"cartodb_id":8197,"x_coordinate":0,"y_coordinate":194.6474468208128,"radius":58.68284756778714,"color":"#000000","children_json_url":null},"Castropol":{"cartodb_id":8210,"x_coordinate":0,"y_coordinate":-68.84618959538741,"radius":59.93736449048422,"color":"#000000","children_json_url":null},"Coaña":{"cartodb_id":8213,"x_coordinate":-131.20567375886526,"y_coordinate":-88.97439075145547,"radius":62.57716511836979,"color":"#D94B5F","children_json_url":null},"Colunga":{"cartodb_id":8245,"x_coordinate":105.67375886524823,"y_coordinate":-48.717988439319356,"radius":60.83885209713024,"color":"#E88394","children_json_url":null},"Cudillero":{"cartodb_id":8203,"x_coordinate":114.18439716312056,"y_coordinate":109.10259190752353,"radius":61.07361426822871,"color":"#E88394","children_json_url":null},"Degaña":{"cartodb_id":8233,"x_coordinate":0,"y_coordinate":119.16669248555758,"radius":68.65697177074422,"color":"#000000","children_json_url":null},"El_Franco":{"cartodb_id":8214,"x_coordinate":0,"y_coordinate":-94.0064410404725,"radius":62.77273905156776,"color":"#000000","children_json_url":null},"Gijón":{"cartodb_id":8228,"x_coordinate":0,"y_coordinate":219.8076982658979,"radius":56.201191973768324,"color":"#000000","children_json_url":null},"Gozón":{"cartodb_id":8204,"x_coordinate":0,"y_coordinate":144.32694393064264,"radius":58.437876960193,"color":"#000000","children_json_url":null},"Grandas_de_Salime":{"cartodb_id":8211,"x_coordinate":119.8581560283688,"y_coordinate":114.13464219654055,"radius":55.39208882720333,"color":"#E88394","children_json_url":null},"Ibias":{"cartodb_id":8234,"x_coordinate":-124.11347517730496,"y_coordinate":-73.87823988440444,"radius":23.639865190178142,"color":"#D94B5F","children_json_url":null},"Illano":{"cartodb_id":8215,"x_coordinate":-160.99290780141843,"y_coordinate":null,"radius":57.56521739130435,"color":"#D94B5F","children_json_url":null},"Illas":{"cartodb_id":8182,"x_coordinate":0,"y_coordinate":134.26284335260863,"radius":64.28426395939087,"color":"#000000","children_json_url":null},"Langreo":{"cartodb_id":8237,"x_coordinate":0,"y_coordinate":250.0,"radius":54.626126021814144,"color":"#000000","children_json_url":null},"Laviana":{"cartodb_id":8238,"x_coordinate":0,"y_coordinate":209.74359768786388,"radius":59.45987067325979,"color":"#000000","children_json_url":null},"Lena":{"cartodb_id":8206,"x_coordinate":0,"y_coordinate":104.07054161850652,"radius":57.14078022776835,"color":"#000000","children_json_url":null},"Llanera":{"cartodb_id":5899,"x_coordinate":0,"y_coordinate":159.42309479769372,"radius":24.01180485105598,"color":"#000000","children_json_url":null},"Llanes":{"cartodb_id":8246,"x_coordinate":0,"y_coordinate":-58.78208901735338,"radius":53.734382230448865,"color":"#000000","children_json_url":null},"Mieres":{"cartodb_id":8207,"x_coordinate":0,"y_coordinate":219.8076982658979,"radius":55.700090754659904,"color":"#000000","children_json_url":null},"Morcín":{"cartodb_id":5900,"x_coordinate":105.67375886524823,"y_coordinate":134.26284335260863,"radius":65.90117312477781,"color":"#E88394","children_json_url":null},"Navia":{"cartodb_id":8216,"x_coordinate":0,"y_coordinate":-83.94234046243847,"radius":60.59716224552745,"color":"#000000","children_json_url":null},"Noreña":{"cartodb_id":5902,"x_coordinate":0,"y_coordinate":129.2307930635916,"radius":61.790820165538,"color":"#000000","children_json_url":null},"Onís":{"cartodb_id":8247,"x_coordinate":-173.75886524822695,"y_coordinate":null,"radius":56.501457725947525,"color":"#D94B5F","children_json_url":null},"Oviedo":{"cartodb_id":5903,"x_coordinate":0,"y_coordinate":159.42309479769372,"radius":58.23918703100046,"color":"#000000","children_json_url":null},"Parres":{"cartodb_id":8248,"x_coordinate":0,"y_coordinate":-78.91029017342143,"radius":66.65111346765642,"color":"#000000","children_json_url":null},"Peñamellera_Alta":{"cartodb_id":8244,"x_coordinate":102.83687943262412,"y_coordinate":null,"radius":58.06311207834603,"color":"#E88394","children_json_url":null},"Peñamellera_Baja":{"cartodb_id":8250,"x_coordinate":145.39007092198582,"y_coordinate":-78.91029017342143,"radius":60.247844827586206,"color":"#E88394","children_json_url":null},"Pesoz":{"cartodb_id":8217,"x_coordinate":-149.645390070922,"y_coordinate":null,"radius":70.51162790697674,"color":"#D94B5F","children_json_url":null},"Piloña":{"cartodb_id":8251,"x_coordinate":0,"y_coordinate":-99.03849132948952,"radius":65.73165895571711,"color":"#000000","children_json_url":null},"Ponga":{"cartodb_id":8252,"x_coordinate":-136.87943262411346,"y_coordinate":null,"radius":51.28871128871128,"color":"#D94B5F","children_json_url":null},"Pravia":{"cartodb_id":8200,"x_coordinate":0,"y_coordinate":154.39104450867669,"radius":63.60368994848449,"color":"#000000","children_json_url":null},"Proaza":{"cartodb_id":5904,"x_coordinate":-111.34751773049645,"y_coordinate":null,"radius":63.5016835016835,"color":"#D94B5F","children_json_url":null},"Quirós":{"cartodb_id":5907,"x_coordinate":-129.7872340425532,"y_coordinate":-8.461586127183224,"radius":63.66106080206986,"color":"#D94B5F","children_json_url":null},"Ribadedeva":{"cartodb_id":8253,"x_coordinate":-146.8085106382979,"y_coordinate":-18.525686705217268,"radius":62.8524945770065,"color":"#D94B5F","children_json_url":null},"Ribadesella":{"cartodb_id":8255,"x_coordinate":0,"y_coordinate":-53.750038728336364,"radius":59.34538348803127,"color":"#000000","children_json_url":null},