{"Alfoz_de_Lloredo":{"cartodb_id":1905,"x_coordinate":0,"y_coordinate":-30.512870727169144,"radius":70.12963790791238,"color":"#AAA","children_json_url":null},"Ampuero":{"cartodb_id":1869,"x_coordinate":-109.7560975609756,"y_coordinate":135.4849760315665,"radius":80,"color":"#D94B5F","children_json_url":null},"Anievas":{"cartodb_id":1879,"x_coordinate":152.4390243902439,"y_coordinate":null,"radius":72.78592375366568,"color":"#64B7DE","children_json_url":null},"Arenas_de_Iguña":{"cartodb_id":1880,"x_coordinate":125.60975609756098,"y_coordinate":125.94205736753037,"radius":73.1880733944954,"color":"#64B7DE","children_json_url":null},"Argoños":{"cartodb_id":1957,"x_coordinate":150.0,"y_coordinate":-78.22746404734976,"radius":71.75637393767705,"color":"#64B7DE","children_json_url":null},"Arnuero":{"cartodb_id":1958,"x_coordinate":169.5121951219512,"y_coordinate":36.287559921083755,"radius":70.8968058968059,"color":"#64B7DE","children_json_url":null},"Arredondo":{"cartodb_id":1870,"x_coordinate":147.5609756097561,"y_coordinate":null,"radius":69.37086092715232,"color":"#64B7DE","children_json_url":null},"El_Astillero":{"cartodb_id":1899,"x_coordinate":0,"y_coordinate":221.37124400789156,"radius":64.4540075309306,"color":"#AAA","children_json_url":null},"Bárcena_de_Cicero":{"cartodb_id":1960,"x_coordinate":-101.21951219512195,"y_coordinate":-59.1416267192775,"radius":70.20717534108135,"color":"#D94B5F","children_json_url":null},"Bárcena_de_Pie_de_Concha":{"cartodb_id":1881,"x_coordinate":129.26829268292684,"y_coordinate":null,"radius":73.9921976592978,"color":"#64B7DE","children_json_url":null},"Bareyo":{"cartodb_id":1961,"x_coordinate":148.78048780487805,"y_coordinate":103.0879905693366,"radius":66.6572836030964,"color":"#64B7DE","children_json_url":null},"Cabezón_de_la_Sal":{"cartodb_id":1935,"x_coordinate":0,"y_coordinate":-20.969952063133007,"radius":69.21558441558442,"color":"#AAA","children_json_url":null},"Cabezón_de_Liébana":{"cartodb_id":1924,"x_coordinate":113.41463414634146,"y_coordinate":null,"radius":65.73170731707317,"color":"#64B7DE","children_json_url":null},"Cabuérniga":{"cartodb_id":1936,"x_coordinate":0,"y_coordinate":36.287559921083755,"radius":69.48905109489051,"color":"#AAA","children_json_url":null},"Camaleño":{"cartodb_id":1925,"x_coordinate":120.73170731707317,"y_coordinate":103.0879905693366,"radius":68.92561983471074,"color":"#64B7DE","children_json_url":null},"Camargo":{"cartodb_id":1898,"x_coordinate":0,"y_coordinate":192.7424880157832,"radius":62.7290245299724,"color":"#AAA","children_json_url":null},"Campoo_de_Yuso":{"cartodb_id":1889,"x_coordinate":0,"y_coordinate":null,"radius":65.04531722054381,"color":"#AAA","children_json_url":null},"Cartes":{"cartodb_id":1882,"x_coordinate":128.0487804878049,"y_coordinate":145.02789469560258,"radius":24.893778452200305,"color":"#64B7DE","children_json_url":null},"Castañeda":{"cartodb_id":1942,"x_coordinate":113.41463414634146,"y_coordinate":154.57081335963872,"radius":25.106382978723403,"color":"#64B7DE","children_json_url":null},"Castro-Urdiales":{"cartodb_id":1920,"x_coordinate":0,"y_coordinate":202.2854066798194,"radius":60.21546748749519,"color":"#AAA","children_json_url":null},"Cieza":{"cartodb_id":1883,"x_coordinate":126.82926829268293,"y_coordinate":null,"radius":74.5542949756888,"color":"#64B7DE","children_json_url":null},"Colindres":{"cartodb_id":1917,"x_coordinate":0,"y_coordinate":154.57081335963872,"radius":66.73465460842795,"color":"#AAA","children_json_url":null},"Comillas":{"cartodb_id":1910,"x_coordinate":0,"y_coordinate":45.83047858511986,"radius":68.87591240875912,"color":"#AAA","children_json_url":null},"Los_Corrales_de_Buelna":{"cartodb_id":1884,"x_coordinate":0,"y_coordinate":-68.68454538331362,"radius":67.93359158826786,"color":"#AAA","children_json_url":null},"Corvera_de_Toranzo":{"cartodb_id":1943,"x_coordinate":135.3658536585366,"y_coordinate":125.94205736753037,"radius":70.31533939070016,"color":"#64B7DE","children_json_url":null},"Entrambasaguas":{"cartodb_id":1962,"x_coordinate":128.0487804878049,"y_coordinate":-78.22746404734976,"radius":70.71665875652587,"color":"#64B7DE","children_json_url":null},"Escalante":{"cartodb_id":1963,"x_coordinate":0,"y_coordinate":null,"radius":73.73529411764706,"color":"#AAA","children_json_url":null},"Guriezo":{"cartodb_id":1871,"x_coordinate":0,"y_coordinate":-30.512870727169144,"radius":66.81846153846153,"color":"#AAA","children_json_url":null},"Hazas_de_Cesto":{"cartodb_id":1964,"x_coordinate":0,"y_coordinate":7.658803928975345,"radius":71.88010899182561,"color":"#AAA","children_json_url":null},"Herrerías":{"cartodb_id":1929,"x_coordinate":0,"y_coordinate":null,"radius":71.47776183644189,"color":"#AAA","children_json_url":null},"Lamasón":{"cartodb_id":1930,"x_coordinate":0,"y_coordinate":null,"radius":60.431654676258994,"color":"#AAA","children_json_url":null},"Laredo":{"cartodb_id":1922,"x_coordinate":-108.53658536585365,"y_coordinate":106.85622003945811,"radius":64.98555292881534,"color":"#D94B5F","children_json_url":null},"Liendo":{"cartodb_id":1923,"x_coordinate":-108.53658536585365,"y_coordinate":-40.05578939120527,"radius":65.23076923076923,"color":"#D94B5F","children_json_url":null},"Liérganes":{"cartodb_id":1965,"x_coordinate":124.39024390243902,"y_coordinate":-49.59870805524136,"radius":66.53506493506494,"color":"#64B7DE","children_json_url":null},"Limpias":{"cartodb_id":1872,"x_coordinate":146.34146341463415,"y_coordinate":-49.59870805524136,"radius":67.79929577464789,"color":"#64B7DE","children_json_url":null},"Luena":{"cartodb_id":1945,"x_coordinate":0,"y_coordinate":null,"radius":66.18705035971223,"color":"#AAA","children_json_url":null},"Marina_de_Cudeyo":{"cartodb_id":1966,"x_coordinate":124.39024390243902,"y_coordinate":154.57081335963872,"radius":24.8567335243553,"color":"#64B7DE","children_json_url":null},"Mazcuerras":{"cartodb_id":1939,"x_coordinate":-125.60975609756098,"y_coordinate":36.287559921083755,"radius":67.93190416141235,"color":"#D94B5F","children_json_url":null},"Medio_Cudeyo":{"cartodb_id":1967,"x_coordinate":0,"y_coordinate":145.02789469560258,"radius":20.46678635547576,"color":"#AAA","children_json_url":null},"Meruelo":{"cartodb_id":1968,"x_coordinate":180.4878048780488,"y_coordinate":7.658803928975345,"radius":73.3184855233853,"color":"#64B7DE","children_json_url":null},"Miengo":{"cartodb_id":1900,"x_coordinate":-117.07317073170732,"y_coordinate":-87.77038271138589,"radius":65.71428571428571,"color":"#D94B5F","children_json_url":null},"Miera":{"cartodb_id":1969,"x_coordinate":151.21951219512195,"y_coordinate":null,"radius":71.69042769857434,"color":"#64B7DE","children_json_url":null},"Molledo":{"cartodb_id":1885,"x_coordinate":-112.1951219512195,"y_coordinate":145.02789469560258,"radius":25.13368983957219,"color":"#D94B5F","children_json_url":null},"Noja":{"cartodb_id":1970,"x_coordinate":132.9268292682927,"y_coordinate":26.744641257047604,"radius":72.92789968652038,"color":"#64B7DE","children_json_url":null},"Penagos":{"cartodb_id":1901,"x_coordinate":0,"y_coordinate":183.19956935174713,"radius":72.3298969072165,"color":"#AAA","children_json_url":null},"Peñarrubia":{"cartodb_id":1931,"x_coordinate":-179.2682926829268,"y_coordinate":null,"radius":65.30612244897958,"color":"#D94B5F","children_json_url":null},"Pesaguero":{"cartodb_id":1921,"x_coordinate":175.609756097561,"y_coordinate":null,"radius":63.66265060240964,"color":"#64B7DE","children_json_url":null},"Piélagos":{"cartodb_id":1903,"x_coordinate":0,"y_coordinate":-97.31330137542197,"radius":64.22936067803704,"color":"#AAA","children_json_url":null},"Polaciones":{"cartodb_id":1932,"x_coordinate":0,"y_coordinate":null,"radius":69.1275167785235,"color":"#AAA","children_json_url":null},"Polanco":{"cartodb_id":1868,"x_coordinate":-112.1951219512195,"y_coordinate":-68.68454538331362,"radius":67.9582146248813,"color":"#D94B5F","children_json_url":null},"Potes":{"cartodb_id":1926,"x_coordinate":114.63414634146342,