{"Alcudia_de_Veo":{"cartodb_id":6800,"x_coordinate":-120.2127659574468,"y_coordinate":null,"radius":76.11111111111111,"color":"#D94B5F","children_json_url":null},"Alfondeguilla":{"cartodb_id":6801,"x_coordinate":141.48936170212767,"y_coordinate":null,"radius":74.8235294117647,"color":"#E88394","children_json_url":null},"Algimia_de_Almonacid":{"cartodb_id":6693,"x_coordinate":-102.12765957446808,"y_coordinate":null,"radius":75.27397260273972,"color":"#D94B5F","children_json_url":null},"Almazora":{"cartodb_id":6744,"x_coordinate":0,"y_coordinate":"2.6","radius":63.50233143364666,"color":"#000000","children_json_url":null},"Almedíjar":{"cartodb_id":6694,"x_coordinate":143.61702127659575,"y_coordinate":null,"radius":75.38461538461539,"color":"#E88394","children_json_url":null},"Almenara":{"cartodb_id":6780,"x_coordinate":117.02127659574468,"y_coordinate":"3.7","radius":64.9194729136164,"color":"#E88394","children_json_url":null},"Altura":{"cartodb_id":6695,"x_coordinate":130.85106382978722,"y_coordinate":"4.0","radius":25.328185328185327,"color":"#E88394","children_json_url":null},"Arañuel":{"cartodb_id":6672,"x_coordinate":196.8085106382979,"y_coordinate":null,"radius":59.29577464788733,"color":"#E88394","children_json_url":null},"Ares_del_Maestre":{"cartodb_id":6719,"x_coordinate":167.02127659574467,"y_coordinate":null,"radius":67.578125,"color":"#E88394","children_json_url":null},"Argelita":{"cartodb_id":6673,"x_coordinate":-125.53191489361703,"y_coordinate":null,"radius":76.94915254237289,"color":"#D94B5F","children_json_url":null},"Artana":{"cartodb_id":6785,"x_coordinate":103.19148936170212,"y_coordinate":"2.2","radius":75.60328490208465,"color":"#E88394","children_json_url":null},"Ayódar":{"cartodb_id":6674,"x_coordinate":102.12765957446808,"y_coordinate":null,"radius":73.58974358974359,"color":"#E88394","children_json_url":null},"Azuébar":{"cartodb_id":6696,"x_coordinate":-121.27659574468085,"y_coordinate":null,"radius":74.52830188679246,"color":"#D94B5F","children_json_url":null},"Barracas":{"cartodb_id":6697,"x_coordinate":141.48936170212767,"y_coordinate":null,"radius":68.64864864864865,"color":"#E88394","children_json_url":null},"Betxí":{"cartodb_id":6786,"x_coordinate":0,"y_coordinate":"2.6","radius":80,"color":"#000000","children_json_url":null},"Bejís":{"cartodb_id":6698,"x_coordinate":151.06382978723406,"y_coordinate":null,"radius":67.23756906077348,"color":"#E88394","children_json_url":null},"Benafer":{"cartodb_id":6699,"x_coordinate":160.63829787234042,"y_coordinate":null,"radius":67.5,"color":"#E88394","children_json_url":null},"Benafigos":{"cartodb_id":6664,"x_coordinate":-156.38297872340425,"y_coordinate":null,"radius":69.80582524271844,"color":"#D94B5F","children_json_url":null},"Benasal":{"cartodb_id":6720,"x_coordinate":129.7872340425532,"y_coordinate":"2.1","radius":76.31672597864768,"color":"#E88394","children_json_url":null},"Benicarló":{"cartodb_id":6730,"x_coordinate":0,"y_coordinate":"2.3","radius":60.748129675810475,"color":"#000000","children_json_url":null},"Benicasim":{"cartodb_id":6745,"x_coordinate":-102.12765957446808,"y_coordinate":"1.7","radius":58.839285714285715,"color":"#D94B5F","children_json_url":null},"Benlloch":{"cartodb_id":6746,"x_coordinate":102.12765957446808,"y_coordinate":"0.7","radius":72.00517464424321,"color":"#E88394","children_json_url":null},"Borriol":{"cartodb_id":6778,"x_coordinate":-127.65957446808511,"y_coordinate":"1.9","radius":80,"color":"#D94B5F","children_json_url":null},"Burriana":{"cartodb_id":6802,"x_coordinate":0,"y_coordinate":"2.8","radius":60.06414020506798,"color":"#000000","children_json_url":null},"Cabanes":{"cartodb_id":6779,"x_coordinate":100.0,"y_coordinate":"1.5","radius":72.96472831267874,"color":"#E88394","children_json_url":null},"Càlig":{"cartodb_id":6731,"x_coordinate":-117.02127659574468,"y_coordinate":"1.8","radius":72.97335203366059,"color":"#D94B5F","children_json_url":null},"Canet_lo_Roig":{"cartodb_id":6732,"x_coordinate":-110.63829787234043,"y_coordinate":null,"radius":72.83582089552239,"color":"#D94B5F","children_json_url":null},"Castell_de_Cabres":{"cartodb_id":6733,"x_coordinate":-128.72340425531914,"y_coordinate":null,"radius":77.0,"color":"#D94B5F","children_json_url":null},"Castellfort":{"cartodb_id":5861,"x_coordinate":196.8085106382979,"y_coordinate":null,"radius":71.50943396226415,"color":"#E88394","children_json_url":null},"Castellnovo":{"cartodb_id":6700,"x_coordinate":-104.25531914893617,"y_coordinate":"3.2","radius":74.27302996670366,"color":"#D94B5F","children_json_url":null},"Castillo_de_Villamalefa":{"cartodb_id":6675,"x_coordinate":160.63829787234042,"y_coordinate":null,"radius":70.08695652173913,"color":"#E88394","children_json_url":null},"Catí":{"cartodb_id":6721,"x_coordinate":144.68085106382978,"y_coordinate":null,"radius":72.33376792698826,"color":"#E88394","children_json_url":null},"Caudiel":{"cartodb_id":6701,"x_coordinate":121.27659574468085,"y_coordinate":null,"radius":70.9090909090909,"color":"#E88394","children_json_url":null},"Cervera_del_Maestre":{"cartodb_id":6734,"x_coordinate":100.0,"y_coordinate":null,"radius":76.46017699115043,"color":"#E88394","children_json_url":null},"Cinctorres":{"cartodb_id":5862,"x_coordinate":-121.27659574468085,"y_coordinate":null,"radius":72.43589743589743,"color":"#D94B5F","children_json_url":null},"Cirat":{"cartodb_id":6676,"x_coordinate":122.34042553191489,"y_coordinate":null,"radius":71.34020618556701,"color":"#E88394","children_json_url":null},"Cortes_de_Arenoso":{"cartodb_id":6677,"x_coordinate":-115.95744680851064,"y_coordinate":null,"radius":71.88775510204081,"color":"#D94B5F","children_json_url":null},"Costur":{"cartodb_id":6666,"x_coordinate":-142.5531914893617,"y_coordinate":null,"radius":73.74045801526718,"color":"#D94B5F","children_json_url":null},"Culla":{"cartodb_id":6722,"x_coordinate":156.38297872340425,"y_coordinate":null,"radius":60.30470914127424,"color":"#E88394","children_json_url":null},"Chert":{"cartodb_id":6735,"x_coordinate":137.2340425531915,"y_coordinate":null,"radius":73.76058041112455,"color":"#E88394","children_json_url":null},"Chilches":{"cartodb_id":6803,"x_coordinate":127.65957446808511,"y_coordinate":"3.4","radius":71.15119363395226,"color":"#E88394","children_json_url":null},"Chodos":{"cartodb_id":6665,"x_coordinate":125.53191489361703,"y_coordinate":null,"radius":59.0,"color":"#E88394","children_json_url":null},"Chóvar":{"cartodb_id":6702,"x_coordinate":100.0,"y_coordinate":null,"radius":73.33333333333333,"color":"#E88394","children_json_url":null},"Eslida":{"cartodb_id":6804,"x_coordinate":-111.70212765957447,"y_coordinate":null,"radius":75.06726457399103,"color":"#D94B5F","children_json_url":null},"Espadilla":{"cartodb_id":6678,"x_coordinate":162.7659574468085,"y_coordinate":null,"radius":72.70270270270271,"color":"#E88394","children_json_url":null},"Fanzara":{"cartodb_id":6679,"x_coordinate":131.91489361702128,"y_coordinate":null,"radius":75.40322580645162,"color":"#E88394","children_json_url":null},"Figueroles":{"cartodb_id":6667,"x_coordinate":-112.76595744680851,"y_coordinate":null,"radius":74.49893390191897,"color":"#D94B5F","children_json_url":null},"Forcall":{"cartodb_id":5863,"x_coordinate":-110.63829787234043,"y_coordinate":null,"radius":69.60159362549801,"color":"#D94B5F","children_json_url":null},"Fuente_la_Reina":{"cartodb_id":6680,"x_coordinate":105.31914893617021,"y_coordinate":null,"radius":73.07692307692307,"color":"#E88394","children_json_url":null},"Fuentes_de_Ayódar":{"cartodb_id":6681,"x_coordinate":150.0,"y_coordinate":null,"radius":65.30612244897958,"color":"#E88394","children_json_url":null},"Gaibiel":{"cartodb_id":6704,"x_coordinate":162.7659574468085,"y_coordinate":null,"radius":72.64705882352942,"color":"#E88394","children_json_url":null},"Geldo":{"cartodb_id":6705,"x_coordinate":101.06382978723404,"y_coordinate":null,"radius":74.61794019933555,"color":"#E88394","children_json_url":null},"Herbés":{"cartodb_id":5831,