{"Alcudia_de_Veo":{"cartodb_id":6800,"x_coordinate":-105.6701030927835,"y_coordinate":null,"radius":75.48387096774194,"color":"#D94B5F","children_json_url":null},"Alfondeguilla":{"cartodb_id":6801,"x_coordinate":114.43298969072166,"y_coordinate":null,"radius":76.01043024771839,"color":"#E88394","children_json_url":null},"Algimia_de_Almonacid":{"cartodb_id":6693,"x_coordinate":118.55670103092784,"y_coordinate":null,"radius":78.06451612903226,"color":"#E88394","children_json_url":null},"Almazora":{"cartodb_id":6744,"x_coordinate":0,"y_coordinate":null,"radius":59.44433650670293,"color":"#000000","children_json_url":null},"Almedíjar":{"cartodb_id":6694,"x_coordinate":100.0,"y_coordinate":null,"radius":75.48117154811715,"color":"#E88394","children_json_url":null},"Almenara":{"cartodb_id":6780,"x_coordinate":0,"y_coordinate":null,"radius":80,"color":"#000000","children_json_url":null},"Altura":{"cartodb_id":6695,"x_coordinate":-115.97938144329896,"y_coordinate":null,"radius":69.8441464298659,"color":"#D94B5F","children_json_url":null},"Arañuel":{"cartodb_id":6672,"x_coordinate":132.98969072164948,"y_coordinate":null,"radius":64.83516483516483,"color":"#E88394","children_json_url":null},"Ares_del_Maestre":{"cartodb_id":6719,"x_coordinate":112.37113402061856,"y_coordinate":null,"radius":67.46268656716418,"color":"#E88394","children_json_url":null},"Argelita":{"cartodb_id":6673,"x_coordinate":105.6701030927835,"y_coordinate":null,"radius":77.05882352941177,"color":"#E88394","children_json_url":null},"Artana":{"cartodb_id":6785,"x_coordinate":103.09278350515464,"y_coordinate":null,"radius":73.37142857142857,"color":"#E88394","children_json_url":null},"Ayódar":{"cartodb_id":6674,"x_coordinate":127.31958762886597,"y_coordinate":null,"radius":66.98113207547169,"color":"#E88394","children_json_url":null},"Azuébar":{"cartodb_id":6696,"x_coordinate":100.51546391752578,"y_coordinate":null,"radius":78.4858044164038,"color":"#E88394","children_json_url":null},"Barracas":{"cartodb_id":6697,"x_coordinate":126.28865979381443,"y_coordinate":null,"radius":69.53020134228188,"color":"#E88394","children_json_url":null},"Betxí":{"cartodb_id":6786,"x_coordinate":-104.63917525773196,"y_coordinate":null,"radius":69.56521739130434,"color":"#D94B5F","children_json_url":null},"Bejís":{"cartodb_id":6698,"x_coordinate":102.06185567010309,"y_coordinate":null,"radius":69.89949748743719,"color":"#E88394","children_json_url":null},"Benafer":{"cartodb_id":6699,"x_coordinate":-102.06185567010309,"y_coordinate":null,"radius":74.07894736842104,"color":"#D94B5F","children_json_url":null},"Benafigos":{"cartodb_id":6664,"x_coordinate":-122.68041237113403,"y_coordinate":null,"radius":68.63905325443787,"color":"#D94B5F","children_json_url":null},"Benasal":{"cartodb_id":6720,"x_coordinate":113.4020618556701,"y_coordinate":null,"radius":70.00951474785919,"color":"#E88394","children_json_url":null},"Benicarló":{"cartodb_id":6730,"x_coordinate":0,"y_coordinate":null,"radius":60.64878134315273,"color":"#000000","children_json_url":null},"Benicasim":{"cartodb_id":6745,"x_coordinate":0,"y_coordinate":null,"radius":24.156323381415632,"color":"#000000","children_json_url":null},"Benlloch":{"cartodb_id":6746,"x_coordinate":-115.4639175257732,"y_coordinate":null,"radius":74.242774566474,"color":"#D94B5F","children_json_url":null},"Borriol":{"cartodb_id":6778,"x_coordinate":-104.12371134020619,"y_coordinate":null,"radius":67.18297872340426,"color":"#D94B5F","children_json_url":null},"Burriana":{"cartodb_id":6802,"x_coordinate":0,"y_coordinate":null,"radius":60.14262065452694,"color":"#000000","children_json_url":null},"Cabanes":{"cartodb_id":6779,"x_coordinate":-107.21649484536083,"y_coordinate":null,"radius":80,"color":"#D94B5F","children_json_url":null},"Càlig":{"cartodb_id":6731,"x_coordinate":-100.0,"y_coordinate":null,"radius":71.02393617021276,"color":"#D94B5F","children_json_url":null},"Canet_lo_Roig":{"cartodb_id":6732,"x_coordinate":-114.43298969072166,"y_coordinate":null,"radius":72.21789883268482,"color":"#D94B5F","children_json_url":null},"Castell_de_Cabres":{"cartodb_id":6733,"x_coordinate":-122.16494845360825,"y_coordinate":null,"radius":65.71428571428571,"color":"#D94B5F","children_json_url":null},"Castellfort":{"cartodb_id":5861,"x_coordinate":119.58762886597938,"y_coordinate":null,"radius":61.42857142857143,"color":"#E88394","children_json_url":null},"Castellnovo":{"cartodb_id":6700,"x_coordinate":-100.0,"y_coordinate":null,"radius":75.22421524663677,"color":"#D94B5F","children_json_url":null},"Castillo_de_Villamalefa":{"cartodb_id":6675,"x_coordinate":114.43298969072166,"y_coordinate":null,"radius":73.39449541284404,"color":"#E88394","children_json_url":null},"Catí":{"cartodb_id":6721,"x_coordinate":105.6701030927835,"y_coordinate":null,"radius":73.86363636363636,"color":"#E88394","children_json_url":null},"Caudiel":{"cartodb_id":6701,"x_coordinate":107.73195876288659,"y_coordinate":null,"radius":71.98067632850241,"color":"#E88394","children_json_url":null},"Cervera_del_Maestre":{"cartodb_id":6734,"x_coordinate":-113.4020618556701,"y_coordinate":null,"radius":76.46511627906978,"color":"#D94B5F","children_json_url":null},"Cinctorres":{"cartodb_id":5862,"x_coordinate":-118.55670103092784,"y_coordinate":null,"radius":69.72222222222223,"color":"#D94B5F","children_json_url":null},"Cirat":{"cartodb_id":6676,"x_coordinate":101.03092783505154,"y_coordinate":null,"radius":69.58677685950414,"color":"#E88394","children_json_url":null},"Cortes_de_Arenoso":{"cartodb_id":6677,"x_coordinate":-102.06185567010309,"y_coordinate":null,"radius":69.0909090909091,"color":"#D94B5F","children_json_url":null},"Costur":{"cartodb_id":6666,"x_coordinate":-111.34020618556701,"y_coordinate":null,"radius":72.87257019438445,"color":"#D94B5F","children_json_url":null},"Culla":{"cartodb_id":6722,"x_coordinate":130.41237113402062,"y_coordinate":null,"radius":60.732113144758735,"color":"#E88394","children_json_url":null},"Chert":{"cartodb_id":6735,"x_coordinate":109.79381443298969,"y_coordinate":null,"radius":73.70517928286853,"color":"#E88394","children_json_url":null},"Chilches":{"cartodb_id":6803,"x_coordinate":102.57731958762886,"y_coordinate":null,"radius":70.81460674157304,"color":"#E88394","children_json_url":null},"Chodos":{"cartodb_id":6665,"x_coordinate":103.6082474226804,"y_coordinate":null,"radius":65.91304347826087,"color":"#E88394","children_json_url":null},"Chóvar":{"cartodb_id":6702,"x_coordinate":-109.27835051546391,"y_coordinate":null,"radius":74.24657534246575,"color":"#D94B5F","children_json_url":null},"Eslida":{"cartodb_id":6804,"x_coordinate":0,"y_coordinate":null,"radius":72.46636771300447,"color":"#000000","children_json_url":null},"Espadilla":{"cartodb_id":6678,"x_coordinate":129.89690721649484,"y_coordinate":null,"radius":63.63636363636364,"color":"#E88394","children_json_url":null},"Fanzara":{"cartodb_id":6679,"x_coordinate":101.54639175257732,"y_coordinate":null,"radius":70.98654708520179,"color":"#E88394","children_json_url":null},"Figueroles":{"cartodb_id":6667,"x_coordinate":138.659793814433,"y_coordinate":null,"radius":74.26829268292683,"color":"#E88394","children_json_url":null},"Forcall":{"cartodb_id":5863,"x_coordinate":-113.91752577319588,"y_coordinate":null,"radius":69.8283261802575,"color":"#D94B5F","children_json_url":null},"Fuente_la_Reina":{"cartodb_id":6680,"x_coordinate":-124.74226804123711,"y_coordinate":null,"radius":72.85714285714286,"color":"#D94B5F","children_json_url":null},"Fuentes_de_Ayódar":{"cartodb_id":6681,"x_coordinate":139.69072164948454,"y_coordinate":null,"radius":70.0,"color":"#E88394","children_json_url":null},"Gaibiel":{"cartodb_id":6704,"x_coordinate":134.02061855670104,"y_coordinate":null,"radius":73.85365853658536,"color":"#E88394","children_json_url":null},"Geldo":{"cartodb_id":6705,"x_coordinate":-101.54639175257732,"y_coordinate":null,"radius":72.69565217391305,"color":"#D94B5F","children_json_url":null},"Herbés":{"cartodb_id":5831,