{"Alcalá_de_los_Gazules":{"cartodb_id":548,"x_coordinate":-172.41379310344826,"y_coordinate":126.06007227784225,"radius":65.51338766006984,"color":"#D94B5F","children_json_url":null,"censo_total":4295,"porcentaje_participacion":75.85564610011642,"partido_1":["PSOE","#D94B5F",50.0],"partido_2":["PA","#AAAAAA",29.0],"partido_3":["PP","#90D7F4",11.0]},"Alcalá_del_Valle":{"cartodb_id":562,"x_coordinate":0,"y_coordinate":-78.25467158500999,"radius":69.27413671599717,"color":"#AAA","children_json_url":null,"censo_total":4257,"porcentaje_participacion":82.12356119332863,"partido_1":["IU","#AAAAAA",48.0],"partido_2":["PSOE","#D94B5F",45.0],"partido_3":["PP","#90D7F4",6.0]},"Algar":{"cartodb_id":507,"x_coordinate":-293.1034482758621,"y_coordinate":108.35436831753401,"radius":63.42629482071713,"color":"#D8282A","children_json_url":null,"censo_total":1506,"porcentaje_participacion":72.37715803452855,"partido_1":["PSOE","#D8282A",77.0],"partido_2":["PP","#90D7F4",21.0],"partido_3":["IZ","#AAAAAA",0.0]},"Algeciras":{"cartodb_id":537,"x_coordinate":0,"y_coordinate":168.55376178258206,"radius":51.18068453170602,"color":"#AAA","children_json_url":null,"censo_total":79149,"porcentaje_participacion":51.96780755284337,"partido_1":["PA","#AAAAAA",41.0],"partido_2":["PSOE","#E08394",25.0],"partido_3":["PP","#90D7F4",19.0]},"Algodonales":{"cartodb_id":525,"x_coordinate":-162.0689655172414,"y_coordinate":145.53634663418134,"radius":59.24392819429778,"color":"#D94B5F","children_json_url":null,"censo_total":4735,"porcentaje_participacion":65.40654699049631,"partido_1":["PSOE","#D94B5F",42.0],"partido_2":["PP","#90D7F4",24.0],"partido_3":["PA","#AAAAAA",18.0]},"Arcos_de_la_Frontera":{"cartodb_id":549,"x_coordinate":144.82758620689657,"y_coordinate":129.6012130699039,"radius":63.30298719772404,"color":"#64B7DE","children_json_url":null,"censo_total":21090,"porcentaje_participacion":72.17164532954007,"partido_1":["PP","#64B7DE",52.0],"partido_2":["PSOE","#D94B5F",39.0],"partido_3":["IU","#AAAAAA",4.0]},"Benaocaz":{"cartodb_id":551,"x_coordinate":-196.55172413793105,"y_coordinate":null,"radius":70.89887640449439,"color":"#D94B5F","children_json_url":null,"censo_total":534,"porcentaje_participacion":84.8314606741573,"partido_1":["PSOE","#D94B5F",63.0],"partido_2":["PP","#64B7DE",35.0],"partido_3":["IZ","#AAAAAA",0.0]},"Bornos":{"cartodb_id":553,"x_coordinate":-186.20689655172413,"y_coordinate":126.06007227784225,"radius":65.62711864406779,"color":"#D94B5F","children_json_url":null,"censo_total":6195,"porcentaje_participacion":76.045197740113,"partido_1":["PSOE","#D94B5F",49.0],"partido_2":["PP","#90D7F4",24.0],"partido_3":["IU","#AAAAAA",16.0]},"El_Bosque":{"cartodb_id":554,"x_coordinate":-200.0,"y_coordinate":165.0126209905204,"radius":67.85854616895875,"color":"#D8282A","children_json_url":null,"censo_total":1527,"porcentaje_participacion":79.76424361493125,"partido_1":["PSOE","#D94B5F",49.0],"partido_2":["PP","#90D7F4",20.0],"partido_3":["IU","#AAAAAA",16.0]},"Cádiz":{"cartodb_id":520,"x_coordinate":241.3793103448276,"y_coordinate":186.25946574289026,"radius":54.29887068144985,"color":"#5AB0E9","children_json_url":null,"censo_total":116619,"porcentaje_participacion":57.16478446908309,"partido_1":["PP","#64B7DE",62.0],"partido_2":["PSOE","#E08394",21.0],"partido_3":["IU","#AAAAAA",8.0]},"Castellar_de_la_Frontera":{"cartodb_id":538,"x_coordinate":-258.62068965517244,"y_coordinate":150.8480578222738,"radius":71.79879715691635,"color":"#D8282A","children_json_url":null,"censo_total":1829,"porcentaje_participacion":86.33132859486058,"partido_1":["PSOE","#D94B5F",63.0],"partido_2":["IU","#AAAAAA",17.0],"partido_3":["PP","#90D7F4",11.0]},"Conil_de_la_Frontera":{"cartodb_id":557,"x_coordinate":0,"y_coordinate":127.83064267387309,"radius":60.12247675209798,"color":"#AAA","children_json_url":null,"censo_total":13227,"porcentaje_participacion":66.87079458682997,"partido_1":["IU","#AAAAAA",52.0],"partido_2":["PSOE","#D94B5F",31.0],"partido_3":["LC","#AAAAAA",7.0]},"Chiclana_de_la_Frontera":{"cartodb_id":521,"x_coordinate":-244.82758620689654,"y_coordinate":147.30691703021216,"radius":47.17941546636834,"color":"#D8282A","children_json_url":null,"censo_total":42906,"porcentaje_participacion":45.29902577728057,"partido_1":["PSOE","#D94B5F",62.0],"partido_2":["PP","#90D7F4",20.0],"partido_3":["PA","#AAAAAA",4.0]},"Chipiona":{"cartodb_id":541,"x_coordinate":-155.17241379310343,"y_coordinate":136.6834946540272,"radius":63.01392436351652,"color":"#D94B5F","children_json_url":null,"censo_total":12137,"porcentaje_participacion":71.6898739391942,"partido_1":["PSOE","#D94B5F",41.0],"partido_2":["PP","#90D7F4",25.0],"partido_3":["PA","#AAAAAA",12.0]},"Espera":{"cartodb_id":455,"x_coordinate":-189.6551724137931,"y_coordinate":-85.3369531691333,"radius":65.14581983149708,"color":"#D94B5F","children_json_url":null,"censo_total":3086,"porcentaje_participacion":75.24303305249514,"partido_1":["PSOE","#D94B5F",44.0],"partido_2":["PP","#90D7F4",18.0],"partido_3":["IU","#AAAAAA",13.0]},"El_Gastor":{"cartodb_id":555,"x_coordinate":-134.48275862068965,"y_coordinate":108.35436831753401,"radius":65.89928057553956,"color":"#D94B5F","children_json_url":null,"censo_total":1668,"porcentaje_participacion":76.49880095923261,"partido_1":["PSOE","#D94B5F",44.0],"partido_2":["PP","#64B7DE",34.0],"partido_3":["PA","#AAAAAA",15.0]},"Grazalema":{"cartodb_id":532,"x_coordinate":-189.6551724137931,"y_coordinate":138.45406505005803,"radius":66.93877551020408,"color":"#D94B5F","children_json_url":null,"censo_total":1911,"porcentaje_participacion":78.2312925170068,"partido_1":["PSOE","#D94B5F",48.0],"partido_2":["PP","#90D7F4",22.0],"partido_3":["PA","#AAAAAA",16.0]},"Jerez_de_la_Frontera":{"cartodb_id":531,"x_coordinate":0,"y_coordinate":138.45406505005803,"radius":53.06981271443265,"color":"#AAA","children_json_url":null,"censo_total":144859,"porcentaje_participacion":55.11635452405442,"partido_1":["PA","#AAAAAA",40.0],"partido_2":["PP","#90D7F4",24.0],"partido_3":["PSOE","#E08394",22.0]},"Jimena_de_la_Frontera":{"cartodb_id":522,"x_coordinate":-231.0344827586207,"y_coordinate":106.58379792150319,"radius":63.72290692732682,"color":"#D8282A","children_json_url":null,"censo_total":7059,"porcentaje_participacion":72.87151154554469,"partido_1":["PSOE","#D94B5F",57.0],"partido_2":["PA","#AAAAAA",19.0],"partido_3":["PP","#90D7F4",12.0]},"La_Línea_de_la_Concepción":{"cartodb_id":528,"x_coordinate":0,"y_coordinate":166.7831913865512,"radius":63.40162333434611,"color":"#AAA","children_json_url":null,"censo_total":46078,"porcentaje_participacion":72.33603889057684,"partido_1":["GIL","#AAAAAA",56.0],"partido_2":["PSOE","#E08394",15.0],"partido_3":["PP","#90D7F4",13.0]},"Medina-Sidonia":{"cartodb_id":560,"x_coordinate":-244.82758620689654,"y_coordinate":163.24205059448957,"radius":63.121597096188744,"color":"#D8282A","children_json_url":null,"censo_total":7714,"porcentaje_participacion":71.86932849364791,"partido_1":["PSOE","#D94B5F",58.0],"partido_2":["PP","#90D7F4",16.0],"partido_3":["PA","#AAAAAA",12.0]},"Olvera":{"cartodb_id":563,"x_coordinate":-165.51724137931035,"y_coordinate":-97.73094594134906,"radius":62.96889854678799,"color":"#D94B5F","children_json_url":null,"censo_total":7363,"porcentaje_participacion":71.61483091131332,"partido_1":["PSOE","#D94B5F",49.0],"partido_2":["PP","#5AB0E9",30.0],"partido_3":["PA","#AAAAAA",9.0]},"Prado_del_Rey":{"cartodb_id":564,"x_coordinate":-210.3448275862069,"y_coordinate":193.3417473270136,"radius":68.22719449225474,"color":"#D8282A","children_json_url":null,"censo_total":4648,"porcentaje_participacion":80.37865748709122,"partido_1":["PSOE","#D94B5F",56.0],"partido_2":["PCDS","#AAAAAA",24.0],"partido_3":["PP","#90D7F4",14.0]},"El_Puerto_de_Santa_María":{"cartodb_id":524,"x_coordinate":0,"y_coordinate":165.0126209905204,"radius":51.281563655573166,"color":"#AAA","children_json_url":null,"censo_total":56790,"porcentaje_participacion":52.13593942595527,"partido_1":["IP","#AAAAAA",38.0],