{"Alcalá_de_los_Gazules":{"cartodb_id":548,"x_coordinate":0,"y_coordinate":152.97968007954665,"radius":64.31259685632057,"color":"#000000","children_json_url":null},"Alcalá_del_Valle":{"cartodb_id":562,"x_coordinate":104.50450450450451,"y_coordinate":-93.47388386166857,"radius":71.68474651317246,"color":"#E88394","children_json_url":null},"Algar":{"cartodb_id":507,"x_coordinate":-107.2072072072072,"y_coordinate":163.328514204395,"radius":72.7980132450331,"color":"#D94B5F","children_json_url":null},"Algeciras":{"cartodb_id":537,"x_coordinate":0,"y_coordinate":143.92445022030432,"radius":46.99711026262955,"color":"#000000","children_json_url":null},"Algodonales":{"cartodb_id":525,"x_coordinate":0,"y_coordinate":145.21805448591036,"radius":64.48412698412699,"color":"#000000","children_json_url":null},"Arcos_de_la_Frontera":{"cartodb_id":549,"x_coordinate":0,"y_coordinate":174.9709525948494,"radius":52.03194689347578,"color":"#000000","children_json_url":null},"Benaocaz":{"cartodb_id":551,"x_coordinate":-109.90990990990991,"y_coordinate":null,"radius":63.431372549019606,"color":"#D94B5F","children_json_url":null},"Bornos":{"cartodb_id":553,"x_coordinate":0,"y_coordinate":120.6395734393955,"radius":80,"color":"#000000","children_json_url":null},"El_Bosque":{"cartodb_id":554,"x_coordinate":-125.22522522522523,"y_coordinate":162.03490993878893,"radius":64.36944937833037,"color":"#D94B5F","children_json_url":null},"Cádiz":{"cartodb_id":520,"x_coordinate":0,"y_coordinate":164.62211847000106,"radius":50.958284318161255,"color":"#000000","children_json_url":null},"Castellar_de_la_Frontera":{"cartodb_id":538,"x_coordinate":0,"y_coordinate":146.5116587515164,"radius":67.8714859437751,"color":"#000000","children_json_url":null},"Conil_de_la_Frontera":{"cartodb_id":557,"x_coordinate":0,"y_coordinate":116.75876064257737,"radius":58.64348490638135,"color":"#000000","children_json_url":null},"Chiclana_de_la_Frontera":{"cartodb_id":521,"x_coordinate":0,"y_coordinate":129.69480329863782,"radius":46.1835211368693,"color":"#000000","children_json_url":null},"Chipiona":{"cartodb_id":541,"x_coordinate":0,"y_coordinate":163.328514204395,"radius":80,"color":"#000000","children_json_url":null},"Espera":{"cartodb_id":455,"x_coordinate":-104.50450450450451,"y_coordinate":121.93317770500155,"radius":70.48392132375898,"color":"#D94B5F","children_json_url":null},"El_Gastor":{"cartodb_id":555,"x_coordinate":-113.51351351351352,"y_coordinate":123.2267819706076,"radius":67.56272401433691,"color":"#D94B5F","children_json_url":null},"Grazalema":{"cartodb_id":532,"x_coordinate":-120.72072072072072,"y_coordinate":143.92445022030432,"radius":24.837209302325583,"color":"#D94B5F","children_json_url":null},"Jerez_de_la_Frontera":{"cartodb_id":531,"x_coordinate":0,"y_coordinate":158.15409714197082,"radius":54.40959063449776,"color":"#000000","children_json_url":null},"Jimena_de_la_Frontera":{"cartodb_id":522,"x_coordinate":0,"y_coordinate":120.6395734393955,"radius":24.615384615384617,"color":"#000000","children_json_url":null},"La_Línea_de_la_Concepción":{"cartodb_id":528,"x_coordinate":0,"y_coordinate":177.5581611260615,"radius":23.185152213040197,"color":"#000000","children_json_url":null},"Medina-Sidonia":{"cartodb_id":560,"x_coordinate":108.10810810810811,"y_coordinate":189.20059951651592,"radius":80,"color":"#E88394","children_json_url":null},"Olvera":{"cartodb_id":563,"x_coordinate":-100.0,"y_coordinate":116.75876064257737,"radius":61.82743910829779,"color":"#D94B5F","children_json_url":null},"Prado_del_Rey":{"cartodb_id":564,"x_coordinate":108.10810810810811,"y_coordinate":204.7238507037884,"radius":64.73476180570002,"color":"#E88394","children_json_url":null},"El_Puerto_de_Santa_María":{"cartodb_id":524,"x_coordinate":0,"y_coordinate":142.63084595469826,"radius":48.23722727687673,"color":"#000000","children_json_url":null},"Puerto_Real":{"cartodb_id":527,"x_coordinate":0,"y_coordinate":165.9157227356071,"radius":52.75728471430897,"color":"#000000","children_json_url":null},"Puerto_Serrano":{"cartodb_id":565,"x_coordinate":118.91891891891892,"y_coordinate":112.87794784575924,"radius":67.18984420080784,"color":"#E88394","children_json_url":null},"Rota":{"cartodb_id":542,"x_coordinate":0,"y_coordinate":128.4011990330318,"radius":59.346881569726705,"color":"#000000","children_json_url":null},"San_Fernando":{"cartodb_id":530,"x_coordinate":0,"y_coordinate":156.8604928763648,"radius":47.87407182706638,"color":"#000000","children_json_url":null},"Sanlúcar_de_Barrameda":{"cartodb_id":546,"x_coordinate":0,"y_coordinate":173.67734832924333,"radius":55.5270042439393,"color":"#000000","children_json_url":null},"San_Roque":{"cartodb_id":543,"x_coordinate":0,"y_coordinate":140.0436374234862,"radius":80,"color":"#000000","children_json_url":null},"Tarifa":{"cartodb_id":544,"x_coordinate":0,"y_coordinate":169.79653553242522,"radius":60.744773519163765,"color":"#000000","children_json_url":null},"Torre_Alháquime":{"cartodb_id":567,"x_coordinate":-122.52252252252252,"y_coordinate":null,"radius":69.73890339425587,"color":"#D94B5F","children_json_url":null},"Trebujena":{"cartodb_id":547,"x_coordinate":0,"y_coordinate":143.92445022030432,"radius":63.80361573909961,"color":"#000000","children_json_url":null},"Ubrique":{"cartodb_id":568,"x_coordinate":103.6036036036036,"y_coordinate":250.0,"radius":64.78288231592197,"color":"#E88394","children_json_url":null},"Vejer_de_la_Frontera":{"cartodb_id":558,"x_coordinate":0,"y_coordinate":190.49420378212193,"radius":58.020094562647756,"color":"#000000","children_json_url":null},"Villaluenga_del_Rosario":{"cartodb_id":569,"x_coordinate":-157.65765765765767,"y_coordinate":null,"radius":66.01941747572815,"color":"#D94B5F","children_json_url":null},"Villamartín":{"cartodb_id":545,"x_coordinate":0,"y_coordinate":150.39247154833453,"radius":62.28818800247372,"color":"#000000","children_json_url":null},"Zahara":{"cartodb_id":523,"x_coordinate":-108.10810810810811,"y_coordinate":-92.18027959606252,"radius":70.31369548584544,"color":"#D94B5F","children_json_url":null},"San_José_del_Valle":{"cartodb_id":535,"x_coordinate":109.009009009009,"y_coordinate":143.92445022030432,"radius":66.60604282780875,"color":"#E88394","children_json_url":null}}