{"Alcalá_de_los_Gazules":{"cartodb_id":548,"x_coordinate":-172.41379310344826,"y_coordinate":126.06007227784225,"radius":65.51338766006984,"color":"#D94B5F","children_json_url":null},"Alcalá_del_Valle":{"cartodb_id":562,"x_coordinate":0,"y_coordinate":-78.25467158500999,"radius":69.27413671599717,"color":"#AAA","children_json_url":null},"Algar":{"cartodb_id":507,"x_coordinate":-293.1034482758621,"y_coordinate":108.35436831753401,"radius":63.42629482071713,"color":"#D8282A","children_json_url":null},"Algeciras":{"cartodb_id":537,"x_coordinate":0,"y_coordinate":168.55376178258206,"radius":51.18068453170602,"color":"#AAA","children_json_url":null},"Algodonales":{"cartodb_id":525,"x_coordinate":-162.0689655172414,"y_coordinate":145.53634663418134,"radius":59.24392819429778,"color":"#D94B5F","children_json_url":null},"Arcos_de_la_Frontera":{"cartodb_id":549,"x_coordinate":144.82758620689657,"y_coordinate":129.6012130699039,"radius":63.30298719772404,"color":"#64B7DE","children_json_url":null},"Benaocaz":{"cartodb_id":551,"x_coordinate":-196.55172413793105,"y_coordinate":null,"radius":70.89887640449439,"color":"#D94B5F","children_json_url":null},"Bornos":{"cartodb_id":553,"x_coordinate":-186.20689655172413,"y_coordinate":126.06007227784225,"radius":65.62711864406779,"color":"#D94B5F","children_json_url":null},"El_Bosque":{"cartodb_id":554,"x_coordinate":-200.0,"y_coordinate":165.0126209905204,"radius":67.85854616895875,"color":"#D8282A","children_json_url":null},"Cádiz":{"cartodb_id":520,"x_coordinate":241.3793103448276,"y_coordinate":186.25946574289026,"radius":54.29887068144985,"color":"#5AB0E9","children_json_url":null},"Castellar_de_la_Frontera":{"cartodb_id":538,"x_coordinate":-258.62068965517244,"y_coordinate":150.8480578222738,"radius":71.79879715691635,"color":"#D8282A","children_json_url":null},"Conil_de_la_Frontera":{"cartodb_id":557,"x_coordinate":0,"y_coordinate":127.83064267387309,"radius":60.12247675209798,"color":"#AAA","children_json_url":null},"Chiclana_de_la_Frontera":{"cartodb_id":521,"x_coordinate":-244.82758620689654,"y_coordinate":147.30691703021216,"radius":47.17941546636834,"color":"#D8282A","children_json_url":null},"Chipiona":{"cartodb_id":541,"x_coordinate":-155.17241379310343,"y_coordinate":136.6834946540272,"radius":63.01392436351652,"color":"#D94B5F","children_json_url":null},"Espera":{"cartodb_id":455,"x_coordinate":-189.6551724137931,"y_coordinate":-85.3369531691333,"radius":65.14581983149708,"color":"#D94B5F","children_json_url":null},"El_Gastor":{"cartodb_id":555,"x_coordinate":-134.48275862068965,"y_coordinate":108.35436831753401,"radius":65.89928057553956,"color":"#D94B5F","children_json_url":null},"Grazalema":{"cartodb_id":532,"x_coordinate":-189.6551724137931,"y_coordinate":138.45406505005803,"radius":66.93877551020408,"color":"#D94B5F","children_json_url":null},"Jerez_de_la_Frontera":{"cartodb_id":531,"x_coordinate":0,"y_coordinate":138.45406505005803,"radius":53.06981271443265,"color":"#AAA","children_json_url":null},"Jimena_de_la_Frontera":{"cartodb_id":522,"x_coordinate":-231.0344827586207,"y_coordinate":106.58379792150319,"radius":63.72290692732682,"color":"#D8282A","children_json_url":null},"La_Línea_de_la_Concepción":{"cartodb_id":528,"x_coordinate":0,"y_coordinate":166.7831913865512,"radius":63.40162333434611,"color":"#AAA","children_json_url":null},"Medina-Sidonia":{"cartodb_id":560,"x_coordinate":-244.82758620689654,"y_coordinate":163.24205059448957,"radius":63.121597096188744,"color":"#D8282A","children_json_url":null},"Olvera":{"cartodb_id":563,"x_coordinate":-165.51724137931035,"y_coordinate":-97.73094594134906,"radius":62.96889854678799,"color":"#D94B5F","children_json_url":null},"Prado_del_Rey":{"cartodb_id":564,"x_coordinate":-210.3448275862069,"y_coordinate":193.3417473270136,"radius":68.22719449225474,"color":"#D8282A","children_json_url":null},"El_Puerto_de_Santa_María":{"cartodb_id":524,"x_coordinate":0,"y_coordinate":165.0126209905204,"radius":51.281563655573166,"color":"#AAA","children_json_url":null},"Puerto_Real":{"cartodb_id":527,"x_coordinate":0,"y_coordinate":173.86547297067452,"radius":54.18649517684888,"color":"#AAA","children_json_url":null},"Puerto_Serrano":{"cartodb_id":565,"x_coordinate":0,"y_coordinate":101.27208673341072,"radius":61.47584789311408,"color":"#AAA","children_json_url":null},"Rota":{"cartodb_id":542,"x_coordinate":-113.79310344827586,"y_coordinate":145.53634663418134,"radius":60.27375790188601,"color":"#D94B5F","children_json_url":null},"San_Fernando":{"cartodb_id":530,"x_coordinate":0,"y_coordinate":159.70090980242793,"radius":53.88090552808691,"color":"#AAA","children_json_url":null},"Sanlúcar_de_Barrameda":{"cartodb_id":546,"x_coordinate":-103.44827586206897,"y_coordinate":157.93033940639708,"radius":53.210097825382775,"color":"#D94B5F","children_json_url":null},"San_Roque":{"cartodb_id":543,"x_coordinate":-100.0,"y_coordinate":163.24205059448957,"radius":62.83027470648581,"color":"#D94B5F","children_json_url":null},"Tarifa":{"cartodb_id":544,"x_coordinate":-158.6206896551724,"y_coordinate":177.40661376273619,"radius":65.52493660185968,"color":"#D94B5F","children_json_url":null},"Torre_Alháquime":{"cartodb_id":567,"x_coordinate":0,"y_coordinate":null,"radius":65.25798525798525,"color":"#AAA","children_json_url":null},"Trebujena":{"cartodb_id":547,"x_coordinate":0,"y_coordinate":122.5189314857806,"radius":66.41387944911466,"color":"#AAA","children_json_url":null},"Ubrique":{"cartodb_id":568,"x_coordinate":-165.51724137931035,"y_coordinate":250.0,"radius":66.90304008986871,"color":"#D94B5F","children_json_url":null},"Vejer_de_la_Frontera":{"cartodb_id":558,"x_coordinate":-300.0,"y_coordinate":145.53634663418134,"radius":55.826558265582655,"color":"#D8282A","children_json_url":null},"Villaluenga_del_Rosario":{"cartodb_id":569,"x_coordinate":-124.13793103448276,"y_coordinate":null,"radius":64.59893048128342,"color":"#D94B5F","children_json_url":null},"Villamartín":{"cartodb_id":545,"x_coordinate":0,"y_coordinate":152.61862821830462,"radius":63.667127806746834,"color":"#AAA","children_json_url":null},"Zahara":{"cartodb_id":523,"x_coordinate":-251.72413793103448,"y_coordinate":103.04265712944154,"radius":62.64006139677667,"color":"#D8282A","children_json_url":null},"San_José_del_Valle":{"cartodb_id":535,"x_coordinate":103.44827586206897,"y_coordinate":-88.87809396119495,"radius":64.55498951153731,"color":"#64B7DE","children_json_url":null}}