{"Ceuta":{"cartodb_id":6066,"x_coordinate":300.0,"y_coordinate":250.0,"radius":55.53551256707145,"color":"#5AB0E9","children_json_url":null,"censo_total":56656,"porcentaje_participacion":59.22585427845242,"partido_1":["PP",62.0],"partido_2":["UDCE",10.0],"partido_3":["PSOE",8.0],"resto_partidos_percent":18,"info":"","parents":["Ceuta y Melilla","Ceuta"],"parent_results":{"partido_1":["PIL2",2],"partido_2":["FC",2],"partido_3":["UPCE",1],"otros":["Otros",93]},"evolution":"1.092523077,0.6723076920000004,0.9331384619999996,0.7718461539999995,1.3715076919999998,1.7692923079999998,1.7223076920000002,2.0808923079999997,2.8744,3.937938462,6.1053230769999995,5.795509074,5.938007379999999,4.081119311"}}