{"Abenójar":{"cartodb_id":4331,"x_coordinate":-136.14457831325302,"y_coordinate":138.6261608623333,"radius":53.9803094233474,"color":"#D94B5F","children_json_url":null},"Agudo":{"cartodb_id":4321,"x_coordinate":138.55421686746988,"y_coordinate":108.92647042562221,"radius":71.11111111111111,"color":"#64B7DE","children_json_url":null},"Alamillo":{"cartodb_id":4322,"x_coordinate":-196.3855421686747,"y_coordinate":null,"radius":70.36565977742448,"color":"#D94B5F","children_json_url":null},"Albaladejo":{"cartodb_id":4288,"x_coordinate":-126.50602409638554,"y_coordinate":159.0446980375722,"radius":71.57175398633257,"color":"#D94B5F","children_json_url":null},"Alcázar_de_San_Juan":{"cartodb_id":4238,"x_coordinate":-162.65060240963857,"y_coordinate":112.6389317302111,"radius":62.98610790603222,"color":"#D94B5F","children_json_url":null},"Alcolea_de_Calatrava":{"cartodb_id":4262,"x_coordinate":-145.7831325301205,"y_coordinate":144.19485281921663,"radius":72.19814241486068,"color":"#D94B5F","children_json_url":null},"Alcubillas":{"cartodb_id":4289,"x_coordinate":-124.09638554216868,"y_coordinate":null,"radius":64.4043321299639,"color":"#D94B5F","children_json_url":null},"Aldea_del_Rey":{"cartodb_id":4263,"x_coordinate":133.73493975903614,"y_coordinate":131.20123825315554,"radius":72.75395033860045,"color":"#64B7DE","children_json_url":null},"Alhambra":{"cartodb_id":4292,"x_coordinate":-167.46987951807228,"y_coordinate":127.48877694856665,"radius":72.625,"color":"#D94B5F","children_json_url":null},"Almadén":{"cartodb_id":4323,"x_coordinate":-222.89156626506025,"y_coordinate":159.0446980375722,"radius":64.81863442389758,"color":"#D8282A","children_json_url":null},"Almadenejos":{"cartodb_id":4324,"x_coordinate":-150.6024096385542,"y_coordinate":null,"radius":70.65868263473054,"color":"#D94B5F","children_json_url":null},"Almagro":{"cartodb_id":4265,"x_coordinate":-126.50602409638554,"y_coordinate":108.92647042562221,"radius":68.19806178073895,"color":"#D94B5F","children_json_url":null},"Almedina":{"cartodb_id":4293,"x_coordinate":-138.55421686746988,"y_coordinate":null,"radius":71.83925811437403,"color":"#D94B5F","children_json_url":null},"Almodóvar_del_Campo":{"cartodb_id":4332,"x_coordinate":114.4578313253012,"y_coordinate":127.48877694856665,"radius":65.4151157145169,"color":"#64B7DE","children_json_url":null},"Almuradiel":{"cartodb_id":4333,"x_coordinate":-131.32530120481928,"y_coordinate":null,"radius":64.85576923076923,"color":"#D94B5F","children_json_url":null},"Anchuras":{"cartodb_id":4330,"x_coordinate":-119.27710843373494,"y_coordinate":null,"radius":73.04182509505702,"color":"#D94B5F","children_json_url":null},"Arenas_de_San_Juan":{"cartodb_id":4242,"x_coordinate":138.55421686746988,"y_coordinate":159.0446980375722,"radius":74.98281786941581,"color":"#64B7DE","children_json_url":null},"Argamasilla_de_Alba":{"cartodb_id":4243,"x_coordinate":-172.28915662650604,"y_coordinate":121.92008499168332,"radius":68.23417961348996,"color":"#D94B5F","children_json_url":null},"Argamasilla_de_Calatrava":{"cartodb_id":4266,"x_coordinate":-230.12048192771084,"y_coordinate":133.05746890544998,"radius":63.706324635117205,"color":"#D8282A","children_json_url":null},"Arroba_de_los_Montes":{"cartodb_id":4298,"x_coordinate":140.96385542168673,"y_coordinate":null,"radius":74.93577981651376,"color":"#64B7DE","children_json_url":null},"Ballesteros_de_Calatrava":{"cartodb_id":4267,"x_coordinate":107.2289156626506,"y_coordinate":null,"radius":74.49735449735451,"color":"#64B7DE","children_json_url":null},"Bolaños_de_Calatrava":{"cartodb_id":4268,"x_coordinate":203.6144578313253,"y_coordinate":114.49516238250554,"radius":62.09208972845337,"color":"#5AB0E9","children_json_url":null},"Brazatortas":{"cartodb_id":4334,"x_coordinate":198.7951807228916,"y_coordinate":127.48877694856665,"radius":69.51515151515152,"color":"#64B7DE","children_json_url":null},"Cabezarados":{"cartodb_id":4269,"x_coordinate":-112.04819277108433,"y_coordinate":null,"radius":75.12048192771084,"color":"#D94B5F","children_json_url":null},"Cabezarrubias_del_Puerto":{"cartodb_id":4335,"x_coordinate":-155.42168674698794,"y_coordinate":null,"radius":69.27083333333334,"color":"#D94B5F","children_json_url":null},"Calzada_de_Calatrava":{"cartodb_id":4272,"x_coordinate":-203.6144578313253,"y_coordinate":107.07023977332776,"radius":67.74038461538461,"color":"#D8282A","children_json_url":null},"Campo_de_Criptana":{"cartodb_id":4244,"x_coordinate":114.4578313253012,"y_coordinate":-88.50793325038332,"radius":69.19365689572321,"color":"#64B7DE","children_json_url":null},"Cañada_de_Calatrava":{"cartodb_id":4273,"x_coordinate":-300.0,"y_coordinate":null,"radius":74.72527472527472,"color":"#D8282A","children_json_url":null},"Caracuel_de_Calatrava":{"cartodb_id":4274,"x_coordinate":266.26506024096386,"y_coordinate":null,"radius":72.20779220779221,"color":"#5AB0E9","children_json_url":null},"Carrión_de_Calatrava":{"cartodb_id":4275,"x_coordinate":-109.63855421686748,"y_coordinate":216.58784825869998,"radius":70.57991513437058,"color":"#D94B5F","children_json_url":null},"Carrizosa":{"cartodb_id":4294,"x_coordinate":-230.12048192771084,"y_coordinate":134.91369955774442,"radius":67.67816091954023,"color":"#D8282A","children_json_url":null},"Castellar_de_Santiago":{"cartodb_id":4295,"x_coordinate":-193.97590361445782,"y_coordinate":120.06385433938887,"radius":74.41014332965821,"color":"#D94B5F","children_json_url":null},"Ciudad_Real":{"cartodb_id":4276,"x_coordinate":104.81927710843374,"y_coordinate":151.61977542839443,"radius":60.100617862539934,"color":"#64B7DE","children_json_url":null},"Corral_de_Calatrava":{"cartodb_id":4251,"x_coordinate":-148.19277108433735,"y_coordinate":133.05746890544998,"radius":70.59040590405904,"color":"#D94B5F","children_json_url":null},"Cózar":{"cartodb_id":4296,"x_coordinate":-119.27710843373494,"y_coordinate":114.49516238250554,"radius":69.58724202626641,"color":"#D94B5F","children_json_url":null},"Chillón":{"cartodb_id":4326,"x_coordinate":-145.7831325301205,"y_coordinate":108.92647042562221,"radius":70.0468018720749,"color":"#D94B5F","children_json_url":null},"Daimiel":{"cartodb_id":4246,"x_coordinate":-165.06024096385542,"y_coordinate":153.47600608068888,"radius":63.156678700361006,"color":"#D94B5F","children_json_url":null},"Fontanarejo":{"cartodb_id":4309,"x_coordinate":112.04819277108433,"y_coordinate":null,"radius":69.9367088607595,"color":"#64B7DE","children_json_url":null},"Fuencaliente":{"cartodb_id":4336,"x_coordinate":116.86746987951807,"y_coordinate":153.47600608068888,"radius":75.0375939849624,"color":"#64B7DE","children_json_url":null},"Fuenllana":{"cartodb_id":4297,"x_coordinate":-189.1566265060241,"y_coordinate":null,"radius":72.52918287937743,"color":"#D94B5F","children_json_url":null},"Fuente_el_Fresno":{"cartodb_id":4310,"x_coordinate":-136.14457831325302,"y_coordinate":250.0,"radius":64.93013256897169,"color":"#D94B5F","children_json_url":null},"Granátula_de_Calatrava":{"cartodb_id":4277,"x_coordinate":107.2289156626506,"y_coordinate":null,"radius":71.77022274325908,"color":"#64B7DE","children_json_url":null},"Guadalmez":{"cartodb_id":4327,"x_coordinate":-155.42168674698794,"y_coordinate":null,"radius":70.69444444444444,"color":"#D94B5F","children_json_url":null},"Herencia":{"cartodb_id":4247,"x_coordinate":-165.06024096385542,"y_coordinate":-90.36416390267776,"radius":66.09820953731608,"color":"#D94B5F","children_json_url":null},"Hinojosas_de_Calatrava":{"cartodb_id":4337,"x_coordinate":128.9156626506024,"y_coordinate":null,"radius":72.276295133438,"color":"#64B7DE","children_json_url":null},"Horcajo_de_los_Montes":{"cartodb_id":4311,"x_coordinate":145.7831325301205,"y_coordinate":null,"radius":70.77405857740585,"color":"#64B7DE","children_json_url":null},"Las_Labores":{"cartodb_id":4249,"x_coordinate":-126.50602409638554,"y_coordinate":null,"radius":73.42465753424658,"color":"#D94B5F","children_json_url":null},"Luciana":{"cartodb_id":4313,"x_coordinate":0,"y_coordinate":null,