{"Abenójar":{"cartodb_id":4331,"x_coordinate":-102.82352941176471,"y_coordinate":142.72420816319675,"radius":69.92248062015504,"color":"#D94B5F","children_json_url":null},"Agudo":{"cartodb_id":4321,"x_coordinate":102.3529411764706,"y_coordinate":119.89957160217479,"radius":70.88951841359773,"color":"#E88394","children_json_url":null},"Alamillo":{"cartodb_id":4322,"x_coordinate":100.47058823529412,"y_coordinate":null,"radius":72.02797202797203,"color":"#E88394","children_json_url":null},"Albaladejo":{"cartodb_id":4288,"x_coordinate":103.29411764705883,"y_coordinate":119.89957160217479,"radius":24.90223463687151,"color":"#E88394","children_json_url":null},"Alcázar_de_San_Juan":{"cartodb_id":4238,"x_coordinate":0,"y_coordinate":115.33464428997038,"radius":61.34540871107791,"color":"#000000","children_json_url":null},"Alcolea_de_Calatrava":{"cartodb_id":4262,"x_coordinate":-111.29411764705883,"y_coordinate":186.09101762913846,"radius":80,"color":"#D94B5F","children_json_url":null},"Alcubillas":{"cartodb_id":4289,"x_coordinate":-109.41176470588235,"y_coordinate":null,"radius":66.30744849445325,"color":"#D94B5F","children_json_url":null},"Aldea_del_Rey":{"cartodb_id":4263,"x_coordinate":106.58823529411765,"y_coordinate":154.13652644370774,"radius":71.82543906333156,"color":"#E88394","children_json_url":null},"Alhambra":{"cartodb_id":4292,"x_coordinate":-113.6470588235294,"y_coordinate":140.44174450709454,"radius":61.02141680395387,"color":"#D94B5F","children_json_url":null},"Almadén":{"cartodb_id":4323,"x_coordinate":0,"y_coordinate":167.8313083803209,"radius":62.65640038498557,"color":"#000000","children_json_url":null},"Almadenejos":{"cartodb_id":4324,"x_coordinate":-111.76470588235294,"y_coordinate":null,"radius":70.07874015748031,"color":"#D94B5F","children_json_url":null},"Almagro":{"cartodb_id":4265,"x_coordinate":100.0,"y_coordinate":129.02942622658355,"radius":24.627319744447824,"color":"#E88394","children_json_url":null},"Almedina":{"cartodb_id":4293,"x_coordinate":-105.17647058823529,"y_coordinate":null,"radius":70.27027027027026,"color":"#D94B5F","children_json_url":null},"Almodóvar_del_Campo":{"cartodb_id":4332,"x_coordinate":0,"y_coordinate":149.57159913150335,"radius":62.90431060837664,"color":"#000000","children_json_url":null},"Almuradiel":{"cartodb_id":4333,"x_coordinate":-106.11764705882354,"y_coordinate":null,"radius":65.18610421836229,"color":"#D94B5F","children_json_url":null},"Anchuras":{"cartodb_id":4330,"x_coordinate":103.76470588235294,"y_coordinate":null,"radius":74.0,"color":"#E88394","children_json_url":null},"Arenas_de_San_Juan":{"cartodb_id":4242,"x_coordinate":107.05882352941177,"y_coordinate":156.41899009980992,"radius":72.69674711437565,"color":"#E88394","children_json_url":null},"Argamasilla_de_Alba":{"cartodb_id":4243,"x_coordinate":109.88235294117646,"y_coordinate":110.769716977766,"radius":69.88649262202043,"color":"#E88394","children_json_url":null},"Argamasilla_de_Calatrava":{"cartodb_id":4266,"x_coordinate":0,"y_coordinate":145.00667181929893,"radius":63.269358041032426,"color":"#000000","children_json_url":null},"Arroba_de_los_Montes":{"cartodb_id":4298,"x_coordinate":101.88235294117646,"y_coordinate":null,"radius":74.7872340425532,"color":"#E88394","children_json_url":null},"Ballesteros_de_Calatrava":{"cartodb_id":4267,"x_coordinate":102.3529411764706,"y_coordinate":null,"radius":72.06703910614524,"color":"#E88394","children_json_url":null},"Bolaños_de_Calatrava":{"cartodb_id":4268,"x_coordinate":100.0,"y_coordinate":122.18203525827698,"radius":65.29284164859001,"color":"#E88394","children_json_url":null},"Brazatortas":{"cartodb_id":4334,"x_coordinate":-116.0,"y_coordinate":145.00667181929893,"radius":63.54838709677419,"color":"#D94B5F","children_json_url":null},"Cabezarados":{"cartodb_id":4269,"x_coordinate":121.17647058823529,"y_coordinate":null,"radius":70.71633237822348,"color":"#E88394","children_json_url":null},"Cabezarrubias_del_Puerto":{"cartodb_id":4335,"x_coordinate":-108.0,"y_coordinate":null,"radius":71.83673469387755,"color":"#D94B5F","children_json_url":null},"Calzada_de_Calatrava":{"cartodb_id":4272,"x_coordinate":-100.0,"y_coordinate":133.59435353878797,"radius":68.41201716738198,"color":"#D94B5F","children_json_url":null},"Campo_de_Criptana":{"cartodb_id":4244,"x_coordinate":0,"y_coordinate":-71.96783482402866,"radius":80,"color":"#000000","children_json_url":null},"Cañada_de_Calatrava":{"cartodb_id":4273,"x_coordinate":-105.6470588235294,"y_coordinate":null,"radius":77.66233766233766,"color":"#D94B5F","children_json_url":null},"Caracuel_de_Calatrava":{"cartodb_id":4274,"x_coordinate":126.35294117647058,"y_coordinate":null,"radius":72.75167785234899,"color":"#E88394","children_json_url":null},"Carrión_de_Calatrava":{"cartodb_id":4275,"x_coordinate":-116.94117647058823,"y_coordinate":250.0,"radius":68.88252148997134,"color":"#D94B5F","children_json_url":null},"Carrizosa":{"cartodb_id":4294,"x_coordinate":119.29411764705883,"y_coordinate":126.74696257048137,"radius":67.15819613457408,"color":"#E88394","children_json_url":null},"Castellar_de_Santiago":{"cartodb_id":4295,"x_coordinate":0,"y_coordinate":103.92232600945941,"radius":73.45513164965072,"color":"#000000","children_json_url":null},"Ciudad_Real":{"cartodb_id":4276,"x_coordinate":0,"y_coordinate":160.9839174120143,"radius":59.239788124665225,"color":"#000000","children_json_url":null},"Corral_de_Calatrava":{"cartodb_id":4251,"x_coordinate":-103.76470588235294,"y_coordinate":115.33464428997038,"radius":73.28399629972247,"color":"#D94B5F","children_json_url":null},"Cózar":{"cartodb_id":4296,"x_coordinate":-106.58823529411765,"y_coordinate":113.05218063386819,"radius":68.96373056994818,"color":"#D94B5F","children_json_url":null},"Chillón":{"cartodb_id":4326,"x_coordinate":-115.05882352941177,"y_coordinate":108.4872533216638,"radius":65.90257879656161,"color":"#D94B5F","children_json_url":null},"Daimiel":{"cartodb_id":4246,"x_coordinate":0,"y_coordinate":174.6786993486275,"radius":62.96807224632013,"color":"#000000","children_json_url":null},"Fontanarejo":{"cartodb_id":4309,"x_coordinate":108.94117647058823,"y_coordinate":null,"radius":71.26050420168067,"color":"#E88394","children_json_url":null},"Fuencaliente":{"cartodb_id":4336,"x_coordinate":104.70588235294117,"y_coordinate":186.09101762913846,"radius":67.7094972067039,"color":"#E88394","children_json_url":null},"Fuenllana":{"cartodb_id":4297,"x_coordinate":106.11764705882354,"y_coordinate":null,"radius":73.75,"color":"#E88394","children_json_url":null},"Fuente_el_Fresno":{"cartodb_id":4310,"x_coordinate":109.41176470588235,"y_coordinate":220.3279724706714,"radius":66.67357512953367,"color":"#E88394","children_json_url":null},"Granátula_de_Calatrava":{"cartodb_id":4277,"x_coordinate":100.94117647058823,"y_coordinate":null,"radius":72.45828698553949,"color":"#E88394","children_json_url":null},"Guadalmez":{"cartodb_id":4327,"x_coordinate":-115.05882352941177,"y_coordinate":null,"radius":67.7813504823151,"color":"#D94B5F","children_json_url":null},"Herencia":{"cartodb_id":4247,"x_coordinate":-100.0,"y_coordinate":108.4872533216638,"radius":80,"color":"#D94B5F","children_json_url":null},"Hinojosas_de_Calatrava":{"cartodb_id":4337,"x_coordinate":106.11764705882354,"y_coordinate":null,"radius":68.31168831168831,"color":"#E88394","children_json_url":null},"Horcajo_de_los_Montes":{"cartodb_id":4311,"x_coordinate":106.58823529411765,"y_coordinate":null,"radius":70.09708737864077,"color":"#E88394","children_json_url":null},"Las_Labores":{"cartodb_id":4249,"x_coordinate":-101.88235294117646,"y_coordinate":null,"radius":71.99324324324324,"color":"#D94B5F","children_json_url":null},"Luciana":{"cartodb_id":4313,"x_coordinate":0,"y_coordinate":null,"radius":75.1145038167939,"color":"#000000","children_json_url":null},"Malagón":{"cartodb_id":4314,"x_coordinate":100.0,"y_coordinate":151.85406278760553,"radius":65.25562994522215,"color":"#E88394","children_json_url":null},"Manzanares":{"cartodb_id":4252,