{"Adamuz":{"cartodb_id":604,"x_coordinate":0,"y_coordinate":-78.7207388600963,"radius":71.46826477798965,"color":"#000000","children_json_url":null},"Alcaracejos":{"cartodb_id":581,"x_coordinate":-103.11864406779661,"y_coordinate":147.23244331605778,"radius":24.643678160919542,"color":"#D94B5F","children_json_url":null},"Almedinilla":{"cartodb_id":642,"x_coordinate":300.0,"y_coordinate":-88.50812521094795,"radius":65.4820415879017,"color":"#E88394","children_json_url":null},"Almodóvar_del_Río":{"cartodb_id":628,"x_coordinate":101.22033898305085,"y_coordinate":137.44505696520616,"radius":59.02819818384579,"color":"#E88394","children_json_url":null},"Añora":{"cartodb_id":582,"x_coordinate":101.15254237288136,"y_coordinate":132.55136378978034,"radius":75.10574018126889,"color":"#E88394","children_json_url":null},"Baena":{"cartodb_id":636,"x_coordinate":0,"y_coordinate":-88.50812521094795,"radius":60.80734647025062,"color":"#000000","children_json_url":null},"Belalcázar":{"cartodb_id":583,"x_coordinate":0,"y_coordinate":157.01982966690943,"radius":67.71012574454005,"color":"#000000","children_json_url":null},"Belmez":{"cartodb_id":584,"x_coordinate":0,"y_coordinate":174.96337131013743,"radius":58.813003280644196,"color":"#000000","children_json_url":null},"Benamejí":{"cartodb_id":637,"x_coordinate":0,"y_coordinate":-81.98320097704686,"radius":24.705587572037082,"color":"#000000","children_json_url":null},"Bujalance":{"cartodb_id":614,"x_coordinate":100.0,"y_coordinate":-99.92674262027487,"radius":67.57088846880907,"color":"#E88394","children_json_url":null},"Cabra":{"cartodb_id":638,"x_coordinate":0,"y_coordinate":116.2390532050276,"radius":63.0317064481653,"color":"#000000","children_json_url":null},"Cañete_de_las_Torres":{"cartodb_id":615,"x_coordinate":-100.40677966101696,"y_coordinate":-85.24566309399741,"radius":70.77269317329332,"color":"#D94B5F","children_json_url":null},"Carcabuey":{"cartodb_id":643,"x_coordinate":-107.66101694915254,"y_coordinate":-91.7705873278985,"radius":68.94805761676125,"color":"#D94B5F","children_json_url":null},"Cardeña":{"cartodb_id":585,"x_coordinate":-110.23728813559322,"y_coordinate":121.13274638045341,"radius":72.10208193418401,"color":"#D94B5F","children_json_url":null},"La_Carlota":{"cartodb_id":631,"x_coordinate":0,"y_coordinate":114.60782214655232,"radius":80,"color":"#000000","children_json_url":null},"El_Carpio":{"cartodb_id":618,"x_coordinate":0,"y_coordinate":121.13274638045341,"radius":66.13418530351437,"color":"#000000","children_json_url":null},"Castro_del_Río":{"cartodb_id":616,"x_coordinate":100.20338983050847,"y_coordinate":-88.50812521094795,"radius":80,"color":"#E88394","children_json_url":null},"Conquista":{"cartodb_id":586,"x_coordinate":-100.20338983050847,"y_coordinate":null,"radius":72.78301886792454,"color":"#D94B5F","children_json_url":null},"Córdoba":{"cartodb_id":617,"x_coordinate":0,"y_coordinate":166.80721601776108,"radius":53.46076443414493,"color":"#000000","children_json_url":null},"Doña_Mencía":{"cartodb_id":639,"x_coordinate":100.67796610169492,"y_coordinate":-78.7207388600963,"radius":66.98795180722891,"color":"#E88394","children_json_url":null},"Dos_Torres":{"cartodb_id":587,"x_coordinate":100.13559322033899,"y_coordinate":109.7141289711265,"radius":71.18723603941811,"color":"#E88394","children_json_url":null},"Encinas_Reales":{"cartodb_id":640,"x_coordinate":-100.7457627118644,"y_coordinate":114.60782214655232,"radius":80,"color":"#D94B5F","children_json_url":null},"Espejo":{"cartodb_id":620,"x_coordinate":100.67796610169492,"y_coordinate":-75.45827674314576,"radius":71.47301006404392,"color":"#E88394","children_json_url":null},"Espiel":{"cartodb_id":605,"x_coordinate":-102.03389830508475,"y_coordinate":189.64445083641488,"radius":62.34324942791762,"color":"#D94B5F","children_json_url":null},"Fernán-Núñez":{"cartodb_id":571,"x_coordinate":100.67796610169492,"y_coordinate":124.39520849740396,"radius":80,"color":"#E88394","children_json_url":null},"Fuente_la_Lancha":{"cartodb_id":591,"x_coordinate":0,"y_coordinate":null,"radius":75.95687331536388,"color":"#000000","children_json_url":null},"Fuente_Obejuna":{"cartodb_id":592,"x_coordinate":0,"y_coordinate":250.0,"radius":23.925817878724736,"color":"#000000","children_json_url":null},"Fuente_Palmera":{"cartodb_id":626,"x_coordinate":100.0677966101695,"y_coordinate":-95.03304944484904,"radius":65.91122338505954,"color":"#E88394","children_json_url":null},"Fuente-Tójar":{"cartodb_id":644,"x_coordinate":-101.55932203389831,"y_coordinate":null,"radius":71.74468085106383,"color":"#D94B5F","children_json_url":null},"Guadalcázar":{"cartodb_id":630,"x_coordinate":-102.44067796610169,"y_coordinate":101.55797367875013,"radius":69.2364305427783,"color":"#D94B5F","children_json_url":null},"El_Guijo":{"cartodb_id":588,"x_coordinate":-101.89830508474576,"y_coordinate":null,"radius":70.5524861878453,"color":"#D94B5F","children_json_url":null},"Hinojosa_del_Duque":{"cartodb_id":593,"x_coordinate":100.0,"y_coordinate":170.0696781347116,"radius":65.88899341486359,"color":"#E88394","children_json_url":null},"Hornachuelos":{"cartodb_id":608,"x_coordinate":-101.83050847457628,"y_coordinate":-88.50812521094795,"radius":63.73608903020668,"color":"#D94B5F","children_json_url":null},"Iznájar":{"cartodb_id":645,"x_coordinate":101.55932203389831,"y_coordinate":-77.08950780162104,"radius":64.30169050715214,"color":"#E88394","children_json_url":null},"Lucena":{"cartodb_id":641,"x_coordinate":0,"y_coordinate":111.34536002960176,"radius":57.58341261769627,"color":"#000000","children_json_url":null},"Luque":{"cartodb_id":646,"x_coordinate":0,"y_coordinate":-96.66428050332432,"radius":24.972497249724974,"color":"#000000","children_json_url":null},"Montemayor":{"cartodb_id":536,"x_coordinate":0,"y_coordinate":-99.92674262027487,"radius":67.11333750782717,"color":"#000000","children_json_url":null},"Montilla":{"cartodb_id":575,"x_coordinate":-100.0,"y_coordinate":126.02643955587924,"radius":61.843060891532026,"color":"#D94B5F","children_json_url":null},"Montoro":{"cartodb_id":609,"x_coordinate":0,"y_coordinate":114.60782214655232,"radius":63.640612827836925,"color":"#000000","children_json_url":null},"Monturque":{"cartodb_id":576,"x_coordinate":0,"y_coordinate":-90.13935626942322,"radius":69.28975487115022,"color":"#000000","children_json_url":null},"Moriles":{"cartodb_id":577,"x_coordinate":0,"y_coordinate":108.08289791265123,"radius":25.29015710163514,"color":"#000000","children_json_url":null},"Nueva_Carteya":{"cartodb_id":635,"x_coordinate":100.27118644067797,"y_coordinate":-81.98320097704686,"radius":70.9644892590969,"color":"#E88394","children_json_url":null},"Obejo":{"cartodb_id":606,"x_coordinate":-102.16949152542372,"y_coordinate":142.33875014063196,"radius":63.71900826446281,"color":"#D94B5F","children_json_url":null},"Palenciana":{"cartodb_id":589,"x_coordinate":-100.0677966101695,"y_coordinate":-90.13935626942322,"radius":72.45253164556962,"color":"#D94B5F","children_json_url":null},"Palma_del_Río":{"cartodb_id":627,"x_coordinate":0,"y_coordinate":-98.29551156179959,"radius":58.34627517592817,"color":"#000000","children_json_url":null},"Pedro_Abad":{"cartodb_id":622,"x_coordinate":-100.27118644067797,"y_coordinate":101.55797367875013,"radius":70.13355592654423,"color":"#D94B5F","children_json_url":null},"Pedroche":{"cartodb_id":594,"x_coordinate":-101.28813559322033,"y_coordinate":130.92013273130505,"radius":71.94659170765988,"color":"#D94B5F","children_json_url":null},"Peñarroya-Pueblonuevo":{"cartodb_id":595,"x_coordinate":0,"y_coordinate":204.32553036269235,"radius":52.751975845839624,"color":"#000000","children_json_url":null},"Posadas":{"cartodb_id":623,"x_coordinate":0,"y_coordinate":112.97659108807704,"radius":62.021660649819495,"color":"#000000","children_json_url":null},"Pozoblanco":{"cartodb_id":596,"x_coordinate":-100.0,"y_coordinate":137.44505696520616,"radius":66.09788753347217,"color":"#D94B5F","children_json_url":null},