{"Adamuz":{"cartodb_id":604,"x_coordinate":-184.84848484848484,"y_coordinate":104.79852221397032,"radius":75.36206896551724,"color":"#D94B5F","children_json_url":null},"Alcaracejos":{"cartodb_id":581,"x_coordinate":-200.0,"y_coordinate":185.77626944079458,"radius":69.46938775510205,"color":"#D8282A","children_json_url":null},"Almedinilla":{"cartodb_id":642,"x_coordinate":-178.78787878787878,"y_coordinate":124.34487499285893,"radius":68.04979253112033,"color":"#D94B5F","children_json_url":null},"Almodóvar_del_Río":{"cartodb_id":628,"x_coordinate":-139.39393939393938,"y_coordinate":152.26823610555695,"radius":62.085042894442374,"color":"#D94B5F","children_json_url":null},"Añora":{"cartodb_id":582,"x_coordinate":175.75757575757575,"y_coordinate":141.09889166047773,"radius":73.96061269146608,"color":"#64B7DE","children_json_url":null},"Baena":{"cartodb_id":636,"x_coordinate":-184.84848484848484,"y_coordinate":-76.87516110127228,"radius":63.718633750422725,"color":"#D94B5F","children_json_url":null},"Belalcázar":{"cartodb_id":583,"x_coordinate":-115.15151515151516,"y_coordinate":124.34487499285893,"radius":66.39024390243902,"color":"#D94B5F","children_json_url":null},"Belmez":{"cartodb_id":584,"x_coordinate":0,"y_coordinate":157.85290832809656,"radius":58.58742004264392,"color":"#AAA","children_json_url":null},"Benamejí":{"cartodb_id":637,"x_coordinate":-287.8787878787879,"y_coordinate":-82.45983332381189,"radius":67.90024135156878,"color":"#D8282A","children_json_url":null},"Bujalance":{"cartodb_id":614,"x_coordinate":0,"y_coordinate":102.00618610270051,"radius":67.74849745723532,"color":"#AAA","children_json_url":null},"Cabra":{"cartodb_id":638,"x_coordinate":0,"y_coordinate":110.38319443650992,"radius":64.2271790520063,"color":"#AAA","children_json_url":null},"Cañete_de_las_Torres":{"cartodb_id":615,"x_coordinate":-160.60606060606062,"y_coordinate":-82.45983332381189,"radius":69.56808199121522,"color":"#D94B5F","children_json_url":null},"Carcabuey":{"cartodb_id":643,"x_coordinate":-203.03030303030303,"y_coordinate":135.51421943793812,"radius":68.11153358681875,"color":"#D8282A","children_json_url":null},"Cardeña":{"cartodb_id":585,"x_coordinate":0,"y_coordinate":-88.0445055463515,"radius":71.5426497277677,"color":"#AAA","children_json_url":null},"La_Carlota":{"cartodb_id":631,"x_coordinate":-300.0,"y_coordinate":113.17553054777972,"radius":62.434137291280145,"color":"#D8282A","children_json_url":null},"El_Carpio":{"cartodb_id":618,"x_coordinate":-124.24242424242425,"y_coordinate":149.47589999428715,"radius":68.84250474383302,"color":"#D94B5F","children_json_url":null},"Castro_del_Río":{"cartodb_id":616,"x_coordinate":0,"y_coordinate":-79.66749721254209,"radius":69.0091511517829,"color":"#AAA","children_json_url":null},"Conquista":{"cartodb_id":586,"x_coordinate":-121.21212121212122,"y_coordinate":null,"radius":67.61467889908258,"color":"#D94B5F","children_json_url":null},"Córdoba":{"cartodb_id":617,"x_coordinate":154.54545454545456,"y_coordinate":194.15327777460396,"radius":57.490102037531784,"color":"#64B7DE","children_json_url":null},"Doña_Mencía":{"cartodb_id":639,"x_coordinate":-100.0,"y_coordinate":-68.49815276746288,"radius":64.9645390070922,"color":"#D94B5F","children_json_url":null},"Dos_Torres":{"cartodb_id":587,"x_coordinate":-136.36363636363637,"y_coordinate":138.30655554920793,"radius":71.20837297811607,"color":"#D94B5F","children_json_url":null},"Encinas_Reales":{"cartodb_id":640,"x_coordinate":0,"y_coordinate":-99.2138499914307,"radius":72.86290322580646,"color":"#AAA","children_json_url":null},"Espejo":{"cartodb_id":620,"x_coordinate":-124.24242424242425,"y_coordinate":-68.49815276746288,"radius":73.3103448275862,"color":"#D94B5F","children_json_url":null},"Espiel":{"cartodb_id":605,"x_coordinate":212.12121212121212,"y_coordinate":208.114958330953,"radius":66.38195777351248,"color":"#5AB0E9","children_json_url":null},"Fernán-Núñez":{"cartodb_id":571,"x_coordinate":-112.12121212121212,"y_coordinate":166.22991666190597,"radius":63.78378378378378,"color":"#D94B5F","children_json_url":null},"Fuente_la_Lancha":{"cartodb_id":591,"x_coordinate":-160.60606060606062,"y_coordinate":null,"radius":72.97002724795641,"color":"#D94B5F","children_json_url":null},"Fuente_Obejuna":{"cartodb_id":592,"x_coordinate":-130.3030303030303,"y_coordinate":250.0,"radius":65.72928821470245,"color":"#D94B5F","children_json_url":null},"Fuente_Palmera":{"cartodb_id":626,"x_coordinate":-196.96969696969697,"y_coordinate":-85.2521694350817,"radius":66.11490558457211,"color":"#D94B5F","children_json_url":null},"Fuente-Tójar":{"cartodb_id":644,"x_coordinate":-239.3939393939394,"y_coordinate":null,"radius":66.86980609418282,"color":"#D8282A","children_json_url":null},"La_Granjuela":{"cartodb_id":539,"x_coordinate":-190.9090909090909,"y_coordinate":null,"radius":67.73333333333333,"color":"#D94B5F","children_json_url":null},"Guadalcázar":{"cartodb_id":630,"x_coordinate":-269.6969696969697,"y_coordinate":-62.91348054492328,"radius":70.47619047619048,"color":"#D8282A","children_json_url":null},"El_Guijo":{"cartodb_id":588,"x_coordinate":-160.60606060606062,"y_coordinate":null,"radius":72.60744985673352,"color":"#D94B5F","children_json_url":null},"Hinojosa_del_Duque":{"cartodb_id":593,"x_coordinate":-160.60606060606062,"y_coordinate":141.09889166047773,"radius":68.44273635664874,"color":"#D94B5F","children_json_url":null},"Hornachuelos":{"cartodb_id":608,"x_coordinate":-142.42424242424244,"y_coordinate":-88.0445055463515,"radius":66.32528522154418,"color":"#D94B5F","children_json_url":null},"Iznájar":{"cartodb_id":645,"x_coordinate":-115.15151515151516,"y_coordinate":-88.0445055463515,"radius":67.03474535935268,"color":"#D94B5F","children_json_url":null},"Lucena":{"cartodb_id":641,"x_coordinate":103.03030303030303,"y_coordinate":127.13721110412872,"radius":61.01009359515507,"color":"#64B7DE","children_json_url":null},"Luque":{"cartodb_id":646,"x_coordinate":-196.96969696969697,"y_coordinate":-71.29048887873267,"radius":69.55299206921413,"color":"#D94B5F","children_json_url":null},"Montemayor":{"cartodb_id":536,"x_coordinate":0,"y_coordinate":115.96786665904952,"radius":59.54545454545455,"color":"#AAA","children_json_url":null},"Montilla":{"cartodb_id":575,"x_coordinate":0,"y_coordinate":166.22991666190597,"radius":66.97405699683351,"color":"#AAA","children_json_url":null},"Montoro":{"cartodb_id":609,"x_coordinate":-206.06060606060606,"y_coordinate":118.76020277031932,"radius":66.50849285521704,"color":"#D8282A","children_json_url":null},"Monturque":{"cartodb_id":576,"x_coordinate":-121.21212121212122,"y_coordinate":-93.62917776889111,"radius":70.59961315280464,"color":"#D94B5F","children_json_url":null},"Moriles":{"cartodb_id":577,"x_coordinate":0,"y_coordinate":-99.2138499914307,"radius":71.38121546961327,"color":"#AAA","children_json_url":null},"Nueva_Carteya":{"cartodb_id":635,"x_coordinate":-109.0909090909091,"y_coordinate":-48.951799988574265,"radius":70.30951826855946,"color":"#D94B5F","children_json_url":null},"Obejo":{"cartodb_id":606,"x_coordinate":0,"y_coordinate":143.89122777174754,"radius":69.89157631359467,"color":"#AAA","children_json_url":null},"Palenciana":{"cartodb_id":589,"x_coordinate":0,"y_coordinate":127.13721110412872,"radius":70.5834018077239,"color":"#AAA","children_json_url":null},"Palma_del_Río":{"cartodb_id":627,"x_coordinate":-239.3939393939394,"y_coordinate":-85.2521694350817,"radius":62.64433497536945,"color":"#D8282A","children_json_url":null},"Pedro_Abad":{"cartodb_id":622,"x_coordinate":0,"y_coordinate":124.34487499285893,"radius":78.29160530191459,"color":"#AAA","children_json_url":null},"Pedroche":{"cartodb_id":594,"x_coordinate":142.42424242424244,"y_coordinate":110.38319443650992,"radius":68.66752910737387,"color":"#64B7DE","children_json_url":null},"Peñarroya-Pueblonuevo":{"cartodb_id":595,"x_coordinate":0,"y_coordinate":199.73794999714357,"radius":58.0720871751886,"color":"#AAA","children_json_url":null},"Posadas":{"cartodb_id":623,