{"Adamuz":{"cartodb_id":604,"x_coordinate":102.87769784172662,"y_coordinate":-74.17470202259713,"radius":72.79527559055117,"color":"#E88394","children_json_url":null},"Alcaracejos":{"cartodb_id":581,"x_coordinate":-113.81294964028777,"y_coordinate":127.13412912422449,"radius":68.21256038647343,"color":"#D94B5F","children_json_url":null},"Almedinilla":{"cartodb_id":642,"x_coordinate":108.63309352517986,"y_coordinate":105.95035828357354,"radius":80,"color":"#E88394","children_json_url":null},"Almodóvar_del_Río":{"cartodb_id":628,"x_coordinate":103.7410071942446,"y_coordinate":118.6606207879641,"radius":61.89221556886228,"color":"#E88394","children_json_url":null},"Añora":{"cartodb_id":582,"x_coordinate":107.4820143884892,"y_coordinate":137.72601454454997,"radius":80,"color":"#E88394","children_json_url":null},"Baena":{"cartodb_id":636,"x_coordinate":-100.0,"y_coordinate":-82.6482103588575,"radius":65.90316315205328,"color":"#D94B5F","children_json_url":null},"Belalcázar":{"cartodb_id":583,"x_coordinate":110.35971223021582,"y_coordinate":112.30548953576883,"radius":66.04146100691017,"color":"#E88394","children_json_url":null},"Belmez":{"cartodb_id":584,"x_coordinate":0,"y_coordinate":161.028162469266,"radius":24.050778995960762,"color":"#000000","children_json_url":null},"Benamejí":{"cartodb_id":637,"x_coordinate":0,"y_coordinate":-74.17470202259713,"radius":68.44787644787644,"color":"#000000","children_json_url":null},"Bujalance":{"cartodb_id":614,"x_coordinate":0,"y_coordinate":-93.24009577918297,"radius":66.56841452063296,"color":"#000000","children_json_url":null},"Cabra":{"cartodb_id":638,"x_coordinate":0,"y_coordinate":120.77899787202921,"radius":63.823687511198706,"color":"#000000","children_json_url":null},"Cañete_de_las_Torres":{"cartodb_id":615,"x_coordinate":-104.31654676258992,"y_coordinate":-72.05632493853203,"radius":72.1166224914805,"color":"#D94B5F","children_json_url":null},"Carcabuey":{"cartodb_id":643,"x_coordinate":-104.31654676258992,"y_coordinate":-97.47684994731317,"radius":69.91618879576532,"color":"#D94B5F","children_json_url":null},"Cardeña":{"cartodb_id":585,"x_coordinate":0,"y_coordinate":-80.52983327479241,"radius":20.508474576271187,"color":"#000000","children_json_url":null},"La_Carlota":{"cartodb_id":631,"x_coordinate":100.86330935251799,"y_coordinate":101.71360411544335,"radius":64.39626340675815,"color":"#E88394","children_json_url":null},"El_Carpio":{"cartodb_id":618,"x_coordinate":0,"y_coordinate":120.77899787202921,"radius":68.99917287014061,"color":"#000000","children_json_url":null},"Castro_del_Río":{"cartodb_id":616,"x_coordinate":0,"y_coordinate":-84.7665874429226,"radius":68.57766007166225,"color":"#000000","children_json_url":null},"Conquista":{"cartodb_id":586,"x_coordinate":104.02877697841727,"y_coordinate":null,"radius":70.98591549295776,"color":"#E88394","children_json_url":null},"Córdoba":{"cartodb_id":617,"x_coordinate":0,"y_coordinate":182.21193330991693,"radius":56.940106679429086,"color":"#000000","children_json_url":null},"Doña_Mencía":{"cartodb_id":639,"x_coordinate":102.87769784172662,"y_coordinate":-82.6482103588575,"radius":67.09335899903753,"color":"#E88394","children_json_url":null},"Dos_Torres":{"cartodb_id":587,"x_coordinate":-101.72661870503597,"y_coordinate":118.6606207879641,"radius":71.14474929044465,"color":"#D94B5F","children_json_url":null},"Encinas_Reales":{"cartodb_id":640,"x_coordinate":0,"y_coordinate":129.2525062082896,"radius":73.24847250509166,"color":"#000000","children_json_url":null},"Espejo":{"cartodb_id":620,"x_coordinate":102.58992805755396,"y_coordinate":-78.4114561907273,"radius":73.70740305522914,"color":"#E88394","children_json_url":null},"Espiel":{"cartodb_id":605,"x_coordinate":-108.92086330935251,"y_coordinate":182.21193330991693,"radius":64.97932935231971,"color":"#D94B5F","children_json_url":null},"Fernán-Núñez":{"cartodb_id":571,"x_coordinate":101.43884892086331,"y_coordinate":127.13412912422449,"radius":64.0452065471551,"color":"#E88394","children_json_url":null},"Fuente_la_Lancha":{"cartodb_id":591,"x_coordinate":0,"y_coordinate":null,"radius":75.09234828496042,"color":"#000000","children_json_url":null},"Fuente_Obejuna":{"cartodb_id":592,"x_coordinate":0,"y_coordinate":250.0,"radius":24.41799475489207,"color":"#000000","children_json_url":null},"Fuente_Palmera":{"cartodb_id":626,"x_coordinate":101.43884892086331,"y_coordinate":-69.93794785446693,"radius":68.00925330934328,"color":"#E88394","children_json_url":null},"Fuente-Tójar":{"cartodb_id":644,"x_coordinate":-105.46762589928058,"y_coordinate":null,"radius":69.09871244635193,"color":"#D94B5F","children_json_url":null},"Guadalcázar":{"cartodb_id":630,"x_coordinate":-109.7841726618705,"y_coordinate":-59.34606243414146,"radius":70.27563395810364,"color":"#D94B5F","children_json_url":null},"El_Guijo":{"cartodb_id":588,"x_coordinate":-114.10071942446044,"y_coordinate":null,"radius":70.9659090909091,"color":"#D94B5F","children_json_url":null},"Hinojosa_del_Duque":{"cartodb_id":593,"x_coordinate":-100.0,"y_coordinate":144.08114579674523,"radius":66.05226960110042,"color":"#D94B5F","children_json_url":null},"Hornachuelos":{"cartodb_id":608,"x_coordinate":-104.60431654676259,"y_coordinate":-82.6482103588575,"radius":67.53946652150245,"color":"#D94B5F","children_json_url":null},"Iznájar":{"cartodb_id":645,"x_coordinate":102.87769784172662,"y_coordinate":-78.4114561907273,"radius":65.5131676101403,"color":"#E88394","children_json_url":null},"Lucena":{"cartodb_id":641,"x_coordinate":-100.0,"y_coordinate":112.30548953576883,"radius":80,"color":"#D94B5F","children_json_url":null},"Luque":{"cartodb_id":646,"x_coordinate":101.72661870503597,"y_coordinate":-84.7665874429226,"radius":69.36353829557713,"color":"#E88394","children_json_url":null},"Montemayor":{"cartodb_id":536,"x_coordinate":-109.20863309352518,"y_coordinate":-93.24009577918297,"radius":67.77490297542045,"color":"#D94B5F","children_json_url":null},"Montilla":{"cartodb_id":575,"x_coordinate":0,"y_coordinate":137.72601454454997,"radius":63.48863453167822,"color":"#000000","children_json_url":null},"Montoro":{"cartodb_id":609,"x_coordinate":102.01438848920863,"y_coordinate":-95.35847286324807,"radius":65.23828278849942,"color":"#E88394","children_json_url":null},"Monturque":{"cartodb_id":576,"x_coordinate":0,"y_coordinate":-86.88496452698769,"radius":71.20458891013385,"color":"#000000","children_json_url":null},"Moriles":{"cartodb_id":577,"x_coordinate":108.05755395683454,"y_coordinate":-91.12171869511788,"radius":72.53812267028127,"color":"#E88394","children_json_url":null},"Nueva_Carteya":{"cartodb_id":635,"x_coordinate":100.0,"y_coordinate":-69.93794785446693,"radius":71.77540350079563,"color":"#E88394","children_json_url":null},"Obejo":{"cartodb_id":606,"x_coordinate":0,"y_coordinate":141.96276871268014,"radius":67.72182254196642,"color":"#000000","children_json_url":null},"Palenciana":{"cartodb_id":589,"x_coordinate":0,"y_coordinate":-82.6482103588575,"radius":24.908657664813344,"color":"#000000","children_json_url":null},"Palma_del_Río":{"cartodb_id":627,"x_coordinate":0,"y_coordinate":-84.7665874429226,"radius":63.32863729508196,"color":"#000000","children_json_url":null},"Pedro_Abad":{"cartodb_id":622,"x_coordinate":-103.16546762589928,"y_coordinate":-76.29307910666222,"radius":71.17039586919105,"color":"#D94B5F","children_json_url":null},"Pedroche":{"cartodb_id":594,"x_coordinate":-100.0,"y_coordinate":144.08114579674523,"radius":70.21563342318059,"color":"#D94B5F","children_json_url":null},"Peñarroya-Pueblonuevo":{"cartodb_id":595,"x_coordinate":0,"y_coordinate":201.2773270665028,"radius":23.509227969846634,"color":"#000000","children_json_url":null},"Posadas":{"cartodb_id":623,"x_coordinate":0,"y_coordinate":-91.12171869511788,"radius":67.1971454058876,"color":"#000000","children_json_url":null},"Pozoblanco":{"cartodb_id":596,"x_coordinate":0,"y_coordinate":129.2525062082896,"radius":24.71510957324106,"color":"#000000","children_json_url":null},