{"Alájar":{"cartodb_id":60,"x_coordinate":-102.92044310171198,"y_coordinate":null,"radius":62.055214723926376,"color":"#D94B5F","children_json_url":null},"Aljaraque":{"cartodb_id":809,"x_coordinate":0,"y_coordinate":119.34273269190084,"radius":56.94586064578781,"color":"#000000","children_json_url":null},"El_Almendro":{"cartodb_id":783,"x_coordinate":-104.83383685800604,"y_coordinate":null,"radius":64.64135021097047,"color":"#D94B5F","children_json_url":null},"Almonaster_la_Real":{"cartodb_id":63,"x_coordinate":-107.85498489425981,"y_coordinate":159.95242388225597,"radius":54.75632325724861,"color":"#D94B5F","children_json_url":null},"Almonte":{"cartodb_id":957,"x_coordinate":0,"y_coordinate":105.21762271264689,"radius":59.87356621480709,"color":"#000000","children_json_url":null},"Alosno":{"cartodb_id":782,"x_coordinate":101.4098690835851,"y_coordinate":133.46784267115478,"radius":56.80042519266543,"color":"#E88394","children_json_url":null},"Aracena":{"cartodb_id":64,"x_coordinate":101.10775427995972,"y_coordinate":135.23348141856155,"radius":58.73573010734367,"color":"#E88394","children_json_url":null},"Aroche":{"cartodb_id":65,"x_coordinate":101.20845921450152,"y_coordinate":-84.02995774376593,"radius":56.13958560523446,"color":"#E88394","children_json_url":null},"Arroyomolinos_de_León":{"cartodb_id":66,"x_coordinate":0,"y_coordinate":250.0,"radius":66.1086956521739,"color":"#000000","children_json_url":null},"Ayamonte":{"cartodb_id":786,"x_coordinate":0,"y_coordinate":108.74890020746037,"radius":55.17300056721497,"color":"#000000","children_json_url":null},"Beas":{"cartodb_id":963,"x_coordinate":100.50352467270896,"y_coordinate":117.5770939444941,"radius":67.45839210155148,"color":"#E88394","children_json_url":null},"Berrocal":{"cartodb_id":799,"x_coordinate":-102.11480362537765,"y_coordinate":null,"radius":73.91549295774648,"color":"#D94B5F","children_json_url":null},"Bonares":{"cartodb_id":965,"x_coordinate":101.71198388721048,"y_coordinate":-73.43612525932545,"radius":68.91142998515586,"color":"#E88394","children_json_url":null},"Cabezas_Rubias":{"cartodb_id":787,"x_coordinate":-105.63947633434039,"y_coordinate":null,"radius":59.51406649616368,"color":"#D94B5F","children_json_url":null},"Cala":{"cartodb_id":67,"x_coordinate":-100.70493454179255,"y_coordinate":227.0466962837123,"radius":72.68022181146026,"color":"#D94B5F","children_json_url":null},"Calañas":{"cartodb_id":800,"x_coordinate":0,"y_coordinate":177.60881135632346,"radius":61.28541448058762,"color":"#000000","children_json_url":null},"El_Campillo":{"cartodb_id":802,"x_coordinate":0,"y_coordinate":172.3118951141032,"radius":80,"color":"#000000","children_json_url":null},"Campofrío":{"cartodb_id":801,"x_coordinate":-103.12185297079557,"y_coordinate":null,"radius":69.76047904191617,"color":"#D94B5F","children_json_url":null},"Cañaveral_de_León":{"cartodb_id":61,"x_coordinate":-105.13595166163142,"y_coordinate":null,"radius":65.32258064516128,"color":"#D94B5F","children_json_url":null},"Cartaya":{"cartodb_id":810,"x_coordinate":0,"y_coordinate":105.21762271264689,"radius":54.071166928309786,"color":"#000000","children_json_url":null},"Castaño_del_Robledo":{"cartodb_id":32,"x_coordinate":-104.53172205438067,"y_coordinate":null,"radius":67.16763005780348,"color":"#D94B5F","children_json_url":null},"El_Cerro_de_Andévalo":{"cartodb_id":784,"x_coordinate":100.70493454179255,"y_coordinate":182.90572759854365,"radius":63.107861060329064,"color":"#E88394","children_json_url":null},"Corteconcepción":{"cartodb_id":68,"x_coordinate":0,"y_coordinate":null,"radius":65.11811023622047,"color":"#000000","children_json_url":null},"Cortegana":{"cartodb_id":69,"x_coordinate":-102.92044310171198,"y_coordinate":147.59295265040876,"radius":63.931168201648084,"color":"#D94B5F","children_json_url":null},"Cortelazor":{"cartodb_id":70,"x_coordinate":-102.41691842900302,"y_coordinate":null,"radius":69.96197718631178,"color":"#D94B5F","children_json_url":null},"Cumbres_de_Enmedio":{"cartodb_id":71,"x_coordinate":-108.76132930513594,"y_coordinate":null,"radius":68.9795918367347,"color":"#D94B5F","children_json_url":null},"Cumbres_de_San_Bartolomé":{"cartodb_id":72,"x_coordinate":-103.32326283987915,"y_coordinate":null,"radius":72.46575342465754,"color":"#D94B5F","children_json_url":null},"Cumbres_Mayores":{"cartodb_id":74,"x_coordinate":-140.28197381671703,"y_coordinate":158.18678513484923,"radius":67.76084407971865,"color":"#D94B5F","children_json_url":null},"Chucena":{"cartodb_id":966,"x_coordinate":102.31621349446122,"y_coordinate":103.45198396524012,"radius":69.51917224589167,"color":"#E88394","children_json_url":null},"Encinasola":{"cartodb_id":75,"x_coordinate":-100.80563947633433,"y_coordinate":121.10837143930758,"radius":65.41899441340782,"color":"#D94B5F","children_json_url":null},"Escacena_del_Campo":{"cartodb_id":968,"x_coordinate":-102.61832829808661,"y_coordinate":105.21762271264689,"radius":69.84004412575841,"color":"#D94B5F","children_json_url":null},"Fuenteheridos":{"cartodb_id":76,"x_coordinate":-100.60422960725076,"y_coordinate":null,"radius":69.50276243093923,"color":"#D94B5F","children_json_url":null},"Galaroza":{"cartodb_id":768,"x_coordinate":0,"y_coordinate":159.95242388225597,"radius":67.66312594840667,"color":"#000000","children_json_url":null},"Gibraleón":{"cartodb_id":811,"x_coordinate":0,"y_coordinate":119.34273269190084,"radius":68.75160051216389,"color":"#000000","children_json_url":null},"El_Granado":{"cartodb_id":789,"x_coordinate":-104.33031218529707,"y_coordinate":null,"radius":63.15789473684211,"color":"#D94B5F","children_json_url":null},"Higuera_de_la_Sierra":{"cartodb_id":769,"x_coordinate":0,"y_coordinate":158.18678513484923,"radius":67.797513321492,"color":"#000000","children_json_url":null},"Hinojales":{"cartodb_id":770,"x_coordinate":0,"y_coordinate":null,"radius":71.4018691588785,"color":"#000000","children_json_url":null},"Hinojos":{"cartodb_id":958,"x_coordinate":100.20140986908359,"y_coordinate":-96.38942897561316,"radius":24.833659491193735,"color":"#E88394","children_json_url":null},"Huelva":{"cartodb_id":960,"x_coordinate":0,"y_coordinate":154.65550764003575,"radius":51.34626750610305,"color":"#000000","children_json_url":null},"Isla_Cristina":{"cartodb_id":814,"x_coordinate":100.30211480362537,"y_coordinate":122.87401018671433,"radius":58.832597667830555,"color":"#E88394","children_json_url":null},"Jabugo":{"cartodb_id":753,"x_coordinate":-101.00704934541793,"y_coordinate":197.03083757779763,"radius":65.85166240409207,"color":"#D94B5F","children_json_url":null},"Lepe":{"cartodb_id":815,"x_coordinate":0,"y_coordinate":117.5770939444941,"radius":64.00896649362907,"color":"#000000","children_json_url":null},"Linares_de_la_Sierra":{"cartodb_id":773,"x_coordinate":-101.61127895266868,"y_coordinate":null,"radius":76.31768953068593,"color":"#D94B5F","children_json_url":null},"Lucena_del_Puerto":{"cartodb_id":961,"x_coordinate":-300.0,"y_coordinate":-80.49868024895244,"radius":70.40143798681845,"color":"#D94B5F","children_json_url":null},"Manzanilla":{"cartodb_id":970,"x_coordinate":100.40281973816717,"y_coordinate":-87.56123523857943,"radius":68.15670517327976,"color":"#E88394","children_json_url":null},"Minas_de_Riotinto":{"cartodb_id":804,"x_coordinate":0,"y_coordinate":170.54625636669647,"radius":55.53304904051173,"color":"#000000","children_json_url":null},"Moguer":{"cartodb_id":816,"x_coordinate":0,"y_coordinate":-94.6237902282064,"radius":80,"color":"#000000","children_json_url":null},"Nerva":{"cartodb_id":806,"x_coordinate":0,"y_coordinate":205.85903131483138,"radius":62.021256759276525,"color":"#000000","children_json_url":null},"Niebla":{"cartodb_id":971,"x_coordinate":-103.02114803625378,"y_coordinate":124.63964893412107,"radius":70.52728954671599,"color":"#D94B5F","children_json_url":null},"La_Palma_del_Condado":{"cartodb_id":969,"x_coordinate":100.0,"y_coordinate":135.23348141856155,"radius":62.849482956721566,"color":"#E88394","children_json_url":null},