{"Alájar":{"cartodb_id":60,"x_coordinate":-114.78599221789884,"y_coordinate":null,"radius":66.21487603305786,"color":"#D94B5F","children_json_url":null},"Aljaraque":{"cartodb_id":809,"x_coordinate":0,"y_coordinate":-97.1094539575013,"radius":80,"color":"#000000","children_json_url":null},"El_Almendro":{"cartodb_id":783,"x_coordinate":-120.23346303501945,"y_coordinate":null,"radius":66.29787234042553,"color":"#D94B5F","children_json_url":null},"Almonaster_la_Real":{"cartodb_id":63,"x_coordinate":-114.78599221789884,"y_coordinate":169.91447588250065,"radius":63.20143884892086,"color":"#D94B5F","children_json_url":null},"Almonte":{"cartodb_id":957,"x_coordinate":0,"y_coordinate":-75.2679473800015,"radius":58.933614330874605,"color":"#000000","children_json_url":null},"Alosno":{"cartodb_id":782,"x_coordinate":0,"y_coordinate":-77.69478144416814,"radius":65.39666238767651,"color":"#000000","children_json_url":null},"Aracena":{"cartodb_id":64,"x_coordinate":0,"y_coordinate":148.07296930500087,"radius":62.92541636495293,"color":"#000000","children_json_url":null},"Aroche":{"cartodb_id":65,"x_coordinate":0,"y_coordinate":123.80462866333441,"radius":80,"color":"#000000","children_json_url":null},"Arroyomolinos_de_León":{"cartodb_id":66,"x_coordinate":-107.78210116731518,"y_coordinate":123.80462866333441,"radius":69.29250263991553,"color":"#D94B5F","children_json_url":null},"Ayamonte":{"cartodb_id":786,"x_coordinate":0,"y_coordinate":-80.12161550833478,"radius":55.402246160898464,"color":"#000000","children_json_url":null},"Beas":{"cartodb_id":963,"x_coordinate":0,"y_coordinate":-67.98744518750155,"radius":66.76444178389704,"color":"#000000","children_json_url":null},"Berrocal":{"cartodb_id":799,"x_coordinate":101.16731517509727,"y_coordinate":null,"radius":74.86725663716814,"color":"#E88394","children_json_url":null},"Bonares":{"cartodb_id":965,"x_coordinate":104.6692607003891,"y_coordinate":-75.2679473800015,"radius":68.65552506859567,"color":"#E88394","children_json_url":null},"Cabezas_Rubias":{"cartodb_id":787,"x_coordinate":0,"y_coordinate":null,"radius":65.15544041450778,"color":"#000000","children_json_url":null},"Cala":{"cartodb_id":67,"x_coordinate":-123.34630350194553,"y_coordinate":172.3413099466673,"radius":68.01080108010801,"color":"#D94B5F","children_json_url":null},"Calañas":{"cartodb_id":800,"x_coordinate":0,"y_coordinate":160.2071396258341,"radius":60.501174628034455,"color":"#000000","children_json_url":null},"El_Campillo":{"cartodb_id":802,"x_coordinate":-228.01556420233464,"y_coordinate":191.7559824600005,"radius":63.191489361702125,"color":"#D94B5F","children_json_url":null},"Campofrío":{"cartodb_id":801,"x_coordinate":-114.39688715953308,"y_coordinate":null,"radius":70.29535864978902,"color":"#D94B5F","children_json_url":null},"Cañaveral_de_León":{"cartodb_id":61,"x_coordinate":-117.8988326848249,"y_coordinate":null,"radius":63.69230769230769,"color":"#D94B5F","children_json_url":null},"Cartaya":{"cartodb_id":810,"x_coordinate":102.33463035019456,"y_coordinate":-65.56061112333492,"radius":57.43642870597099,"color":"#E88394","children_json_url":null},"Castaño_del_Robledo":{"cartodb_id":32,"x_coordinate":0,"y_coordinate":null,"radius":68.0,"color":"#000000","children_json_url":null},"El_Cerro_de_Andévalo":{"cartodb_id":784,"x_coordinate":0,"y_coordinate":133.511964920001,"radius":66.76816006959547,"color":"#000000","children_json_url":null},"Corteconcepción":{"cartodb_id":68,"x_coordinate":-112.06225680933852,"y_coordinate":null,"radius":66.77966101694915,"color":"#D94B5F","children_json_url":null},"Cortegana":{"cartodb_id":69,"x_coordinate":103.89105058365759,"y_coordinate":157.78030556166743,"radius":64.74331164135937,"color":"#E88394","children_json_url":null},"Cortelazor":{"cartodb_id":70,"x_coordinate":0,"y_coordinate":null,"radius":70.59701492537313,"color":"#000000","children_json_url":null},"Cumbres_de_Enmedio":{"cartodb_id":71,"x_coordinate":-133.85214007782102,"y_coordinate":null,"radius":78.75,"color":"#D94B5F","children_json_url":null},"Cumbres_de_San_Bartolomé":{"cartodb_id":72,"x_coordinate":-107.39299610894942,"y_coordinate":null,"radius":64.87179487179488,"color":"#D94B5F","children_json_url":null},"Cumbres_Mayores":{"cartodb_id":74,"x_coordinate":-110.50583657587549,"y_coordinate":184.47548026750056,"radius":69.76909413854352,"color":"#D94B5F","children_json_url":null},"Chucena":{"cartodb_id":966,"x_coordinate":-114.78599221789884,"y_coordinate":-87.40211770083472,"radius":74.16237113402062,"color":"#D94B5F","children_json_url":null},"Encinasola":{"cartodb_id":75,"x_coordinate":0,"y_coordinate":106.8167902141679,"radius":69.43548387096774,"color":"#000000","children_json_url":null},"Escacena_del_Campo":{"cartodb_id":968,"x_coordinate":0,"y_coordinate":-82.54844957250143,"radius":73.27972429638139,"color":"#000000","children_json_url":null},"Fuenteheridos":{"cartodb_id":76,"x_coordinate":-107.39299610894942,"y_coordinate":null,"radius":68.7218045112782,"color":"#D94B5F","children_json_url":null},"Galaroza":{"cartodb_id":768,"x_coordinate":-101.55642023346303,"y_coordinate":157.78030556166743,"radius":66.13670133729569,"color":"#D94B5F","children_json_url":null},"Gibraleón":{"cartodb_id":811,"x_coordinate":0,"y_coordinate":-97.1094539575013,"radius":69.31730551145384,"color":"#000000","children_json_url":null},"El_Granado":{"cartodb_id":789,"x_coordinate":-113.61867704280155,"y_coordinate":null,"radius":66.81967213114754,"color":"#D94B5F","children_json_url":null},"Higuera_de_la_Sierra":{"cartodb_id":769,"x_coordinate":-112.45136186770428,"y_coordinate":157.78030556166743,"radius":69.22790697674418,"color":"#D94B5F","children_json_url":null},"Hinojales":{"cartodb_id":770,"x_coordinate":102.33463035019456,"y_coordinate":null,"radius":72.45508982035929,"color":"#E88394","children_json_url":null},"Hinojos":{"cartodb_id":958,"x_coordinate":-102.33463035019456,"y_coordinate":-63.13377705916827,"radius":72.2440537745605,"color":"#D94B5F","children_json_url":null},"Huelva":{"cartodb_id":960,"x_coordinate":100.0,"y_coordinate":135.93879898416765,"radius":53.816658862702255,"color":"#E88394","children_json_url":null},"Isla_Cristina":{"cartodb_id":814,"x_coordinate":100.0,"y_coordinate":-99.53628802166796,"radius":49.078385452541674,"color":"#E88394","children_json_url":null},"Jabugo":{"cartodb_id":753,"x_coordinate":0,"y_coordinate":228.1584934225002,"radius":64.81127327629594,"color":"#000000","children_json_url":null},"Lepe":{"cartodb_id":815,"x_coordinate":-100.0,"y_coordinate":-65.56061112333492,"radius":60.09187557422234,"color":"#D94B5F","children_json_url":null},"Linares_de_la_Sierra":{"cartodb_id":773,"x_coordinate":-103.50194552529183,"y_coordinate":null,"radius":68.76494023904382,"color":"#D94B5F","children_json_url":null},"Lucena_del_Puerto":{"cartodb_id":961,"x_coordinate":-110.50583657587549,"y_coordinate":-58.28010893083498,"radius":72.38214959145192,"color":"#D94B5F","children_json_url":null},"Manzanilla":{"cartodb_id":970,"x_coordinate":-101.55642023346303,"y_coordinate":-87.40211770083472,"radius":72.96658097686375,"color":"#D94B5F","children_json_url":null},"Minas_de_Riotinto":{"cartodb_id":804,"x_coordinate":0,"y_coordinate":203.89015278083372,"radius":59.04153354632588,"color":"#000000","children_json_url":null},"Moguer":{"cartodb_id":816,"x_coordinate":0,"y_coordinate":-72.84111331583486,"radius":62.443762781186095,"color":"#000000","children_json_url":null},"Nerva":{"cartodb_id":806,"x_coordinate":0,"y_coordinate":250.0,"radius":64.7702407002188,"color":"#000000","children_json_url":null},"Niebla":{"cartodb_id":971,"x_coordinate":0,"y_coordinate":126.23146272750105,"radius":72.49520153550864,"color":"#000000","children_json_url":null},"La_Palma_del_Condado":{"cartodb_id":969,"x_coordinate":0,"y_coordinate":131.08513085583434,"radius":68.01759765364618,"color":"#000000","children_json_url":null},"Paterna_del_Campo":{"cartodb_id":972,"x_coordinate":104.28015564202335,"y_coordinate":-82.54844957250143,