{"Alcalá_la_Real":{"cartodb_id":1077,"x_coordinate":0,"y_coordinate":-35.89643693519183,"radius":80,"color":"#000000","children_json_url":null},"Alcaudete":{"cartodb_id":1078,"x_coordinate":0,"y_coordinate":-49.70957003614722,"radius":24.697299651567945,"color":"#000000","children_json_url":null},"Aldeaquemada":{"cartodb_id":1067,"x_coordinate":111.2094395280236,"y_coordinate":null,"radius":72.45841035120148,"color":"#E88394","children_json_url":null},"Andújar":{"cartodb_id":1000,"x_coordinate":0,"y_coordinate":118.77523554092404,"radius":58.73605213784931,"color":"#000000","children_json_url":null},"Arjona":{"cartodb_id":1003,"x_coordinate":110.61946902654867,"y_coordinate":-1.363604182803428,"radius":65.20599250936328,"color":"#E88394","children_json_url":null},"Arjonilla":{"cartodb_id":1004,"x_coordinate":202.06489675516224,"y_coordinate":33.16922856958499,"radius":20.483091787439612,"color":"#E88394","children_json_url":null},"Arquillos":{"cartodb_id":1013,"x_coordinate":-124.77876106194691,"y_coordinate":33.16922856958499,"radius":68.08735936465916,"color":"#D94B5F","children_json_url":null},"Baeza":{"cartodb_id":1021,"x_coordinate":0,"y_coordinate":-84.24240278853563,"radius":62.539899680802556,"color":"#000000","children_json_url":null},"Bailén":{"cartodb_id":1068,"x_coordinate":0,"y_coordinate":111.86866899044635,"radius":57.20018170805572,"color":"#000000","children_json_url":null},"Baños_de_la_Encina":{"cartodb_id":1069,"x_coordinate":0,"y_coordinate":-70.42926968758026,"radius":67.18157181571816,"color":"#000000","children_json_url":null},"Beas_de_Segura":{"cartodb_id":1039,"x_coordinate":0,"y_coordinate":-98.05553588949097,"radius":64.91359177954227,"color":"#000000","children_json_url":null},"Begíjar":{"cartodb_id":1022,"x_coordinate":105.89970501474926,"y_coordinate":-8.27017073328112,"radius":25.266533066132265,"color":"#E88394","children_json_url":null},"Bélmez_de_la_Moraleda":{"cartodb_id":1051,"x_coordinate":-112.38938053097345,"y_coordinate":250.0,"radius":65.24466750313677,"color":"#D94B5F","children_json_url":null},"Benatae":{"cartodb_id":1010,"x_coordinate":102.3598820058997,"y_coordinate":null,"radius":71.0344827586207,"color":"#E88394","children_json_url":null},"Cabra_del_Santo_Cristo":{"cartodb_id":1036,"x_coordinate":108.84955752212389,"y_coordinate":-98.05553588949097,"radius":71.81964573268921,"color":"#E88394","children_json_url":null},"Cambil":{"cartodb_id":1057,"x_coordinate":-109.43952802359883,"y_coordinate":-1.363604182803428,"radius":66.36060718252499,"color":"#D94B5F","children_json_url":null},"Campillo_de_Arenas":{"cartodb_id":1058,"x_coordinate":-118.28908554572271,"y_coordinate":-42.80300348566953,"radius":72.84497444633732,"color":"#D94B5F","children_json_url":null},"Canena":{"cartodb_id":1023,"x_coordinate":-100.0,"y_coordinate":-70.42926968758026,"radius":25.26191877575044,"color":"#D94B5F","children_json_url":null},"Carboneros":{"cartodb_id":1070,"x_coordinate":-121.23893805309734,"y_coordinate":null,"radius":72.48713550600343,"color":"#D94B5F","children_json_url":null},"La_Carolina":{"cartodb_id":1073,"x_coordinate":0,"y_coordinate":229.28030034856695,"radius":67.82746010638297,"color":"#000000","children_json_url":null},"Castellar":{"cartodb_id":1014,"x_coordinate":105.89970501474926,"y_coordinate":-8.27017073328112,"radius":67.30125523012552,"color":"#E88394","children_json_url":null},"Castillo_de_Locubín":{"cartodb_id":1079,"x_coordinate":0,"y_coordinate":40.07579512006268,"radius":63.68090452261306,"color":"#000000","children_json_url":null},"Cazalilla":{"cartodb_id":1005,"x_coordinate":-119.46902654867256,"y_coordinate":null,"radius":74.07837445573296,"color":"#D94B5F","children_json_url":null},"Cazorla":{"cartodb_id":818,"x_coordinate":0,"y_coordinate":111.86866899044635,"radius":80,"color":"#000000","children_json_url":null},"Chiclana_de_Segura":{"cartodb_id":1016,"x_coordinate":110.02949852507375,"y_coordinate":88.42176097340644,"radius":65.75503355704697,"color":"#E88394","children_json_url":null},"Chilluévar":{"cartodb_id":819,"x_coordinate":-121.23893805309734,"y_coordinate":26.262662019107296,"radius":70.83275980729525,"color":"#D94B5F","children_json_url":null},"Escañuela":{"cartodb_id":1006,"x_coordinate":-129.49852507374632,"y_coordinate":null,"radius":68.92523364485982,"color":"#D94B5F","children_json_url":null},"Espelúy":{"cartodb_id":1007,"x_coordinate":-137.16814159292036,"y_coordinate":null,"radius":69.62843295638126,"color":"#D94B5F","children_json_url":null},"Frailes":{"cartodb_id":1080,"x_coordinate":-127.1386430678466,"y_coordinate":12.449528918151927,"radius":66.99815837937385,"color":"#D94B5F","children_json_url":null},"Fuensanta_de_Martos":{"cartodb_id":981,"x_coordinate":121.82890855457228,"y_coordinate":5.542962367674249,"radius":66.91312384473198,"color":"#E88394","children_json_url":null},"Fuerte_del_Rey":{"cartodb_id":982,"x_coordinate":100.0,"y_coordinate":-22.083303834236503,"radius":74.13441955193483,"color":"#E88394","children_json_url":null},"Génave":{"cartodb_id":1035,"x_coordinate":-131.26843657817108,"y_coordinate":null,"radius":66.61237785016286,"color":"#D94B5F","children_json_url":null},"La_Guardia_de_Jaén":{"cartodb_id":987,"x_coordinate":-100.58997050147492,"y_coordinate":-22.083303834236503,"radius":70.79119571683522,"color":"#D94B5F","children_json_url":null},"Guarromán":{"cartodb_id":1071,"x_coordinate":108.84955752212389,"y_coordinate":-63.52270313710257,"radius":80,"color":"#E88394","children_json_url":null},"Higuera_de_Calatrava":{"cartodb_id":984,"x_coordinate":-114.74926253687316,"y_coordinate":null,"radius":74.57391304347826,"color":"#D94B5F","children_json_url":null},"Hinojares":{"cartodb_id":820,"x_coordinate":118.28908554572271,"y_coordinate":null,"radius":58.6046511627907,"color":"#E88394","children_json_url":null},"Huelma":{"cartodb_id":1060,"x_coordinate":111.79941002949852,"y_coordinate":-28.989870384714152,"radius":80,"color":"#E88394","children_json_url":null},"Huesa":{"cartodb_id":821,"x_coordinate":-109.43952802359883,"y_coordinate":74.60862787245111,"radius":66.23091603053436,"color":"#D94B5F","children_json_url":null},"Ibros":{"cartodb_id":1024,"x_coordinate":-109.43952802359883,"y_coordinate":167.1212013942678,"radius":69.68939088342074,"color":"#D94B5F","children_json_url":null},"Iznatoraf":{"cartodb_id":1026,"x_coordinate":104.12979351032449,"y_coordinate":12.449528918151927,"radius":69.16408668730651,"color":"#E88394","children_json_url":null},"Jabalquinto":{"cartodb_id":1072,"x_coordinate":-109.43952802359883,"y_coordinate":-1.363604182803428,"radius":71.42448785135778,"color":"#D94B5F","children_json_url":null},"Jaén":{"cartodb_id":985,"x_coordinate":0,"y_coordinate":194.74746759617855,"radius":56.16982346762443,"color":"#000000","children_json_url":null},"Jamilena":{"cartodb_id":986,"x_coordinate":122.4188790560472,"y_coordinate":5.542962367674249,"radius":70.72284499420178,"color":"#E88394","children_json_url":null},"Jimena":{"cartodb_id":1061,"x_coordinate":-101.17994100294985,"y_coordinate":-15.176737283758797,"radius":72.52279635258358,"color":"#D94B5F","children_json_url":null},"Jódar":{"cartodb_id":1062,"x_coordinate":0,"y_coordinate":-8.27017073328112,"radius":64.30819316332068,"color":"#000000","children_json_url":null},"Larva":{"cartodb_id":1063,"x_coordinate":116.51917404129793,"y_coordinate":null,"radius":70.4739336492891,"color":"#E88394","children_json_url":null},"Linares":{"cartodb_id":1074,"x_coordinate":0,"y_coordinate":215.4671672476116,"radius":23.781079376128428,"color":"#000000","children_json_url":null},"Lopera":{"cartodb_id":1009,"x_coordinate":109.43952802359883,"y_coordinate":33.16922856958499,"radius":80,"color":"#E88394","children_json_url":null},"Lupión":{"cartodb_id":1027,"x_coordinate":0,"y_coordinate":null,"radius":72.28070175438597,"color":"#000000","children_json_url":null},"Mancha_Real":{"cartodb_id":989,"x_coordinate":0,"y_coordinate":-28.989870384714152,"radius":65.74883982562227,"color":"#000000",