{"Alcalá_la_Real":{"cartodb_id":1077,"x_coordinate":0,"y_coordinate":-86.45754372104372,"radius":24.12866854584646,"color":"#000000","children_json_url":null},"Alcaudete":{"cartodb_id":1078,"x_coordinate":0,"y_coordinate":-95.41877420208243,"radius":63.164218958611485,"color":"#000000","children_json_url":null},"Aldeaquemada":{"cartodb_id":1067,"x_coordinate":104.93827160493827,"y_coordinate":null,"radius":73.0817610062893,"color":"#E88394","children_json_url":null},"Andújar":{"cartodb_id":1000,"x_coordinate":0,"y_coordinate":137.98461898701623,"radius":58.477603200936855,"color":"#000000","children_json_url":null},"Arjona":{"cartodb_id":1003,"x_coordinate":102.91806958473626,"y_coordinate":-86.45754372104372,"radius":65.88533953881955,"color":"#E88394","children_json_url":null},"Arjonilla":{"cartodb_id":1004,"x_coordinate":0,"y_coordinate":-66.29477513870665,"radius":65.2561669829222,"color":"#000000","children_json_url":null},"Arquillos":{"cartodb_id":1013,"x_coordinate":-105.16273849607182,"y_coordinate":-88.6978513413034,"radius":69.19614147909968,"color":"#D94B5F","children_json_url":null},"Baeza":{"cartodb_id":1021,"x_coordinate":0,"y_coordinate":122.30246564519854,"radius":69.06077348066299,"color":"#000000","children_json_url":null},"Bailén":{"cartodb_id":1068,"x_coordinate":0,"y_coordinate":140.22492660727593,"radius":23.687198410445642,"color":"#000000","children_json_url":null},"Baños_de_la_Encina":{"cartodb_id":1069,"x_coordinate":-100.89786756453424,"y_coordinate":117.82185040467918,"radius":66.60738105824811,"color":"#D94B5F","children_json_url":null},"Beas_de_Segura":{"cartodb_id":1039,"x_coordinate":0,"y_coordinate":-93.17846658182276,"radius":66.17283950617283,"color":"#000000","children_json_url":null},"Begíjar":{"cartodb_id":1022,"x_coordinate":-102.24466891133558,"y_coordinate":108.86061992364047,"radius":72.18130311614732,"color":"#D94B5F","children_json_url":null},"Bélmez_de_la_Moraleda":{"cartodb_id":1051,"x_coordinate":-102.24466891133558,"y_coordinate":164.86831043013234,"radius":67.04225352112675,"color":"#D94B5F","children_json_url":null},"Benatae":{"cartodb_id":1010,"x_coordinate":-112.57014590347924,"y_coordinate":null,"radius":70.64,"color":"#D94B5F","children_json_url":null},"Cabra_del_Santo_Cristo":{"cartodb_id":1036,"x_coordinate":-104.04040404040404,"y_coordinate":120.06215802493885,"radius":80,"color":"#D94B5F","children_json_url":null},"Cambil":{"cartodb_id":1057,"x_coordinate":-103.36700336700336,"y_coordinate":-81.97692848052438,"radius":66.84699232943076,"color":"#D94B5F","children_json_url":null},"Campillo_de_Arenas":{"cartodb_id":1058,"x_coordinate":-106.06060606060606,"y_coordinate":-73.01569799948568,"radius":73.83313180169287,"color":"#D94B5F","children_json_url":null},"Canena":{"cartodb_id":1023,"x_coordinate":0,"y_coordinate":-88.6978513413034,"radius":72.41337386018236,"color":"#000000","children_json_url":null},"Carboneros":{"cartodb_id":1070,"x_coordinate":-101.5712682379349,"y_coordinate":null,"radius":72.26519337016575,"color":"#D94B5F","children_json_url":null},"La_Carolina":{"cartodb_id":1073,"x_coordinate":0,"y_coordinate":250.0,"radius":67.85227005410492,"color":"#000000","children_json_url":null},"Castellar":{"cartodb_id":1014,"x_coordinate":105.38720538720538,"y_coordinate":-84.21723610078406,"radius":66.83385579937304,"color":"#E88394","children_json_url":null},"Castillo_de_Locubín":{"cartodb_id":1079,"x_coordinate":0,"y_coordinate":-68.53508275896634,"radius":67.83573282983244,"color":"#000000","children_json_url":null},"Cazalilla":{"cartodb_id":1005,"x_coordinate":-108.30527497194164,"y_coordinate":null,"radius":72.58720930232559,"color":"#D94B5F","children_json_url":null},"Cazorla":{"cartodb_id":818,"x_coordinate":0,"y_coordinate":106.62031230338081,"radius":60.388378298250814,"color":"#000000","children_json_url":null},"Chiclana_de_Segura":{"cartodb_id":1016,"x_coordinate":-101.12233445566778,"y_coordinate":-46.13200655636959,"radius":72.9342492639843,"color":"#D94B5F","children_json_url":null},"Chilluévar":{"cartodb_id":819,"x_coordinate":-108.08080808080808,"y_coordinate":-64.05446751844698,"radius":68.06354009077157,"color":"#D94B5F","children_json_url":null},"Escañuela":{"cartodb_id":1006,"x_coordinate":-119.07968574635241,"y_coordinate":null,"radius":57.5,"color":"#D94B5F","children_json_url":null},"Espelúy":{"cartodb_id":1007,"x_coordinate":-109.42760942760943,"y_coordinate":null,"radius":71.24161073825503,"color":"#D94B5F","children_json_url":null},"Frailes":{"cartodb_id":1080,"x_coordinate":-103.1425364758698,"y_coordinate":-50.61262179688893,"radius":25.16344229486324,"color":"#D94B5F","children_json_url":null},"Fuensanta_de_Martos":{"cartodb_id":981,"x_coordinate":102.46913580246914,"y_coordinate":-75.25600561974535,"radius":71.12691875701984,"color":"#E88394","children_json_url":null},"Fuerte_del_Rey":{"cartodb_id":982,"x_coordinate":102.46913580246914,"y_coordinate":-86.45754372104372,"radius":74.27745664739885,"color":"#E88394","children_json_url":null},"Génave":{"cartodb_id":1035,"x_coordinate":-113.91694725028059,"y_coordinate":null,"radius":73.71428571428572,"color":"#D94B5F","children_json_url":null},"La_Guardia_de_Jaén":{"cartodb_id":987,"x_coordinate":-105.8361391694725,"y_coordinate":-99.89938944260177,"radius":69.59385290889134,"color":"#D94B5F","children_json_url":null},"Guarromán":{"cartodb_id":1071,"x_coordinate":107.63187429854096,"y_coordinate":129.02338850597755,"radius":66.60219780219781,"color":"#E88394","children_json_url":null},"Higuera_de_Calatrava":{"cartodb_id":984,"x_coordinate":-104.04040404040404,"y_coordinate":null,"radius":74.3956043956044,"color":"#D94B5F","children_json_url":null},"Hinojares":{"cartodb_id":820,"x_coordinate":-106.06060606060606,"y_coordinate":null,"radius":67.5609756097561,"color":"#D94B5F","children_json_url":null},"Huelma":{"cartodb_id":1060,"x_coordinate":100.0,"y_coordinate":151.42646470857431,"radius":66.7714631197098,"color":"#E88394","children_json_url":null},"Huesa":{"cartodb_id":821,"x_coordinate":-108.08080808080808,"y_coordinate":-46.13200655636959,"radius":66.82993197278911,"color":"#D94B5F","children_json_url":null},"Ibros":{"cartodb_id":1024,"x_coordinate":-103.59147025813692,"y_coordinate":124.54277326545821,"radius":80,"color":"#D94B5F","children_json_url":null},"Iznatoraf":{"cartodb_id":1026,"x_coordinate":104.71380471380472,"y_coordinate":-43.89169893610991,"radius":68.15618221258134,"color":"#E88394","children_json_url":null},"Jabalquinto":{"cartodb_id":1072,"x_coordinate":-125.58922558922559,"y_coordinate":-90.93815896156308,"radius":72.60935143288084,"color":"#D94B5F","children_json_url":null},"Jaén":{"cartodb_id":985,"x_coordinate":0,"y_coordinate":140.22492660727593,"radius":58.4649920993843,"color":"#000000","children_json_url":null},"Jamilena":{"cartodb_id":986,"x_coordinate":104.71380471380472,"y_coordinate":-84.21723610078406,"radius":73.45100864553314,"color":"#E88394","children_json_url":null},"Jimena":{"cartodb_id":1061,"x_coordinate":102.91806958473626,"y_coordinate":-70.77539037922601,"radius":80,"color":"#E88394","children_json_url":null},"Jódar":{"cartodb_id":1062,"x_coordinate":300.0,"y_coordinate":-70.77539037922601,"radius":68.69777825023918,"color":"#E88394","children_json_url":null},"Larva":{"cartodb_id":1063,"x_coordinate":-101.5712682379349,"y_coordinate":null,"radius":69.82543640897757,"color":"#D94B5F","children_json_url":null},"Linares":{"cartodb_id":1074,"x_coordinate":0,"y_coordinate":205.1938475948065,"radius":80,"color":"#000000","children_json_url":null},"Lopera":{"cartodb_id":1009,"x_coordinate":0,"y_coordinate":-57.33354465766796,"radius":80,"color":"#000000","children_json_url":null},"Lupión":{"cartodb_id":1027,"x_coordinate":0,"y_coordinate":null,"radius":72.15277777777777,"color":"#000000","children_json_url":null},"Mancha_Real":{"cartodb_id":989,"x_coordinate":0,"y_coordinate":-84.21723610078406,"radius":63.089064261555805,"color":"#000000","children_json_url":null},