{"Agaete":{"cartodb_id":360,"x_coordinate":0,"y_coordinate":250.0,"radius":24.918648310387987,"color":"#AAA","children_json_url":null},"Agüimes":{"cartodb_id":358,"x_coordinate":0,"y_coordinate":210.16757459696208,"radius":80,"color":"#AAA","children_json_url":null},"Antigua":{"cartodb_id":366,"x_coordinate":0,"y_coordinate":124.37465834426519,"radius":57.19830200121286,"color":"#AAA","children_json_url":null},"Arrecife":{"cartodb_id":364,"x_coordinate":0,"y_coordinate":173.39918191723484,"radius":51.11528929151355,"color":"#AAA","children_json_url":null},"Artenara":{"cartodb_id":368,"x_coordinate":102.08643815201192,"y_coordinate":158.0790183006818,"radius":71.52173913043478,"color":"#64B7DE","children_json_url":null},"Arucas":{"cartodb_id":373,"x_coordinate":0,"y_coordinate":219.3596727668939,"radius":61.94872885863206,"color":"#AAA","children_json_url":null},"Betancuria":{"cartodb_id":378,"x_coordinate":100.89418777943368,"y_coordinate":null,"radius":71.1864406779661,"color":"#64B7DE","children_json_url":null},"Firgas":{"cartodb_id":365,"x_coordinate":100.59612518628911,"y_coordinate":207.10354187365152,"radius":67.07127501240285,"color":"#64B7DE","children_json_url":null},"Gáldar":{"cartodb_id":387,"x_coordinate":0,"y_coordinate":250.0,"radius":24.76044696157967,"color":"#AAA","children_json_url":null},"Haría":{"cartodb_id":401,"x_coordinate":-100.59612518628911,"y_coordinate":102.92642928109095,"radius":61.96028513238289,"color":"#D94B5F","children_json_url":null},"Ingenio":{"cartodb_id":385,"x_coordinate":0,"y_coordinate":200.9754764270303,"radius":62.69035764856346,"color":"#AAA","children_json_url":null},"Mogán":{"cartodb_id":7769,"x_coordinate":-100.29806259314456,"y_coordinate":158.0790183006818,"radius":24.040446158657353,"color":"#D94B5F","children_json_url":null},"Pájara":{"cartodb_id":7771,"x_coordinate":0,"y_coordinate":105.99046200440154,"radius":23.46274921301154,"color":"#AAA","children_json_url":null},"Puerto_del_Rosario":{"cartodb_id":7772,"x_coordinate":0,"y_coordinate":197.91144370371967,"radius":23.46854846247313,"color":"#AAA","children_json_url":null},"San_Bartolomé_de_Tirajana":{"cartodb_id":7781,"x_coordinate":0,"y_coordinate":191.7833782570985,"radius":57.64364595351904,"color":"#AAA","children_json_url":null},"San_Nicolás_de_Tolentino":{"cartodb_id":7789,"x_coordinate":0,"y_coordinate":155.01498557737122,"radius":69.67954759660698,"color":"#AAA","children_json_url":null},"Santa_Brígida":{"cartodb_id":7792,"x_coordinate":0,"y_coordinate":118.24659289764396,"radius":60.47696831100947,"color":"#AAA","children_json_url":null},"Teguise":{"cartodb_id":7801,"x_coordinate":112.8166915052161,"y_coordinate":-90.67029838784853,"radius":56.73385367527232,"color":"#64B7DE","children_json_url":null},"Tejeda":{"cartodb_id":7802,"x_coordinate":-104.17287630402384,"y_coordinate":-81.47820021791671,"radius":68.25543729754743,"color":"#D94B5F","children_json_url":null},"Telde":{"cartodb_id":7803,"x_coordinate":0,"y_coordinate":243.87193455337874,"radius":57.822504708097924,"color":"#AAA","children_json_url":null},"Teror":{"cartodb_id":7804,"x_coordinate":0,"y_coordinate":167.27111647061363,"radius":64.62865716429107,"color":"#AAA","children_json_url":null},"Tías":{"cartodb_id":7805,"x_coordinate":0,"y_coordinate":112.11852745102276,"radius":23.371804551828284,"color":"#AAA","children_json_url":null},"Tinajo":{"cartodb_id":7807,"x_coordinate":-103.87481371087928,"y_coordinate":124.37465834426519,"radius":61.426448736998516,"color":"#D94B5F","children_json_url":null},"Tuineje":{"cartodb_id":7815,"x_coordinate":0,"y_coordinate":179.52724736385608,"radius":61.849096705632306,"color":"#AAA","children_json_url":null},"Valleseco":{"cartodb_id":7819,"x_coordinate":0,"y_coordinate":164.20708374730305,"radius":66.16949152542372,"color":"#AAA","children_json_url":null},"Vega_de_San_Mateo":{"cartodb_id":7834,"x_coordinate":-100.59612518628911,"y_coordinate":204.0395091503409,"radius":62.57428839537066,"color":"#D94B5F","children_json_url":null},"Yaiza":{"cartodb_id":7648,"x_coordinate":0,"y_coordinate":121.31062562095457,"radius":54.02439024390244,"color":"#AAA","children_json_url":null},"Adeje":{"cartodb_id":359,"x_coordinate":0,"y_coordinate":109.05449472771215,"radius":49.86690328305235,"color":"#AAA","children_json_url":null},"Agulo":{"cartodb_id":362,"x_coordinate":-111.62444113263786,"y_coordinate":-50.837872984810666,"radius":56.486486486486484,"color":"#D94B5F","children_json_url":null},"Alajeró":{"cartodb_id":363,"x_coordinate":-109.8360655737705,"y_coordinate":-90.67029838784853,"radius":60.63820224719101,"color":"#D94B5F","children_json_url":null},"Arafo":{"cartodb_id":367,"x_coordinate":0,"y_coordinate":161.14305102399246,"radius":80,"color":"#AAA","children_json_url":null},"Arico":{"cartodb_id":371,"x_coordinate":100.0,"y_coordinate":121.31062562095457,"radius":60.39561229994605,"color":"#64B7DE","children_json_url":null},"Arona":{"cartodb_id":372,"x_coordinate":0,"y_coordinate":130.5027237908864,"radius":22.91683278845387,"color":"#AAA","children_json_url":null},"Barlovento":{"cartodb_id":374,"x_coordinate":-101.19225037257824,"y_coordinate":127.43869106757577,"radius":23.351387948544346,"color":"#D94B5F","children_json_url":null},"Breña_Alta":{"cartodb_id":379,"x_coordinate":101.19225037257824,"y_coordinate":188.71934553378787,"radius":58.89806287710384,"color":"#64B7DE","children_json_url":null},"Breña_Baja":{"cartodb_id":380,"x_coordinate":-100.89418777943368,"y_coordinate":170.33514919392425,"radius":57.808634183287054,"color":"#D94B5F","children_json_url":null},"Candelaria":{"cartodb_id":383,"x_coordinate":0,"y_coordinate":142.7588546841288,"radius":57.328786915563775,"color":"#AAA","children_json_url":null},"Fasnia":{"cartodb_id":361,"x_coordinate":0,"y_coordinate":124.37465834426519,"radius":64.375,"color":"#AAA","children_json_url":null},"Frontera":{"cartodb_id":369,"x_coordinate":-100.59612518628911,"y_coordinate":115.18256017433337,"radius":23.958890030832478,"color":"#D94B5F","children_json_url":null},"Garachico":{"cartodb_id":388,"x_coordinate":0,"y_coordinate":173.39918191723484,"radius":80,"color":"#AAA","children_json_url":null},"Garafía":{"cartodb_id":391,"x_coordinate":-100.29806259314456,"y_coordinate":139.69482196081822,"radius":47.64657308009909,"color":"#D94B5F","children_json_url":null},"Granadilla_de_Abona":{"cartodb_id":396,"x_coordinate":0,"y_coordinate":164.20708374730305,"radius":54.29535940946123,"color":"#AAA","children_json_url":null},"La_Guancha":{"cartodb_id":389,"x_coordinate":-104.47093889716841,"y_coordinate":204.0395091503409,"radius":64.95250158328057,"color":"#D94B5F","children_json_url":null},"Guía_de_Isora":{"cartodb_id":397,"x_coordinate":102.38450074515649,"y_coordinate":124.37465834426519,"radius":59.23198554325729,"color":"#64B7DE","children_json_url":null},"Güímar":{"cartodb_id":400,"x_coordinate":0,"y_coordinate":185.65531281047726,"radius":80,"color":"#AAA","children_json_url":null},"Hermigua":{"cartodb_id":402,"x_coordinate":-100.89418777943368,"y_coordinate":-90.67029838784853,"radius":56.96760854583046,"color":"#D94B5F","children_json_url":null},"Icod_de_los_Vinos":{"cartodb_id":403,"x_coordinate":0,"y_coordinate":231.61580366013632,"radius":61.539534235113656,"color":"#AAA","children_json_url":null},"La_Orotava":{"cartodb_id":7723,"x_coordinate":0,"y_coordinate":155.01498557737122,"radius":66.9704473100299,"color":"#AAA","children_json_url":null},"El_Paso":{"cartodb_id":375,"x_coordinate":0,"y_coordinate":222.42370549020455,"radius":58.25770750988143,"color":"#AAA","children_json_url":null},"Puerto_de_la_Cruz":{"cartodb_id":7714,"x_coordinate":0,"y_coordinate":182.59128008716664,"radius":59.27027714213069,"color":"#AAA","children_json_url":null},"Puntagorda":{"cartodb_id":7774,"x_coordinate":-112.22056631892697,"y_coordinate":210.16757459696208,"radius":61.12266112266112,"color":"#D94B5F","children_json_url":null},"Puntallana":{"cartodb_id":7775,"x_coordinate":0,