{"Agaete":{"cartodb_id":360,"x_coordinate":165.57377049180326,"y_coordinate":231.9309484255567,"radius":68.33369260616513,"color":"#64B7DE","children_json_url":null},"Agüimes":{"cartodb_id":358,"x_coordinate":0,"y_coordinate":177.72379370222671,"radius":63.28846264948871,"color":"#AAA","children_json_url":null},"Antigua":{"cartodb_id":366,"x_coordinate":0,"y_coordinate":-57.26344987260463,"radius":58.50349650349651,"color":"#AAA","children_json_url":null},"Arrecife":{"cartodb_id":364,"x_coordinate":0,"y_coordinate":105.44758740445347,"radius":53.60896238997066,"color":"#AAA","children_json_url":null},"Artenara":{"cartodb_id":368,"x_coordinate":159.01639344262296,"y_coordinate":147.6087077448212,"radius":71.60751565762004,"color":"#64B7DE","children_json_url":null},"Arucas":{"cartodb_id":373,"x_coordinate":0,"y_coordinate":201.81586246815115,"radius":65.11199044348216,"color":"#AAA","children_json_url":null},"Betancuria":{"cartodb_id":378,"x_coordinate":0,"y_coordinate":null,"radius":70.58461538461538,"color":"#AAA","children_json_url":null},"Firgas":{"cartodb_id":365,"x_coordinate":227.8688524590164,"y_coordinate":210.85038825537282,"radius":69.40874035989717,"color":"#5AB0E9","children_json_url":null},"Gáldar":{"cartodb_id":387,"x_coordinate":149.18032786885246,"y_coordinate":250.0,"radius":70.43450681890263,"color":"#64B7DE","children_json_url":null},"Haría":{"cartodb_id":401,"x_coordinate":0,"y_coordinate":-93.40155302149125,"radius":65.58356164383562,"color":"#AAA","children_json_url":null},"Ingenio":{"cartodb_id":385,"x_coordinate":-142.62295081967213,"y_coordinate":174.7122851064862,"radius":64.5387950366273,"color":"#D94B5F","children_json_url":null},"Mogán":{"cartodb_id":7769,"x_coordinate":168.85245901639342,"y_coordinate":111.47060459593457,"radius":62.930175943344025,"color":"#64B7DE","children_json_url":null},"Pájara":{"cartodb_id":7771,"x_coordinate":-109.8360655737705,"y_coordinate":-57.26344987260463,"radius":53.047102151579764,"color":"#D94B5F","children_json_url":null},"Puerto_del_Rosario":{"cartodb_id":7772,"x_coordinate":0,"y_coordinate":-75.33250144704795,"radius":58.4,"color":"#AAA","children_json_url":null},"San_Bartolomé_de_Tirajana":{"cartodb_id":7781,"x_coordinate":119.67213114754098,"y_coordinate":147.6087077448212,"radius":62.36375293866211,"color":"#64B7DE","children_json_url":null},"San_Nicolás_de_Tolentino":{"cartodb_id":7789,"x_coordinate":-185.24590163934425,"y_coordinate":189.76982808518895,"radius":72.82435597189695,"color":"#D94B5F","children_json_url":null},"Santa_Brígida":{"cartodb_id":7792,"x_coordinate":185.24590163934425,"y_coordinate":132.55116476611846,"radius":61.66249238475598,"color":"#64B7DE","children_json_url":null},"Teguise":{"cartodb_id":7801,"x_coordinate":0,"y_coordinate":-87.37853583001015,"radius":56.627049180327866,"color":"#AAA","children_json_url":null},"Tejeda":{"cartodb_id":7802,"x_coordinate":234.4262295081967,"y_coordinate":-96.41306161723182,"radius":67.61187416925122,"color":"#5AB0E9","children_json_url":null},"Telde":{"cartodb_id":7803,"x_coordinate":0,"y_coordinate":243.9769828085189,"radius":61.33371848306029,"color":"#AAA","children_json_url":null},"Teror":{"cartodb_id":7804,"x_coordinate":-237.70491803278688,"y_coordinate":159.65474212778344,"radius":66.87849367461018,"color":"#D8282A","children_json_url":null},"Tías":{"cartodb_id":7805,"x_coordinate":-178.68852459016392,"y_coordinate":-63.286467064085734,"radius":53.095320623916805,"color":"#D94B5F","children_json_url":null},"Tinajo":{"cartodb_id":7807,"x_coordinate":0,"y_coordinate":114.48211319167514,"radius":63.01290492494074,"color":"#AAA","children_json_url":null},"Tuineje":{"cartodb_id":7815,"x_coordinate":0,"y_coordinate":-99.42457021297237,"radius":61.94855225549894,"color":"#AAA","children_json_url":null},"Valleseco":{"cartodb_id":7819,"x_coordinate":-106.55737704918033,"y_coordinate":138.57418195759956,"radius":67.7993097955933,"color":"#D94B5F","children_json_url":null},"Vega_de_San_Mateo":{"cartodb_id":7834,"x_coordinate":0,"y_coordinate":147.6087077448212,"radius":64.48574174943928,"color":"#AAA","children_json_url":null},"Yaiza":{"cartodb_id":7648,"x_coordinate":0,"y_coordinate":-54.25194127686407,"radius":51.81023720349563,"color":"#AAA","children_json_url":null},"Adeje":{"cartodb_id":359,"x_coordinate":-300.0,"y_coordinate":-81.35551863852905,"radius":50.54574215660428,"color":"#D8282A","children_json_url":null},"Agulo":{"cartodb_id":362,"x_coordinate":-260.655737704918,"y_coordinate":-81.35551863852905,"radius":53.48045397225725,"color":"#D8282A","children_json_url":null},"Alajeró":{"cartodb_id":363,"x_coordinate":-263.9344262295082,"y_coordinate":-78.3440100427885,"radius":69.6844816484224,"color":"#D8282A","children_json_url":null},"Arafo":{"cartodb_id":367,"x_coordinate":221.31147540983608,"y_coordinate":147.6087077448212,"radius":65.90613069840558,"color":"#5AB0E9","children_json_url":null},"Arico":{"cartodb_id":371,"x_coordinate":0,"y_coordinate":108.45909600019402,"radius":62.0801859384079,"color":"#AAA","children_json_url":null},"Arona":{"cartodb_id":372,"x_coordinate":0,"y_coordinate":102.43607880871292,"radius":50.39781297134238,"color":"#AAA","children_json_url":null},"Barlovento":{"cartodb_id":374,"x_coordinate":0,"y_coordinate":174.7122851064862,"radius":51.861501542680834,"color":"#AAA","children_json_url":null},"Breña_Alta":{"cartodb_id":379,"x_coordinate":-201.63934426229508,"y_coordinate":186.7583194894484,"radius":58.46744632571129,"color":"#D8282A","children_json_url":null},"Breña_Baja":{"cartodb_id":380,"x_coordinate":0,"y_coordinate":162.66625072352397,"radius":59.491673970201575,"color":"#AAA","children_json_url":null},"Candelaria":{"cartodb_id":383,"x_coordinate":-267.21311475409834,"y_coordinate":147.6087077448212,"radius":59.903900508762014,"color":"#D8282A","children_json_url":null},"Fasnia":{"cartodb_id":361,"x_coordinate":0,"y_coordinate":132.55116476611846,"radius":65.1336032388664,"color":"#AAA","children_json_url":null},"Frontera":{"cartodb_id":369,"x_coordinate":0,"y_coordinate":126.52814757463733,"radius":65.93354430379748,"color":"#AAA","children_json_url":null},"Garachico":{"cartodb_id":388,"x_coordinate":0,"y_coordinate":189.76982808518895,"radius":60.71218939542164,"color":"#AAA","children_json_url":null},"Garafía":{"cartodb_id":391,"x_coordinate":-129.50819672131146,"y_coordinate":165.67775931926454,"radius":48.751020408163264,"color":"#D94B5F","children_json_url":null},"Granadilla_de_Abona":{"cartodb_id":396,"x_coordinate":-155.7377049180328,"y_coordinate":126.52814757463733,"radius":53.521549937836724,"color":"#D94B5F","children_json_url":null},"La_Guancha":{"cartodb_id":389,"x_coordinate":0,"y_coordinate":222.89642263833503,"radius":70.09695290858726,"color":"#AAA","children_json_url":null},"Guía_de_Isora":{"cartodb_id":397,"x_coordinate":-208.19672131147541,"y_coordinate":117.49362178741568,"radius":59.61169780666125,"color":"#D8282A","children_json_url":null},"Güímar":{"cartodb_id":400,"x_coordinate":-136.0655737704918,"y_coordinate":171.70077651074564,"radius":59.888366627497064,"color":"#D94B5F","children_json_url":null},"Hermigua":{"cartodb_id":402,"x_coordinate":-152.45901639344262,"y_coordinate":147.6087077448212,"radius":64.07427635172037,"color":"#D94B5F","children_json_url":null},"Icod_de_los_Vinos":{"cartodb_id":403,"x_coordinate":-129.50819672131146,"y_coordinate":231.9309484255567,"radius":64.0223228387912,"color":"#D94B5F","children_json_url":null},"La_Orotava":{"cartodb_id":7723,"x_coordinate":0,"y_coordinate":144.59719914908067,"radius":68.27039349786897,"color":"#AAA","children_json_url":null},"El_Paso":{"cartodb_id":375,"x_coordinate":0,"y_coordinate":216.8734054468539,"radius":64.51832262939176,"color":"#AAA","children_json_url":null},"Puerto_de_la_Cruz":{"cartodb_id":7714,"x_coordinate":0,"y_coordinate":135.562673361859,"radius":62.15251929187472,"color":"#AAA","children_json_url":null},"Puntagorda":{"cartodb_id":7774,"x_coordinate":-185.24590163934425,