{"Abadín":{"cartodb_id":7507,"x_coordinate":228.42105263157896,"y_coordinate":-83.5959039210193,"radius":53.25733827301226,"color":"#5AB0E9","children_json_url":null,"censo_total":3509,"porcentaje_participacion":55.42889712168709,"partido_1":["PP",80.0],"partido_2":["BNG",19.0],"partido_3":["IZ",0.0],"resto_partidos_percent":0,"info":""},"Alfoz":{"cartodb_id":7519,"x_coordinate":205.26315789473682,"y_coordinate":44.407246908965845,"radius":67.2122052704577,"color":"#5AB0E9","children_json_url":null,"censo_total":2163,"porcentaje_participacion":78.68700878409615,"partido_1":["PP",70.0],"partido_2":["PSOE",20.0],"partido_3":["BNG",8.0],"resto_partidos_percent":0,"info":""},"Antas_de_Ulla":{"cartodb_id":7474,"x_coordinate":243.1578947368421,"y_coordinate":-83.5959039210193,"radius":68.16936488169365,"color":"#5AB0E9","children_json_url":null,"censo_total":2409,"porcentaje_participacion":80.28227480282276,"partido_1":["PP",79.0],"partido_2":["PSOE",11.0],"partido_3":["BNG",9.0],"resto_partidos_percent":0,"info":""},"Baleira":{"cartodb_id":7532,"x_coordinate":180.0,"y_coordinate":70.00787707496292,"radius":63.799705449189986,"color":"#64B7DE","children_json_url":null,"censo_total":2037,"porcentaje_participacion":72.9995090819833,"partido_1":["PP",64.0],"partido_2":["IB3",26.0],"partido_3":["BNG",8.0],"resto_partidos_percent":0,"info":""},"Barreiros":{"cartodb_id":7521,"x_coordinate":180.0,"y_coordinate":121.99684917001483,"radius":65.0181598062954,"color":"#64B7DE","children_json_url":null,"censo_total":3304,"porcentaje_participacion":75.03026634382567,"partido_1":["PP",58.0],"partido_2":["PSOE",20.0],"partido_3":["BNG",20.0],"resto_partidos_percent":0,"info":""},"Becerreá":{"cartodb_id":7539,"x_coordinate":148.42105263157896,"y_coordinate":237.19968491700155,"radius":58.54969574036511,"color":"#64B7DE","children_json_url":null,"censo_total":3944,"porcentaje_participacion":64.24949290060852,"partido_1":["PP",55.0],"partido_2":["PSOE",32.0],"partido_3":["BNG",11.0],"resto_partidos_percent":0,"info":""},"Begonte":{"cartodb_id":7508,"x_coordinate":230.52631578947367,"y_coordinate":-57.99527375502225,"radius":67.75476387738195,"color":"#5AB0E9","children_json_url":null,"censo_total":3621,"porcentaje_participacion":79.5912731289699,"partido_1":["PP",72.0],"partido_2":["PSOE",10.0],"partido_3":["BNG",9.0],"resto_partidos_percent":7,"info":""},"Bóveda":{"cartodb_id":7453,"x_coordinate":198.94736842105263,"y_coordinate":134.79716425301336,"radius":62.63378315495579,"color":"#64B7DE","children_json_url":null,"censo_total":2149,"porcentaje_participacion":71.05630525825966,"partido_1":["PP",64.0],"partido_2":["BNG",17.0],"partido_3":["PSOE",16.0],"resto_partidos_percent":1,"info":""},"Carballedo":{"cartodb_id":7485,"x_coordinate":184.21052631578948,"y_coordinate":6.006301659970333,"radius":58.21501014198783,"color":"#64B7DE","children_json_url":null,"censo_total":3944,"porcentaje_participacion":63.691683569979716,"partido_1":["PP",65.0],"partido_2":["BNG",25.0],"partido_3":["PSOE",7.0],"resto_partidos_percent":0,"info":""},"Castro_de_Rei":{"cartodb_id":7509,"x_coordinate":150.5263157894737,"y_coordinate":-70.79558883802078,"radius":61.16763656842501,"color":"#64B7DE","children_json_url":null,"censo_total":5327,"porcentaje_participacion":68.61272761404167,"partido_1":["PP",56.0],"partido_2":["BNG",32.0],"partido_3":["PSOE",10.0],"resto_partidos_percent":1,"info":""},"Castroverde":{"cartodb_id":7408,"x_coordinate":-116.84210526315789,"y_coordinate":31.606931825967393,"radius":67.20997679814386,"color":"#D94B5F","children_json_url":null,"censo_total":3448,"porcentaje_participacion":78.6832946635731,"partido_1":["PSOE",38.0],"partido_2":["PP",30.0],"partido_3":["BNG",16.0],"resto_partidos_percent":14,"info":""},"Cervantes":{"cartodb_id":7543,"x_coordinate":-163.1578947368421,"y_coordinate":109.1965340870163,"radius":56.21079046424091,"color":"#D94B5F","children_json_url":null,"censo_total":2391,"porcentaje_participacion":60.35131744040151,"partido_1":["PSOE",56.0],"partido_2":["PP",26.0],"partido_3":["BNG",16.0],"resto_partidos_percent":0,"info":""},"Cervo":{"cartodb_id":7525,"x_coordinate":100.0,"y_coordinate":-96.39621900401778,"radius":65.94086021505376,"color":"#64B7DE","children_json_url":null,"censo_total":4464,"porcentaje_participacion":76.56810035842294,"partido_1":["PP",38.0],"partido_2":["PSOE",38.0],"partido_3":["BNG",19.0],"resto_partidos_percent":4,"info":""},"Cospeito":{"cartodb_id":7510,"x_coordinate":238.94736842105263,"y_coordinate":-70.79558883802078,"radius":63.94526795895097,"color":"#5AB0E9","children_json_url":null,"censo_total":5262,"porcentaje_participacion":73.24211326491829,"partido_1":["PP",78.0],"partido_2":["BNG",12.0],"partido_3":["PSOE",6.0],"resto_partidos_percent":1,"info":""},"Chantada":{"cartodb_id":7486,"x_coordinate":152.6315789473684,"y_coordinate":134.79716425301336,"radius":57.90906512902921,"color":"#64B7DE","children_json_url":null,"censo_total":10579,"porcentaje_participacion":63.18177521504869,"partido_1":["PP",57.0],"partido_2":["BNG",32.0],"partido_3":["PSOE",9.0],"resto_partidos_percent":1,"info":""},"Foz":{"cartodb_id":7528,"x_coordinate":-140.0,"y_coordinate":185.99842458500743,"radius":64.86307053941908,"color":"#D94B5F","children_json_url":null,"censo_total":8435,"porcentaje_participacion":74.77178423236515,"partido_1":["PSOE",52.0],"partido_2":["PP",33.0],"partido_3":["BNG",10.0],"resto_partidos_percent":2,"info":""},"Friol":{"cartodb_id":7494,"x_coordinate":196.8421052631579,"y_coordinate":31.606931825967393,"radius":66.90491384811742,"color":"#64B7DE","children_json_url":null,"censo_total":4701,"porcentaje_participacion":78.17485641352904,"partido_1":["PP",60.0],"partido_2":["PSOE",14.0],"partido_3":["BNG",13.0],"resto_partidos_percent":11,"info":""},"Xermade":{"cartodb_id":7517,"x_coordinate":146.31578947368422,"y_coordinate":-70.79558883802078,"radius":59.62310528471937,"color":"#64B7DE","children_json_url":null,"censo_total":2441,"porcentaje_participacion":66.03850880786563,"partido_1":["PP",50.0],"partido_2":["BNG",28.0],"partido_3":["PSOE",19.0],"resto_partidos_percent":1,"info":""},"Guitiriz":{"cartodb_id":7511,"x_coordinate":173.68421052631578,"y_coordinate":160.39779441901038,"radius":60.641874681609785,"color":"#64B7DE","children_json_url":null,"censo_total":5889,"porcentaje_participacion":67.73645780268296,"partido_1":["PP",57.0],"partido_2":["BNG",22.0],"partido_3":["PSOE",18.0],"resto_partidos_percent":0,"info":""},"Xove":{"cartodb_id":7541,"x_coordinate":203.1578947368421,"y_coordinate":109.1965340870163,"radius":68.99375,"color":"#5AB0E9","children_json_url":null,"censo_total":3200,"porcentaje_participacion":81.65625,"partido_1":["PP",67.0],"partido_2":["PSOE",18.0],"partido_3":["BNG",13.0],"resto_partidos_percent":0,"info":""},"Láncara":{"cartodb_id":7496,"x_coordinate":194.73684210526318,"y_coordinate":-83.5959039210193,"radius":61.44600938967136,"color":"#64B7DE","children_json_url":null,"censo_total":3195,"porcentaje_participacion":69.07668231611893,"partido_1":["PP",67.0],"partido_2":["BNG",22.0],"partido_3":["PSOE",8.0],"resto_partidos_percent":1,"info":""},"Lourenzá":{"cartodb_id":7529,"x_coordinate":182.10526315789474,"y_coordinate":-6.794013423028204,"radius":62.09435310936383,"color":"#64B7DE","children_json_url":null,"censo_total":2798,"porcentaje_participacion":70.15725518227305,"partido_1":["PP",64.0],"partido_2":["BNG",25.0],"partido_3":["PSOE",9.0],"resto_partidos_percent":0,"info":""},"Lugo":{"cartodb_id":7497,"x_coordinate":140.0,"y_coordinate":250.0,"radius":56.642590086166464,"color":"#64B7DE","children_json_url":null,"censo_total":74623,"porcentaje_participacion":61.07098347694411,"partido_1":["PP",42.0],"partido_2":["PSOE",23.0],"partido_3":["BNG",20.0],"resto_partidos_percent":14,"info":""},"Meira":{"cartodb_id":7512,"x_coordinate":137.89473684210526,"y_coordinate":121.99684917001483,"radius":66.78251121076232,"color":"#64B7DE","children_json_url":null,"censo_total":1784,