{"Abadín":{"cartodb_id":7507,"x_coordinate":-113.36633663366337,"y_coordinate":40.216672571775746,"radius":64.0961262553802,"color":"#D94B5F","children_json_url":null},"Alfoz":{"cartodb_id":7519,"x_coordinate":168.31683168316832,"y_coordinate":-13.527155682256819,"radius":80,"color":"#64B7DE","children_json_url":null},"Antas_de_Ulla":{"cartodb_id":7474,"x_coordinate":113.36633663366337,"y_coordinate":72.46296952419527,"radius":80,"color":"#64B7DE","children_json_url":null},"Baleira":{"cartodb_id":7532,"x_coordinate":118.31683168316832,"y_coordinate":147.70432907984085,"radius":80,"color":"#64B7DE","children_json_url":null},"Barreiros":{"cartodb_id":7521,"x_coordinate":0,"y_coordinate":18.719141270162737,"radius":80,"color":"#AAA","children_json_url":null},"Becerreá":{"cartodb_id":7539,"x_coordinate":104.45544554455445,"y_coordinate":-78.01974958709589,"radius":60.44642857142858,"color":"#64B7DE","children_json_url":null},"Begonte":{"cartodb_id":7508,"x_coordinate":0,"y_coordinate":-24.275921333063337,"radius":66.33081444164569,"color":"#AAA","children_json_url":null},"Bóveda":{"cartodb_id":7453,"x_coordinate":105.44554455445545,"y_coordinate":-99.51728088870887,"radius":63.272171253822634,"color":"#64B7DE","children_json_url":null},"Carballedo":{"cartodb_id":7485,"x_coordinate":-101.98019801980197,"y_coordinate":93.96050082580828,"radius":55.89451913133402,"color":"#D94B5F","children_json_url":null},"Castro_de_Rei":{"cartodb_id":7509,"x_coordinate":0,"y_coordinate":-24.275921333063337,"radius":63.824346859366315,"color":"#AAA","children_json_url":null},"Castroverde":{"cartodb_id":7408,"x_coordinate":109.4059405940594,"y_coordinate":115.45803212742129,"radius":62.178392699440685,"color":"#64B7DE","children_json_url":null},"Cervantes":{"cartodb_id":7543,"x_coordinate":-300.0,"y_coordinate":61.71420387338878,"radius":55.30487804878049,"color":"#D8282A","children_json_url":null},"Cervo":{"cartodb_id":7525,"x_coordinate":0,"y_coordinate":-24.275921333063337,"radius":70.2943287867911,"color":"#AAA","children_json_url":null},"Cospeito":{"cartodb_id":7510,"x_coordinate":-107.92079207920793,"y_coordinate":-2.7783900314503,"radius":66.55172413793103,"color":"#D94B5F","children_json_url":null},"Chantada":{"cartodb_id":7486,"x_coordinate":100.0,"y_coordinate":-56.52221828548284,"radius":54.5286572786797,"color":"#64B7DE","children_json_url":null},"Foz":{"cartodb_id":7528,"x_coordinate":100.0,"y_coordinate":-67.27098393628935,"radius":65.98966470376158,"color":"#64B7DE","children_json_url":null},"Friol":{"cartodb_id":7494,"x_coordinate":0,"y_coordinate":40.216672571775746,"radius":67.18622174381055,"color":"#AAA","children_json_url":null},"Xermade":{"cartodb_id":7517,"x_coordinate":184.15841584158414,"y_coordinate":50.965438222582236,"radius":62.65895953757226,"color":"#64B7DE","children_json_url":null},"Guitiriz":{"cartodb_id":7511,"x_coordinate":0,"y_coordinate":-24.275921333063337,"radius":65.00772267032778,"color":"#AAA","children_json_url":null},"Xove":{"cartodb_id":7541,"x_coordinate":0,"y_coordinate":-13.527155682256819,"radius":68.54351687388987,"color":"#AAA","children_json_url":null},"Láncara":{"cartodb_id":7496,"x_coordinate":136.13861386138615,"y_coordinate":-67.27098393628935,"radius":64.22571336966976,"color":"#64B7DE","children_json_url":null},"Lourenzá":{"cartodb_id":7529,"x_coordinate":108.91089108910892,"y_coordinate":50.965438222582236,"radius":24.218919898513953,"color":"#64B7DE","children_json_url":null},"Lugo":{"cartodb_id":7497,"x_coordinate":0,"y_coordinate":196.25617174596746,"radius":80,"color":"#AAA","children_json_url":null},"Meira":{"cartodb_id":7512,"x_coordinate":101.98019801980197,"y_coordinate":50.965438222582236,"radius":66.67763157894737,"color":"#64B7DE","children_json_url":null},"Mondoñedo":{"cartodb_id":7520,"x_coordinate":-104.95049504950495,"y_coordinate":18.719141270162737,"radius":60.32886723507917,"color":"#D94B5F","children_json_url":null},"Monforte_de_Lemos":{"cartodb_id":7488,"x_coordinate":0,"y_coordinate":250.0,"radius":20.39971370368331,"color":"#AAA","children_json_url":null},"Monterroso":{"cartodb_id":7498,"x_coordinate":0,"y_coordinate":-78.01974958709589,"radius":80,"color":"#AAA","children_json_url":null},"Muras":{"cartodb_id":7513,"x_coordinate":110.89108910891089,"y_coordinate":null,"radius":67.48155953635406,"color":"#64B7DE","children_json_url":null},"Navia_de_Suarna":{"cartodb_id":7544,"x_coordinate":-106.93069306930693,"y_coordinate":115.45803212742129,"radius":52.99123904881102,"color":"#D94B5F","children_json_url":null},"Negueira_de_Muñiz":{"cartodb_id":7546,"x_coordinate":-103.96039603960396,"y_coordinate":null,"radius":55.84415584415584,"color":"#D94B5F","children_json_url":null},"As_Nogais":{"cartodb_id":7530,"x_coordinate":-157.92079207920793,"y_coordinate":7.970375619356233,"radius":61.18976799524093,"color":"#D94B5F","children_json_url":null},"Ourol":{"cartodb_id":7526,"x_coordinate":100.99009900990099,"y_coordinate":-24.275921333063337,"radius":25.394402035623408,"color":"#64B7DE","children_json_url":null},"Outeiro_de_Rei":{"cartodb_id":6773,"x_coordinate":-102.47524752475248,"y_coordinate":7.970375619356233,"radius":65.98937583001327,"color":"#D94B5F","children_json_url":null},"Palas_de_Rei":{"cartodb_id":6774,"x_coordinate":0,"y_coordinate":-2.7783900314503,"radius":24.471603163191947,"color":"#AAA","children_json_url":null},"Pantón":{"cartodb_id":7403,"x_coordinate":-110.89108910891089,"y_coordinate":-78.01974958709589,"radius":54.00191938579655,"color":"#D94B5F","children_json_url":null},"Paradela":{"cartodb_id":6775,"x_coordinate":-112.37623762376238,"y_coordinate":40.216672571775746,"radius":64.99372647427853,"color":"#D94B5F","children_json_url":null},"Pedrafita_do_Cebreiro":{"cartodb_id":7545,"x_coordinate":-127.22772277227723,"y_coordinate":18.719141270162737,"radius":61.91033138401559,"color":"#D94B5F","children_json_url":null},"Pol":{"cartodb_id":7514,"x_coordinate":105.44554455445545,"y_coordinate":18.719141270162737,"radius":62.05128205128205,"color":"#64B7DE","children_json_url":null},"Portomarín":{"cartodb_id":6776,"x_coordinate":107.42574257425743,"y_coordinate":61.71420387338878,"radius":61.79640718562874,"color":"#64B7DE","children_json_url":null},"Quiroga":{"cartodb_id":7489,"x_coordinate":-103.96039603960396,"y_coordinate":207.004937396774,"radius":60.13532431171255,"color":"#D94B5F","children_json_url":null},"Ribadeo":{"cartodb_id":7534,"x_coordinate":0,"y_coordinate":-35.0246869838698,"radius":61.773659827928526,"color":"#AAA","children_json_url":null},"Ribeira_de_Piquín":{"cartodb_id":7515,"x_coordinate":108.91089108910892,"y_coordinate":null,"radius":67.98459563543004,"color":"#64B7DE","children_json_url":null},"Riotorto":{"cartodb_id":7535,"x_coordinate":103.96039603960396,"y_coordinate":72.46296952419527,"radius":65.10440835266822,"color":"#64B7DE","children_json_url":null},"Samos":{"cartodb_id":6777,"x_coordinate":102.97029702970298,"y_coordinate":83.21173517500176,"radius":59.175644028103044,"color":"#64B7DE","children_json_url":null},"Rábade":{"cartodb_id":395,"x_coordinate":0,"y_coordinate":174.7586404443544,"radius":80,"color":"#AAA","children_json_url":null},"Sarria":{"cartodb_id":7502,"x_coordinate":0,"y_coordinate":207.004937396774,"radius":24.20251961017352,"color":"#AAA","children_json_url":null},"Sober":{"cartodb_id":7491,"x_coordinate":0,"y_coordinate":-24.275921333063337,"radius":60.34918723660445,"color":"#AAA","children_json_url":null},"Taboada":{"cartodb_id":7492,"x_coordinate":0,"y_coordinate":-99.51728088870887,"radius":61.178738639493254,"color":"#AAA","children_json_url":null},"Trabada":{"cartodb_id":7536,"x_coordinate":202.97029702970298,"y_coordinate":147.70432907984085,"radius":65.70297029702971,"color":"#5AB0E9","children_json_url":null},"Triacastela":{"cartodb_id":7503,"x_coordinate":-103.46534653465346,"y_coordinate":null,"radius":60.864197530864196,"color":"#D94B5F","children_json_url":null},"Viveiro":{"cartodb_id":7537,"x_coordinate":0,