{"Abadín":{"cartodb_id":7507,"x_coordinate":0,"y_coordinate":-46.13241783969397,"radius":54.2709232096635,"color":"#AAA","children_json_url":null},"Alfoz":{"cartodb_id":7519,"x_coordinate":101.0326311441553,"y_coordinate":-98.74340678428909,"radius":64.07741935483871,"color":"#64B7DE","children_json_url":null},"Antas_de_Ulla":{"cartodb_id":7474,"x_coordinate":0,"y_coordinate":125.04890125658665,"radius":59.854922279792746,"color":"#AAA","children_json_url":null},"Baleira":{"cartodb_id":7532,"x_coordinate":102.02395704254441,"y_coordinate":-19.826923367396432,"radius":80,"color":"#64B7DE","children_json_url":null},"Barreiros":{"cartodb_id":7521,"x_coordinate":0,"y_coordinate":-85.59065954814031,"radius":24.505056696291756,"color":"#AAA","children_json_url":null},"Becerreá":{"cartodb_id":7539,"x_coordinate":-100.95002065262288,"y_coordinate":151.35439572888419,"radius":59.7569803516029,"color":"#D94B5F","children_json_url":null},"Begonte":{"cartodb_id":7508,"x_coordinate":-100.0,"y_coordinate":-92.1670331662147,"radius":65.4907306434024,"color":"#D94B5F","children_json_url":null},"Bóveda":{"cartodb_id":7453,"x_coordinate":101.0326311441553,"y_coordinate":105.31978040236346,"radius":62.3980343980344,"color":"#64B7DE","children_json_url":null},"Carballedo":{"cartodb_id":7485,"x_coordinate":0,"y_coordinate":-79.01428593006591,"radius":60.056950556562256,"color":"#AAA","children_json_url":null},"Castro_de_Rei":{"cartodb_id":7509,"x_coordinate":-100.28913672036349,"y_coordinate":-92.1670331662147,"radius":62.19173135945116,"color":"#D94B5F","children_json_url":null},"Castroverde":{"cartodb_id":7408,"x_coordinate":100.37174721189591,"y_coordinate":-59.28516507584276,"radius":62.859613721533584,"color":"#64B7DE","children_json_url":null},"Cervantes":{"cartodb_id":7543,"x_coordinate":-113.87856257744734,"y_coordinate":-98.74340678428909,"radius":53.99491094147582,"color":"#D94B5F","children_json_url":null},"Cervo":{"cartodb_id":7525,"x_coordinate":0,"y_coordinate":-98.74340678428909,"radius":68.50952068286277,"color":"#AAA","children_json_url":null},"Cospeito":{"cartodb_id":7510,"x_coordinate":0,"y_coordinate":-65.86153869391715,"radius":80,"color":"#AAA","children_json_url":null},"Chantada":{"cartodb_id":7486,"x_coordinate":-100.04130524576621,"y_coordinate":164.50714296503298,"radius":58.66615414184124,"color":"#D94B5F","children_json_url":null},"Foz":{"cartodb_id":7528,"x_coordinate":0,"y_coordinate":118.47252763851225,"radius":80,"color":"#AAA","children_json_url":null},"Friol":{"cartodb_id":7494,"x_coordinate":0,"y_coordinate":-52.70879145776836,"radius":66.80750161672773,"color":"#AAA","children_json_url":null},"Xermade":{"cartodb_id":7517,"x_coordinate":100.86741016109046,"y_coordinate":-59.28516507584276,"radius":62.0253164556962,"color":"#64B7DE","children_json_url":null},"Guitiriz":{"cartodb_id":7511,"x_coordinate":0,"y_coordinate":105.31978040236346,"radius":64.39733287741495,"color":"#AAA","children_json_url":null},"Xove":{"cartodb_id":7541,"x_coordinate":0,"y_coordinate":-79.01428593006591,"radius":69.14389799635701,"color":"#AAA","children_json_url":null},"Láncara":{"cartodb_id":7496,"x_coordinate":-100.49566294919455,"y_coordinate":-98.74340678428909,"radius":63.0364500792393,"color":"#D94B5F","children_json_url":null},"Lourenzá":{"cartodb_id":7529,"x_coordinate":-100.53696819496076,"y_coordinate":-19.826923367396432,"radius":64.50231894398858,"color":"#D94B5F","children_json_url":null},"Lugo":{"cartodb_id":7497,"x_coordinate":0,"y_coordinate":230.27087914577683,"radius":61.778919787856154,"color":"#AAA","children_json_url":null},"Meira":{"cartodb_id":7512,"x_coordinate":100.61957868649318,"y_coordinate":118.47252763851225,"radius":68.28282828282829,"color":"#64B7DE","children_json_url":null},"Mondoñedo":{"cartodb_id":7520,"x_coordinate":-101.56959933911607,"y_coordinate":-79.01428593006591,"radius":65.64775039565905,"color":"#D94B5F","children_json_url":null},"Monforte_de_Lemos":{"cartodb_id":7488,"x_coordinate":100.0,"y_coordinate":184.23626381925612,"radius":61.79048042704627,"color":"#64B7DE","children_json_url":null},"Monterroso":{"cartodb_id":7498,"x_coordinate":0,"y_coordinate":250.0,"radius":24.478455380268425,"color":"#AAA","children_json_url":null},"Muras":{"cartodb_id":7513,"x_coordinate":102.31309376290788,"y_coordinate":null,"radius":71.85263157894737,"color":"#64B7DE","children_json_url":null},"Navia_de_Suarna":{"cartodb_id":7544,"x_coordinate":100.86741016109046,"y_coordinate":32.7840655771987,"radius":72.82262816735417,"color":"#64B7DE","children_json_url":null},"Negueira_de_Muñiz":{"cartodb_id":7546,"x_coordinate":-101.98265179677819,"y_coordinate":null,"radius":59.06542056074766,"color":"#D94B5F","children_json_url":null},"As_Nogais":{"cartodb_id":7530,"x_coordinate":-100.6608839322594,"y_coordinate":131.62527487466105,"radius":62.174688057041,"color":"#D94B5F","children_json_url":null},"Ourol":{"cartodb_id":7526,"x_coordinate":100.37174721189591,"y_coordinate":6.478571104901121,"radius":62.32044198895027,"color":"#64B7DE","children_json_url":null},"Outeiro_de_Rei":{"cartodb_id":6773,"x_coordinate":0,"y_coordinate":-92.1670331662147,"radius":67.5531914893617,"color":"#AAA","children_json_url":null},"Palas_de_Rei":{"cartodb_id":6774,"x_coordinate":-100.08261049153242,"y_coordinate":-85.59065954814031,"radius":62.20922068804119,"color":"#D94B5F","children_json_url":null},"Pantón":{"cartodb_id":7403,"x_coordinate":0,"y_coordinate":177.65989020118175,"radius":55.98856598380181,"color":"#AAA","children_json_url":null},"Paradela":{"cartodb_id":6775,"x_coordinate":-113.424204874019,"y_coordinate":-59.28516507584276,"radius":63.079268292682926,"color":"#D94B5F","children_json_url":null},"Pedrafita_do_Cebreiro":{"cartodb_id":7545,"x_coordinate":-102.23048327137546,"y_coordinate":197.38901105540492,"radius":63.78787878787879,"color":"#D94B5F","children_json_url":null},"Pol":{"cartodb_id":7514,"x_coordinate":101.23915737298637,"y_coordinate":-98.74340678428909,"radius":63.24832214765101,"color":"#64B7DE","children_json_url":null},"Portomarín":{"cartodb_id":6776,"x_coordinate":101.73482032218092,"y_coordinate":131.62527487466105,"radius":60.16798418972332,"color":"#64B7DE","children_json_url":null},"Quiroga":{"cartodb_id":7489,"x_coordinate":-100.37174721189591,"y_coordinate":197.38901105540492,"radius":62.50615350190199,"color":"#D94B5F","children_json_url":null},"Ribadeo":{"cartodb_id":7534,"x_coordinate":100.0,"y_coordinate":138.2016484927354,"radius":24.23920572616024,"color":"#64B7DE","children_json_url":null},"Ribeira_de_Piquín":{"cartodb_id":7515,"x_coordinate":101.85873605947955,"y_coordinate":null,"radius":66.80288461538461,"color":"#64B7DE","children_json_url":null},"Riotorto":{"cartodb_id":7535,"x_coordinate":107.43494423791822,"y_coordinate":-26.403296985470817,"radius":24.617886178861788,"color":"#64B7DE","children_json_url":null},"Samos":{"cartodb_id":6777,"x_coordinate":101.85873605947955,"y_coordinate":-59.28516507584276,"radius":59.66326982720425,"color":"#64B7DE","children_json_url":null},"Rábade":{"cartodb_id":395,"x_coordinate":0,"y_coordinate":144.7780221108098,"radius":24.95967741935484,"color":"#AAA","children_json_url":null},"Sarria":{"cartodb_id":7502,"x_coordinate":0,"y_coordinate":177.65989020118175,"radius":62.5393146829995,"color":"#AAA","children_json_url":null},"Sober":{"cartodb_id":7491,"x_coordinate":-100.12391573729863,"y_coordinate":-79.01428593006591,"radius":62.9776247848537,"color":"#D94B5F","children_json_url":null},"Taboada":{"cartodb_id":7492,"x_coordinate":-101.19785212722016,"y_coordinate":184.23626381925612,"radius":23.711194731890874,"color":"#D94B5F","children_json_url":null},"Trabada":{"cartodb_id":7536,"x_coordinate":300.0,"y_coordinate":-46.13241783969397,"radius":24.577861163227016,"color":"#5AB0E9","children_json_url":null},"Triacastela":{"cartodb_id":7503,"x_coordinate":-100.49566294919455,"y_coordinate":null,"radius":62.74390243902439,"color":"#D94B5F","children_json_url":null},