{"Alameda":{"cartodb_id":1107,"x_coordinate":-103.34928229665071,"y_coordinate":-80.03908117552677,"radius":68.1151153746435,"color":"#D94B5F","children_json_url":null},"Alcaucín":{"cartodb_id":1082,"x_coordinate":-107.6555023923445,"y_coordinate":121.15865831047996,"radius":67.29579698651864,"color":"#D94B5F","children_json_url":null},"Alfarnate":{"cartodb_id":1108,"x_coordinate":0,"y_coordinate":-63.591250321545495,"radius":66.71361502347418,"color":"#AAA","children_json_url":null},"Alfarnatejo":{"cartodb_id":1040,"x_coordinate":-104.30622009569377,"y_coordinate":null,"radius":71.07871720116617,"color":"#D94B5F","children_json_url":null},"Algarrobo":{"cartodb_id":1076,"x_coordinate":104.06698564593302,"y_coordinate":148.5717097337821,"radius":80,"color":"#64B7DE","children_json_url":null},"Algatocín":{"cartodb_id":817,"x_coordinate":-110.76555023923444,"y_coordinate":null,"radius":70.53455019556714,"color":"#D94B5F","children_json_url":null},"Alhaurín_de_la_Torre":{"cartodb_id":1150,"x_coordinate":0,"y_coordinate":134.86518402213102,"radius":23.569308493842755,"color":"#AAA","children_json_url":null},"Alhaurín_el_Grande":{"cartodb_id":1151,"x_coordinate":0,"y_coordinate":-91.00430174484762,"radius":61.6355460711836,"color":"#AAA","children_json_url":null},"Almáchar":{"cartodb_id":983,"x_coordinate":-107.89473684210526,"y_coordinate":-33.43689375591316,"radius":68.5427135678392,"color":"#D94B5F","children_json_url":null},"Almargen":{"cartodb_id":1056,"x_coordinate":-103.34928229665071,"y_coordinate":-77.29777603319656,"radius":69.52489982827704,"color":"#D94B5F","children_json_url":null},"Almogía":{"cartodb_id":1153,"x_coordinate":102.39234449760765,"y_coordinate":110.19343774115913,"radius":63.038284839203676,"color":"#64B7DE","children_json_url":null},"Álora":{"cartodb_id":1154,"x_coordinate":0,"y_coordinate":162.27823544543315,"radius":64.65527401296406,"color":"#AAA","children_json_url":null},"Alozaina":{"cartodb_id":1155,"x_coordinate":0,"y_coordinate":104.71082745649869,"radius":64.4289544235925,"color":"#AAA","children_json_url":null},"Alpandeire":{"cartodb_id":1129,"x_coordinate":-100.7177033492823,"y_coordinate":null,"radius":69.3006993006993,"color":"#D94B5F","children_json_url":null},"Antequera":{"cartodb_id":1109,"x_coordinate":0,"y_coordinate":126.64126859514039,"radius":60.19856088896985,"color":"#AAA","children_json_url":null},"Árchez":{"cartodb_id":1002,"x_coordinate":0,"y_coordinate":null,"radius":69.16129032258064,"color":"#AAA","children_json_url":null},"Archidona":{"cartodb_id":1110,"x_coordinate":-100.0,"y_coordinate":107.45213259882891,"radius":80,"color":"#D94B5F","children_json_url":null},"Ardales":{"cartodb_id":1111,"x_coordinate":0,"y_coordinate":-80.03908117552677,"radius":59.99226305609284,"color":"#AAA","children_json_url":null},"Arenas":{"cartodb_id":1083,"x_coordinate":0,"y_coordinate":165.01954058776337,"radius":80,"color":"#AAA","children_json_url":null},"Arriate":{"cartodb_id":1130,"x_coordinate":-105.98086124401914,"y_coordinate":162.27823544543315,"radius":68.86490250696379,"color":"#D94B5F","children_json_url":null},"Atajate":{"cartodb_id":1131,"x_coordinate":-105.02392344497608,"y_coordinate":null,"radius":71.15384615384616,"color":"#D94B5F","children_json_url":null},"Benadalid":{"cartodb_id":1132,"x_coordinate":-111.96172248803828,"y_coordinate":null,"radius":71.04072398190044,"color":"#D94B5F","children_json_url":null},"Benahavís":{"cartodb_id":1156,"x_coordinate":105.50239234449761,"y_coordinate":-36.178198898243366,"radius":68.07692307692308,"color":"#64B7DE","children_json_url":null},"Benalauría":{"cartodb_id":1133,"x_coordinate":110.76555023923444,"y_coordinate":null,"radius":66.04966139954854,"color":"#64B7DE","children_json_url":null},"Benalmádena":{"cartodb_id":1157,"x_coordinate":0,"y_coordinate":137.60648916446127,"radius":55.03562190860825,"color":"#AAA","children_json_url":null},"Benamargosa":{"cartodb_id":1084,"x_coordinate":-100.0,"y_coordinate":-74.55647089086634,"radius":66.34222919937206,"color":"#D94B5F","children_json_url":null},"Benamocarra":{"cartodb_id":1085,"x_coordinate":100.23923444976077,"y_coordinate":-93.74560688717784,"radius":70.02732240437159,"color":"#64B7DE","children_json_url":null},"Benaoján":{"cartodb_id":1134,"x_coordinate":-100.23923444976077,"y_coordinate":250.0,"radius":80,"color":"#D94B5F","children_json_url":null},"Benarrabá":{"cartodb_id":1135,"x_coordinate":-103.82775119617224,"y_coordinate":null,"radius":67.50972762645914,"color":"#D94B5F","children_json_url":null},"El_Borge":{"cartodb_id":1091,"x_coordinate":0,"y_coordinate":-41.66080918290379,"radius":73.58444714459296,"color":"#AAA","children_json_url":null},"El_Burgo":{"cartodb_id":1138,"x_coordinate":0,"y_coordinate":132.12387887980083,"radius":69.01098901098901,"color":"#AAA","children_json_url":null},"Campillos":{"cartodb_id":1112,"x_coordinate":0,"y_coordinate":-99.22821717183827,"radius":67.66410214437715,"color":"#AAA","children_json_url":null},"Canillas_de_Aceituno":{"cartodb_id":1086,"x_coordinate":-103.11004784688996,"y_coordinate":-69.07386060620593,"radius":59.41712204007286,"color":"#D94B5F","children_json_url":null},"Canillas_de_Albaida":{"cartodb_id":1087,"x_coordinate":113.15789473684211,"y_coordinate":null,"radius":72.79527559055117,"color":"#64B7DE","children_json_url":null},"Cañete_la_Real":{"cartodb_id":1114,"x_coordinate":-173.20574162679426,"y_coordinate":-85.5216914601872,"radius":80,"color":"#D94B5F","children_json_url":null},"Carratraca":{"cartodb_id":1158,"x_coordinate":0,"y_coordinate":null,"radius":61.55528554070474,"color":"#AAA","children_json_url":null},"Cartajima":{"cartodb_id":1136,"x_coordinate":113.15789473684211,"y_coordinate":null,"radius":62.12765957446808,"color":"#64B7DE","children_json_url":null},"Cártama":{"cartodb_id":1160,"x_coordinate":0,"y_coordinate":107.45213259882891,"radius":59.737553068313396,"color":"#AAA","children_json_url":null},"Casabermeja":{"cartodb_id":1115,"x_coordinate":0,"y_coordinate":-85.5216914601872,"radius":80,"color":"#AAA","children_json_url":null},"Casarabonela":{"cartodb_id":1161,"x_coordinate":-136.8421052631579,"y_coordinate":-69.07386060620593,"radius":68.02708803611739,"color":"#D94B5F","children_json_url":null},"Casares":{"cartodb_id":1162,"x_coordinate":0,"y_coordinate":-60.84994517921528,"radius":69.78827361563518,"color":"#AAA","children_json_url":null},"Coín":{"cartodb_id":1163,"x_coordinate":100.95693779904306,"y_coordinate":-77.29777603319656,"radius":50.447107488290044,"color":"#64B7DE","children_json_url":null},"Colmenar":{"cartodb_id":1116,"x_coordinate":-103.11004784688996,"y_coordinate":-99.22821717183827,"radius":62.18966846569005,"color":"#D94B5F","children_json_url":null},"Comares":{"cartodb_id":1088,"x_coordinate":105.98086124401914,"y_coordinate":-80.03908117552677,"radius":80,"color":"#64B7DE","children_json_url":null},"Cómpeta":{"cartodb_id":1089,"x_coordinate":104.06698564593302,"y_coordinate":126.64126859514039,"radius":69.1967654986523,"color":"#64B7DE","children_json_url":null},"Cortes_de_la_Frontera":{"cartodb_id":1137,"x_coordinate":0,"y_coordinate":195.17389715339573,"radius":24.805677593781684,"color":"#AAA","children_json_url":null},"Cuevas_Bajas":{"cartodb_id":1117,"x_coordinate":0,"y_coordinate":-96.48691202950806,"radius":72.64781491002572,"color":"#AAA","children_json_url":null},"Cuevas_del_Becerro":{"cartodb_id":1119,"x_coordinate":0,"y_coordinate":129.3825737374706,"radius":66.50927487352445,"color":"#AAA","children_json_url":null},"Cuevas_de_San_Marcos":{"cartodb_id":1118,"x_coordinate":-113.15789473684211,"y_coordinate":-80.03908117552677,"radius":24.97824735860783,"color":"#D94B5F","children_json_url":null},"Cútar":{"cartodb_id":1090,"x_coordinate":101.19617224880383,"y_coordinate":null,"radius":68.19085487077535,"color":"#64B7DE","children_json_url":null},"Estepona":{"cartodb_id":1165,"x_coordinate":0,"y_coordinate":-96.48691202950806,"radius":63.90801441565128,"color":"#AAA",