{"Alameda":{"cartodb_id":1107,"x_coordinate":0,"y_coordinate":-83.09544361612818,"radius":77.35138316656858,"color":"#AAA","children_json_url":null},"Alcaucín":{"cartodb_id":1082,"x_coordinate":-206.66666666666669,"y_coordinate":-85.44621201590103,"radius":68.54294478527608,"color":"#D8282A","children_json_url":null},"Alfarnate":{"cartodb_id":1108,"x_coordinate":0,"y_coordinate":-71.34160161726396,"radius":69.60515713134569,"color":"#AAA","children_json_url":null},"Alfarnatejo":{"cartodb_id":1040,"x_coordinate":-116.0,"y_coordinate":null,"radius":74.1246290801187,"color":"#D94B5F","children_json_url":null},"Algarrobo":{"cartodb_id":1076,"x_coordinate":-140.0,"y_coordinate":118.35696961272082,"radius":62.9520295202952,"color":"#D94B5F","children_json_url":null},"Algatocín":{"cartodb_id":817,"x_coordinate":-142.66666666666666,"y_coordinate":null,"radius":69.37269372693726,"color":"#D94B5F","children_json_url":null},"Alhaurín_de_la_Torre":{"cartodb_id":1150,"x_coordinate":201.33333333333331,"y_coordinate":106.6031276138566,"radius":55.16911803748739,"color":"#5AB0E9","children_json_url":null},"Alhaurín_el_Grande":{"cartodb_id":1151,"x_coordinate":182.66666666666669,"y_coordinate":-76.04313841680965,"radius":64.72977982059456,"color":"#64B7DE","children_json_url":null},"Almáchar":{"cartodb_id":983,"x_coordinate":-220.0,"y_coordinate":-52.53545441908121,"radius":69.58549222797927,"color":"#D8282A","children_json_url":null},"Almargen":{"cartodb_id":1056,"x_coordinate":-182.66666666666669,"y_coordinate":-90.1477488154467,"radius":72.20417633410673,"color":"#D94B5F","children_json_url":null},"Almogía":{"cartodb_id":1153,"x_coordinate":-241.33333333333334,"y_coordinate":111.30466441340229,"radius":61.409455842997325,"color":"#D8282A","children_json_url":null},"Álora":{"cartodb_id":1154,"x_coordinate":-150.66666666666666,"y_coordinate":125.40927481203934,"radius":64.28362144740697,"color":"#D94B5F","children_json_url":null},"Alozaina":{"cartodb_id":1155,"x_coordinate":0,"y_coordinate":104.25235921408375,"radius":63.98724082934609,"color":"#AAA","children_json_url":null},"Alpandeire":{"cartodb_id":1129,"x_coordinate":0,"y_coordinate":null,"radius":65.0,"color":"#AAA","children_json_url":null},"Antequera":{"cartodb_id":1109,"x_coordinate":-150.66666666666666,"y_coordinate":104.25235921408375,"radius":58.125502097652415,"color":"#D94B5F","children_json_url":null},"Árchez":{"cartodb_id":1002,"x_coordinate":0,"y_coordinate":null,"radius":68.31168831168831,"color":"#AAA","children_json_url":null},"Archidona":{"cartodb_id":1110,"x_coordinate":0,"y_coordinate":106.6031276138566,"radius":65.53877730538045,"color":"#AAA","children_json_url":null},"Ardales":{"cartodb_id":1111,"x_coordinate":-209.33333333333331,"y_coordinate":-85.44621201590103,"radius":61.54030327214685,"color":"#D8282A","children_json_url":null},"Arenas":{"cartodb_id":1083,"x_coordinate":0,"y_coordinate":146.56619040999493,"radius":70.16194331983806,"color":"#AAA","children_json_url":null},"Arriate":{"cartodb_id":1130,"x_coordinate":0,"y_coordinate":155.9692640090863,"radius":63.33435865887419,"color":"#AAA","children_json_url":null},"Atajate":{"cartodb_id":1131,"x_coordinate":-241.33333333333334,"y_coordinate":null,"radius":63.70860927152317,"color":"#D8282A","children_json_url":null},"Benadalid":{"cartodb_id":1132,"x_coordinate":-105.33333333333333,"y_coordinate":null,"radius":69.63636363636363,"color":"#D94B5F","children_json_url":null},"Benahavís":{"cartodb_id":1156,"x_coordinate":137.33333333333334,"y_coordinate":-45.483149219762694,"radius":67.33944954128441,"color":"#64B7DE","children_json_url":null},"Benalauría":{"cartodb_id":1133,"x_coordinate":118.66666666666667,"y_coordinate":null,"radius":68.02721088435374,"color":"#64B7DE","children_json_url":null},"Benalmádena":{"cartodb_id":1157,"x_coordinate":0,"y_coordinate":-83.09544361612818,"radius":53.60130111524164,"color":"#AAA","children_json_url":null},"Benamargosa":{"cartodb_id":1084,"x_coordinate":-113.33333333333333,"y_coordinate":-90.1477488154467,"radius":63.55353075170843,"color":"#D94B5F","children_json_url":null},"Benamocarra":{"cartodb_id":1085,"x_coordinate":-105.33333333333333,"y_coordinate":-92.49851721521955,"radius":69.62386511024643,"color":"#D94B5F","children_json_url":null},"Benaoján":{"cartodb_id":1134,"x_coordinate":0,"y_coordinate":250.0,"radius":64.72505091649694,"color":"#AAA","children_json_url":null},"Benarrabá":{"cartodb_id":1135,"x_coordinate":-113.33333333333333,"y_coordinate":null,"radius":69.19491525423729,"color":"#D94B5F","children_json_url":null},"El_Borge":{"cartodb_id":1091,"x_coordinate":0,"y_coordinate":-54.886222818854066,"radius":74.31654676258992,"color":"#AAA","children_json_url":null},"El_Burgo":{"cartodb_id":1138,"x_coordinate":0,"y_coordinate":118.35696961272082,"radius":60.577456968350916,"color":"#AAA","children_json_url":null},"Campillos":{"cartodb_id":1112,"x_coordinate":-132.0,"y_coordinate":113.65543281317512,"radius":69.05899098529179,"color":"#D94B5F","children_json_url":null},"Canillas_de_Aceituno":{"cartodb_id":1086,"x_coordinate":-188.0,"y_coordinate":-80.74467521635533,"radius":56.64353312302839,"color":"#D94B5F","children_json_url":null},"Canillas_de_Albaida":{"cartodb_id":1087,"x_coordinate":276.0,"y_coordinate":null,"radius":74.47653429602889,"color":"#5AB0E9","children_json_url":null},"Cañete_la_Real":{"cartodb_id":1114,"x_coordinate":-145.33333333333334,"y_coordinate":-85.44621201590103,"radius":67.04286489419425,"color":"#D94B5F","children_json_url":null},"Carratraca":{"cartodb_id":1158,"x_coordinate":0,"y_coordinate":null,"radius":70.38297872340425,"color":"#AAA","children_json_url":null},"Cartajima":{"cartodb_id":1136,"x_coordinate":102.66666666666667,"y_coordinate":null,"radius":67.78571428571428,"color":"#64B7DE","children_json_url":null},"Cártama":{"cartodb_id":1160,"x_coordinate":-158.66666666666666,"y_coordinate":-99.55082241453808,"radius":59.11505981703026,"color":"#D94B5F","children_json_url":null},"Casabermeja":{"cartodb_id":1115,"x_coordinate":0,"y_coordinate":-76.04313841680965,"radius":65.7280385078219,"color":"#AAA","children_json_url":null},"Casarabonela":{"cartodb_id":1161,"x_coordinate":-198.66666666666669,"y_coordinate":-68.99083321749112,"radius":66.98965192850423,"color":"#D94B5F","children_json_url":null},"Casares":{"cartodb_id":1162,"x_coordinate":0,"y_coordinate":-50.18468601930838,"radius":64.1944847605225,"color":"#AAA","children_json_url":null},"Coín":{"cartodb_id":1163,"x_coordinate":0,"y_coordinate":-78.39390681658249,"radius":58.63491623978956,"color":"#AAA","children_json_url":null},"Colmenar":{"cartodb_id":1116,"x_coordinate":-206.66666666666669,"y_coordinate":-94.84928561499238,"radius":64.03690888119954,"color":"#D8282A","children_json_url":null},"Comares":{"cartodb_id":1088,"x_coordinate":209.33333333333331,"y_coordinate":-78.39390681658249,"radius":66.23595505617978,"color":"#5AB0E9","children_json_url":null},"Cómpeta":{"cartodb_id":1089,"x_coordinate":134.66666666666666,"y_coordinate":-90.1477488154467,"radius":65.28690534575773,"color":"#64B7DE","children_json_url":null},"Cortes_de_la_Frontera":{"cartodb_id":1137,"x_coordinate":-161.33333333333334,"y_coordinate":130.11081161158504,"radius":68.44055237453688,"color":"#D94B5F","children_json_url":null},"Cuevas_Bajas":{"cartodb_id":1117,"x_coordinate":0,"y_coordinate":-83.09544361612818,"radius":72.77283751010509,"color":"#AAA","children_json_url":null},"Cuevas_del_Becerro":{"cartodb_id":1119,"x_coordinate":0,"y_coordinate":137.16311681090355,"radius":68.43910806174958,"color":"#AAA","children_json_url":null},"Cuevas_de_San_Marcos":{"cartodb_id":1118,"x_coordinate":0,"y_coordinate":-76.04313841680965,"radius":67.82662158007993,"color":"#AAA","children_json_url":null},"Cútar":{"cartodb_id":1090,"x_coordinate":201.33333333333331,"y_coordinate":null,"radius":69.60893854748603,"color":"#5AB0E9","children_json_url":null},"Estepona":{"cartodb_id":1165,"x_coordinate":110.66666666666667,