{"Melilla":{"cartodb_id":6069,"x_coordinate":300.0,"y_coordinate":250.0,"radius":54.58729304883151,"color":"#5AB0E9","children_json_url":null,"censo_total":50193,"porcentaje_participacion":57.64548841471918,"partido_1":["PP",55.0],"partido_2":["CPM",21.0],"partido_3":["PSOE",18.0],"resto_partidos_percent":4,"info":"","parents":["Ceuta y Melilla","Melilla"],"parent_results":{"partido_1":["PSDM",1],"partido_2":["IU",0],"partido_3":["AN",0],"otros":["Otros",97]},"evolution":"1.7925230770000002,1.6723076920000004,2.333138462,2.9718461539999996,2.1715076919999996,2.3692923080000003,2.4223076919999995,2.1808923080000002,2.5744000000000002,4.937938462,6.405323077,6.995509074000001,7.23800738,4.781119310999999"}}