{"Melilla":{"cartodb_id":6069,"x_coordinate":0,"y_coordinate":250.0,"radius":56.261343012704174,"color":"#AAA","children_json_url":null,"censo_total":47386,"porcentaje_participacion":60.435571687840294,"partido_1":["GIL",25.0],"partido_2":["CPM",20.0],"partido_3":["PP",18.0],"resto_partidos_percent":34,"info":"","parents":["Ceuta y Melilla","Melilla"],"parent_results":{"partido_1":["PSDM",1],"partido_2":["IU",0],"partido_3":["AN",0],"otros":["Otros",97]},"evolution":"1.7925230770000002,1.6723076920000004,2.333138462,2.9718461539999996,2.1715076919999996,2.3692923080000003,2.4223076919999995,2.1808923080000002,2.5744000000000002,4.937938462,6.405323077,6.995509074000001,7.23800738,4.781119310999999"}}