{"Abanilla":{"cartodb_id":8264,"x_coordinate":156.0,"y_coordinate":-78.30682317645446,"radius":68.87710660859685,"color":"#64B7DE","children_json_url":null},"Abarán":{"cartodb_id":8277,"x_coordinate":-128.0,"y_coordinate":-53.77922648737651,"radius":69.07409310451135,"color":"#D94B5F","children_json_url":null},"Águilas":{"cartodb_id":8270,"x_coordinate":116.0,"y_coordinate":-67.79499602399247,"radius":63.54216424765754,"color":"#64B7DE","children_json_url":null},"Albudeite":{"cartodb_id":8286,"x_coordinate":160.0,"y_coordinate":250.0,"radius":77.24080267558529,"color":"#64B7DE","children_json_url":null},"Alcantarilla":{"cartodb_id":8275,"x_coordinate":156.0,"y_coordinate":106.33836224968637,"radius":62.4140221402214,"color":"#64B7DE","children_json_url":null},"Aledo":{"cartodb_id":8271,"x_coordinate":236.0,"y_coordinate":-99.3304774813784,"radius":70.59210526315789,"color":"#5AB0E9","children_json_url":null},"Alguazas":{"cartodb_id":8293,"x_coordinate":160.0,"y_coordinate":-92.3225927130704,"radius":68.07088794535721,"color":"#64B7DE","children_json_url":null},"Alhama_de_Murcia":{"cartodb_id":8272,"x_coordinate":148.0,"y_coordinate":127.36201655461032,"radius":63.41504649196957,"color":"#64B7DE","children_json_url":null},"Archena":{"cartodb_id":8294,"x_coordinate":184.0,"y_coordinate":127.36201655461032,"radius":69.8777633289987,"color":"#64B7DE","children_json_url":null},"Beniel":{"cartodb_id":8276,"x_coordinate":140.0,"y_coordinate":-46.77134171906853,"radius":70.75844883974459,"color":"#64B7DE","children_json_url":null},"Blanca":{"cartodb_id":8290,"x_coordinate":220.0,"y_coordinate":-92.3225927130704,"radius":68.13287016934433,"color":"#5AB0E9","children_json_url":null},"Bullas":{"cartodb_id":8283,"x_coordinate":-112.0,"y_coordinate":-78.30682317645446,"radius":67.56214367160776,"color":"#D94B5F","children_json_url":null},"Calasparra":{"cartodb_id":8260,"x_coordinate":-240.0,"y_coordinate":106.33836224968637,"radius":65.74265734265734,"color":"#D8282A","children_json_url":null},"Campos_del_Río":{"cartodb_id":8287,"x_coordinate":-108.0,"y_coordinate":116.85018940214835,"radius":70.67714631197097,"color":"#D94B5F","children_json_url":null},"Caravaca_de_la_Cruz":{"cartodb_id":8261,"x_coordinate":148.0,"y_coordinate":148.38567085953426,"radius":63.30201048951049,"color":"#64B7DE","children_json_url":null},"Cartagena":{"cartodb_id":7645,"x_coordinate":204.0,"y_coordinate":-78.30682317645446,"radius":55.56487631115613,"color":"#5AB0E9","children_json_url":null},"Cehegín":{"cartodb_id":8262,"x_coordinate":156.0,"y_coordinate":155.39355562784223,"radius":68.9061036860475,"color":"#64B7DE","children_json_url":null},"Ceutí":{"cartodb_id":8295,"x_coordinate":-228.0,"y_coordinate":116.85018940214835,"radius":70.81944916695002,"color":"#D8282A","children_json_url":null},"Cieza":{"cartodb_id":8292,"x_coordinate":216.0,"y_coordinate":106.33836224968637,"radius":59.768934531450576,"color":"#5AB0E9","children_json_url":null},"Fortuna":{"cartodb_id":8284,"x_coordinate":256.0,"y_coordinate":183.42509470107416,"radius":71.94095133952979,"color":"#5AB0E9","children_json_url":null},"Jumilla":{"cartodb_id":8268,"x_coordinate":-112.0,"y_coordinate":-81.81076556060844,"radius":62.45847176079734,"color":"#D94B5F","children_json_url":null},"Librilla":{"cartodb_id":8273,"x_coordinate":104.0,"y_coordinate":123.85807417045632,"radius":69.04394299287411,"color":"#64B7DE","children_json_url":null},"Lorca":{"cartodb_id":8278,"x_coordinate":-176.0,"y_coordinate":-60.7871112556845,"radius":58.07794110302808,"color":"#D94B5F","children_json_url":null},"Lorquí":{"cartodb_id":8297,"x_coordinate":-128.0,"y_coordinate":-85.31470794476243,"radius":69.90085624155026,"color":"#D94B5F","children_json_url":null},"Mazarrón":{"cartodb_id":7505,"x_coordinate":120.0,"y_coordinate":-43.26739933491455,"radius":60.2740852405098,"color":"#64B7DE","children_json_url":null},"Molina_de_Segura":{"cartodb_id":8298,"x_coordinate":208.0,"y_coordinate":-99.3304774813784,"radius":63.19414762452737,"color":"#5AB0E9","children_json_url":null},"Moratalla":{"cartodb_id":8263,"x_coordinate":108.0,"y_coordinate":190.43297946938213,"radius":66.52274900942751,"color":"#64B7DE","children_json_url":null},"Mula":{"cartodb_id":8288,"x_coordinate":188.0,"y_coordinate":113.34624701799436,"radius":64.63135480436517,"color":"#64B7DE","children_json_url":null},"Murcia":{"cartodb_id":8274,"x_coordinate":220.0,"y_coordinate":-78.30682317645446,"radius":61.635201700538914,"color":"#5AB0E9","children_json_url":null},"Ojós":{"cartodb_id":8209,"x_coordinate":0,"y_coordinate":null,"radius":75.65371024734984,"color":"#AAA","children_json_url":null},"Pliego":{"cartodb_id":8289,"x_coordinate":104.0,"y_coordinate":113.34624701799436,"radius":73.94396551724138,"color":"#64B7DE","children_json_url":null},"Puerto_Lumbreras":{"cartodb_id":8267,"x_coordinate":156.0,"y_coordinate":-43.26739933491455,"radius":68.80251872760829,"color":"#64B7DE","children_json_url":null},"Ricote":{"cartodb_id":8212,"x_coordinate":140.0,"y_coordinate":130.8659589387643,"radius":71.50234741784038,"color":"#64B7DE","children_json_url":null},"San_Javier":{"cartodb_id":8285,"x_coordinate":228.0,"y_coordinate":-36.25951456660657,"radius":59.43314047975037,"color":"#5AB0E9","children_json_url":null},"San_Pedro_del_Pinatar":{"cartodb_id":8291,"x_coordinate":180.0,"y_coordinate":-43.26739933491455,"radius":61.4624,"color":"#64B7DE","children_json_url":null},"Torre-Pacheco":{"cartodb_id":8279,"x_coordinate":212.0,"y_coordinate":-25.747687414144593,"radius":65.32093362509117,"color":"#5AB0E9","children_json_url":null},"Totana":{"cartodb_id":7640,"x_coordinate":152.0,"y_coordinate":-85.31470794476243,"radius":66.29365295559793,"color":"#64B7DE","children_json_url":null},"Ulea":{"cartodb_id":8231,"x_coordinate":176.0,"y_coordinate":null,"radius":76.0431654676259,"color":"#64B7DE","children_json_url":null},"La_Unión":{"cartodb_id":7833,"x_coordinate":-124.0,"y_coordinate":-85.31470794476243,"radius":60.651585291291816,"color":"#D94B5F","children_json_url":null},"Villanueva_del_Río_Segura":{"cartodb_id":8249,"x_coordinate":300.0,"y_coordinate":193.93692185353615,"radius":74.47042640990372,"color":"#5AB0E9","children_json_url":null},"Yecla":{"cartodb_id":8269,"x_coordinate":176.0,"y_coordinate":-67.79499602399247,"radius":67.10260686386377,"color":"#64B7DE","children_json_url":null},"Santomera":{"cartodb_id":8281,"x_coordinate":-116.0,"y_coordinate":-78.30682317645446,"radius":67.46268656716418,"color":"#D94B5F","children_json_url":null}}