{"Abanilla":{"cartodb_id":8264,"x_coordinate":197.87234042553192,"y_coordinate":-47.272391327824096,"radius":70.41186161449752,"color":"#64B7DE","children_json_url":null,"censo_total":5463,"porcentaje_participacion":84.01976935749587,"partido_1":["PP","#64B7DE",60.0],"partido_2":["PSOE","#D94B5F",37.0],"partido_3":["IU","#AAAAAA",0.0]},"Abarán":{"cartodb_id":8277,"x_coordinate":151.06382978723406,"y_coordinate":-62.28925122946674,"radius":68.955223880597,"color":"#64B7DE","children_json_url":null,"censo_total":9648,"porcentaje_participacion":81.59203980099502,"partido_1":["PP","#64B7DE",52.0],"partido_2":["PSOE","#D94B5F",40.0],"partido_3":["IU","#AAAAAA",6.0]},"Águilas":{"cartodb_id":8270,"x_coordinate":185.1063829787234,"y_coordinate":-88.5687560573414,"radius":60.17424402622119,"color":"#64B7DE","children_json_url":null,"censo_total":23645,"porcentaje_participacion":66.95707337703531,"partido_1":["PP","#64B7DE",44.0],"partido_2":["PSOE","#E08394",24.0],"partido_3":["MASD","#AAAAAA",16.0]},"Albudeite":{"cartodb_id":8286,"x_coordinate":100.0,"y_coordinate":223.72049517212534,"radius":78.00896860986546,"color":"#64B7DE","children_json_url":null,"censo_total":1115,"porcentaje_participacion":96.68161434977578,"partido_1":["PP","#64B7DE",42.0],"partido_2":["PSOE","#D94B5F",42.0],"partido_3":["IU","#AAAAAA",13.0]},"Alcantarilla":{"cartodb_id":8275,"x_coordinate":210.63829787234044,"y_coordinate":103.58561595898406,"radius":60.69993656164094,"color":"#5AB0E9","children_json_url":null,"censo_total":28374,"porcentaje_participacion":67.83322760273491,"partido_1":["PP","#64B7DE",59.0],"partido_2":["PSOE","#D94B5F",33.0],"partido_3":["IU","#AAAAAA",6.0]},"Aledo":{"cartodb_id":8271,"x_coordinate":180.85106382978722,"y_coordinate":-73.55189615569876,"radius":70.26666666666667,"color":"#64B7DE","children_json_url":null,"censo_total":900,"porcentaje_participacion":83.77777777777777,"partido_1":["PP","#64B7DE",58.0],"partido_2":["PSOE","#D94B5F",39.0],"partido_3":["IU","#AAAAAA",0.0]},"Alguazas":{"cartodb_id":8293,"x_coordinate":108.51063829787233,"y_coordinate":-92.32297103275208,"radius":62.73676999486214,"color":"#64B7DE","children_json_url":null,"censo_total":5839,"porcentaje_participacion":71.22794999143689,"partido_1":["PP","#64B7DE",48.0],"partido_2":["PSOE","#D94B5F",46.0],"partido_3":["IU","#AAAAAA",2.0]},"Alhama_de_Murcia":{"cartodb_id":8272,"x_coordinate":129.7872340425532,"y_coordinate":-99.83140098357339,"radius":62.11244377811094,"color":"#64B7DE","children_json_url":null,"censo_total":13340,"porcentaje_participacion":70.18740629685158,"partido_1":["PP","#64B7DE",33.0],"partido_2":["PSOE","#E08394",26.0],"partido_3":["UDERM","#AAAAAA",17.0]},"Archena":{"cartodb_id":8294,"x_coordinate":210.63829787234044,"y_coordinate":107.33983093439471,"radius":68.93302775655717,"color":"#5AB0E9","children_json_url":null,"censo_total":11781,"porcentaje_participacion":81.5550462609286,"partido_1":["PP","#64B7DE",56.0],"partido_2":["PSOE","#D8282A",30.0],"partido_3":["IU","#AAAAAA",11.0]},"Beniel":{"cartodb_id":8276,"x_coordinate":-112.76595744680851,"y_coordinate":-43.51817635241342,"radius":69.64769647696477,"color":"#D94B5F","children_json_url":null,"censo_total":6642,"porcentaje_participacion":82.74616079494128,"partido_1":["PSOE","#D94B5F",48.0],"partido_2":["PP","#64B7DE",45.0],"partido_3":["PADE","#AAAAAA",3.0]},"Blanca":{"cartodb_id":8290,"x_coordinate":244.68085106382978,"y_coordinate":-84.81454108193074,"radius":69.4936170212766,"color":"#5AB0E9","children_json_url":null,"censo_total":4700,"porcentaje_participacion":82.48936170212767,"partido_1":["PP","#64B7DE",59.0],"partido_2":["PSOE","#E08394",25.0],"partido_3":["GIBC","#AAAAAA",13.0]},"Bullas":{"cartodb_id":8283,"x_coordinate":-104.25531914893617,"y_coordinate":103.58561595898406,"radius":68.21012966862463,"color":"#D94B5F","children_json_url":null,"censo_total":9023,"porcentaje_participacion":80.35021611437438,"partido_1":["PSOE","#D94B5F",46.0],"partido_2":["PP","#64B7DE",45.0],"partido_3":["IU","#AAAAAA",7.0]},"Calasparra":{"cartodb_id":8260,"x_coordinate":-180.85106382978722,"y_coordinate":103.58561595898406,"radius":64.72545757071548,"color":"#D94B5F","children_json_url":null,"censo_total":7212,"porcentaje_participacion":74.5424292845258,"partido_1":["PSOE","#D94B5F",55.0],"partido_2":["PP","#64B7DE",36.0],"partido_3":["IU","#AAAAAA",6.0]},"Campos_del_Río":{"cartodb_id":8287,"x_coordinate":-100.0,"y_coordinate":-84.81454108193074,"radius":72.31749710312863,"color":"#D94B5F","children_json_url":null,"censo_total":1726,"porcentaje_participacion":87.19582850521437,"partido_1":["PSOE","#D94B5F",48.0],"partido_2":["PP","#64B7DE",48.0],"partido_3":["IU","#AAAAAA",1.0]},"Caravaca_de_la_Cruz":{"cartodb_id":8261,"x_coordinate":146.8085106382979,"y_coordinate":126.11090581144803,"radius":63.07016115904281,"color":"#64B7DE","children_json_url":null,"censo_total":18429,"porcentaje_participacion":71.78360193173802,"partido_1":["PP","#64B7DE",51.0],"partido_2":["PSOE","#D94B5F",40.0],"partido_3":["IU","#AAAAAA",5.0]},"Cartagena":{"cartodb_id":7645,"x_coordinate":206.38297872340425,"y_coordinate":-58.53503625405608,"radius":53.70439382100138,"color":"#5AB0E9","children_json_url":null,"censo_total":149733,"porcentaje_participacion":56.17398970166897,"partido_1":["PP","#64B7DE",55.0],"partido_2":["PSOE","#D8282A",30.0],"partido_3":["MC","#AAAAAA",7.0]},"Cehegín":{"cartodb_id":8262,"x_coordinate":210.63829787234044,"y_coordinate":178.66991546719737,"radius":66.00955494091023,"color":"#5AB0E9","children_json_url":null,"censo_total":11931,"porcentaje_participacion":76.68259156818372,"partido_1":["PP","#64B7DE",59.0],"partido_2":["PSOE","#D94B5F",33.0],"partido_3":["IU","#AAAAAA",4.0]},"Ceutí":{"cartodb_id":8295,"x_coordinate":117.02127659574468,"y_coordinate":-81.06032610652007,"radius":70.86008479709267,"color":"#64B7DE","children_json_url":null,"censo_total":6604,"porcentaje_participacion":84.76680799515445,"partido_1":["PP","#64B7DE",47.0],"partido_2":["PSOE","#D94B5F",43.0],"partido_3":["IU","#AAAAAA",7.0]},"Cieza":{"cartodb_id":8292,"x_coordinate":219.14893617021278,"y_coordinate":114.84826088521605,"radius":56.412293217136465,"color":"#5AB0E9","children_json_url":null,"censo_total":25933,"porcentaje_participacion":60.687155361894106,"partido_1":["PP","#64B7DE",56.0],"partido_2":["PSOE","#E08394",28.0],"partido_3":["IU","#AAAAAA",8.0]},"Fortuna":{"cartodb_id":8284,"x_coordinate":214.8936170212766,"y_coordinate":141.1277657130907,"radius":70.4794403685378,"color":"#5AB0E9","children_json_url":null,"censo_total":5861,"porcentaje_participacion":84.13240061422965,"partido_1":["PP","#64B7DE",58.0],"partido_2":["PSOE","#D94B5F",31.0],"partido_3":["AEFM","#AAAAAA",6.0]},"Jumilla":{"cartodb_id":8268,"x_coordinate":-100.0,"y_coordinate":-66.04346620487742,"radius":60.50785531603945,"color":"#D94B5F","children_json_url":null,"censo_total":16422,"porcentaje_participacion":67.51309219339909,"partido_1":["PSOE","#D94B5F",44.0],"partido_2":["PP","#64B7DE",44.0],"partido_3":["IU","#AAAAAA",8.0]},"Librilla":{"cartodb_id":8273,"x_coordinate":125.53191489361703,"y_coordinate":103.58561595898406,"radius":71.49009474590869,"color":"#64B7DE","children_json_url":null,"censo_total":3483,"porcentaje_participacion":85.81682457651449,"partido_1":["PP","#64B7DE",48.0],"partido_2":["PSOE","#D94B5F",42.0],"partido_3":["P.I.LI.","#AAAAAA",5.0]},"Lorca":{"cartodb_id":8278,"x_coordinate":146.8085106382979,"y_coordinate":-58.53503625405608,"radius":59.20266328262768,"color":"#64B7DE","children_json_url":null,"censo_total":60677,"porcentaje_participacion":65.3377721377128,"partido_1":["PP","#64B7DE",49.0],"partido_2":["PSOE","#D94B5F",38.0],"partido_3":["IU","#AAAAAA",10.0]},"Lorquí":{"cartodb_id":8297,"x_coordinate":134.04255319148936,"y_coordinate":-73.55189615569876,"radius":69.26797385620915,"color":"#64B7DE","children_json_url":null,"censo_total":4590,"porcentaje_participacion":82.11328976034858,"partido_1":["PP","#64B7DE",50.0],