{"Abanilla":{"cartodb_id":8264,"x_coordinate":230.0,"y_coordinate":-78.4648284700317,"radius":68.61313868613138,"color":"#5AB0E9","children_json_url":null},"Abarán":{"cartodb_id":8277,"x_coordinate":175.0,"y_coordinate":-66.63481664037872,"radius":68.10867076090351,"color":"#64B7DE","children_json_url":null},"Águilas":{"cartodb_id":8270,"x_coordinate":110.0,"y_coordinate":-90.29484029968468,"radius":63.37401707752424,"color":"#64B7DE","children_json_url":null},"Albudeite":{"cartodb_id":8286,"x_coordinate":130.0,"y_coordinate":208.59495859621455,"radius":76.06217616580311,"color":"#64B7DE","children_json_url":null},"Alcantarilla":{"cartodb_id":8275,"x_coordinate":185.0,"y_coordinate":-99.16734917192441,"radius":61.3066369470812,"color":"#64B7DE","children_json_url":null},"Aledo":{"cartodb_id":8271,"x_coordinate":230.0,"y_coordinate":-75.50732551261845,"radius":69.62406015037594,"color":"#5AB0E9","children_json_url":null},"Alguazas":{"cartodb_id":8293,"x_coordinate":230.0,"y_coordinate":-75.50732551261845,"radius":66.02665706051874,"color":"#5AB0E9","children_json_url":null},"Alhama_de_Murcia":{"cartodb_id":8272,"x_coordinate":130.0,"y_coordinate":143.52989353312313,"radius":62.74005053695515,"color":"#64B7DE","children_json_url":null},"Archena":{"cartodb_id":8294,"x_coordinate":220.0,"y_coordinate":131.69988170347014,"radius":69.52347272566527,"color":"#5AB0E9","children_json_url":null},"Beniel":{"cartodb_id":8276,"x_coordinate":125.0,"y_coordinate":-54.80480481072573,"radius":69.00095147478592,"color":"#64B7DE","children_json_url":null},"Blanca":{"cartodb_id":8290,"x_coordinate":240.0,"y_coordinate":-69.59231959779196,"radius":67.60941279964811,"color":"#5AB0E9","children_json_url":null},"Bullas":{"cartodb_id":8283,"x_coordinate":-185.0,"y_coordinate":102.12485212933767,"radius":67.91190864600327,"color":"#D94B5F","children_json_url":null},"Calasparra":{"cartodb_id":8260,"x_coordinate":-230.0,"y_coordinate":155.3599053627761,"radius":65.06674082313683,"color":"#D8282A","children_json_url":null},"Campos_del_Río":{"cartodb_id":8287,"x_coordinate":-300.0,"y_coordinate":128.7423787460569,"radius":72.93051359516616,"color":"#D8282A","children_json_url":null},"Caravaca_de_la_Cruz":{"cartodb_id":8261,"x_coordinate":165.0,"y_coordinate":152.40240240536286,"radius":63.38998062551896,"color":"#64B7DE","children_json_url":null},"Cartagena":{"cartodb_id":7645,"x_coordinate":210.0,"y_coordinate":-81.42233142744496,"radius":53.33696341429793,"color":"#5AB0E9","children_json_url":null},"Cehegín":{"cartodb_id":8262,"x_coordinate":-105.0,"y_coordinate":125.78487578864365,"radius":67.60914403575111,"color":"#D94B5F","children_json_url":null},"Ceutí":{"cartodb_id":8295,"x_coordinate":-275.0,"y_coordinate":-90.29484029968468,"radius":71.10274341043572,"color":"#D8282A","children_json_url":null},"Cieza":{"cartodb_id":8292,"x_coordinate":125.0,"y_coordinate":-96.20984621451119,"radius":60.959808038392325,"color":"#64B7DE","children_json_url":null},"Fortuna":{"cartodb_id":8284,"x_coordinate":130.0,"y_coordinate":125.78487578864365,"radius":68.47301951779563,"color":"#64B7DE","children_json_url":null},"Jumilla":{"cartodb_id":8268,"x_coordinate":130.0,"y_coordinate":102.12485212933767,"radius":61.09763720465058,"color":"#64B7DE","children_json_url":null},"Librilla":{"cartodb_id":8273,"x_coordinate":-120.0,"y_coordinate":122.82737283123038,"radius":69.50721153846155,"color":"#D94B5F","children_json_url":null},"Lorca":{"cartodb_id":8278,"x_coordinate":-280.0,"y_coordinate":-81.42233142744496,"radius":61.143528490307425,"color":"#D8282A","children_json_url":null},"Lorquí":{"cartodb_id":8297,"x_coordinate":-200.0,"y_coordinate":-63.67731368296547,"radius":70.73954983922829,"color":"#D8282A","children_json_url":null},"Mazarrón":{"cartodb_id":7505,"x_coordinate":0,"y_coordinate":-54.80480481072573,"radius":63.358802678219774,"color":"#AAA","children_json_url":null},"Molina_de_Segura":{"cartodb_id":8298,"x_coordinate":240.0,"y_coordinate":102.12485212933767,"radius":61.471056824216674,"color":"#5AB0E9","children_json_url":null},"Moratalla":{"cartodb_id":8263,"x_coordinate":-105.0,"y_coordinate":250.0,"radius":66.22078287806252,"color":"#D94B5F","children_json_url":null},"Mula":{"cartodb_id":8288,"x_coordinate":215.0,"y_coordinate":102.12485212933767,"radius":63.682272488164124,"color":"#5AB0E9","children_json_url":null},"Murcia":{"cartodb_id":8274,"x_coordinate":230.0,"y_coordinate":-99.16734917192441,"radius":59.56369066696721,"color":"#5AB0E9","children_json_url":null},"Ojós":{"cartodb_id":8209,"x_coordinate":0,"y_coordinate":null,"radius":73.98865784499054,"color":"#AAA","children_json_url":null},"Pliego":{"cartodb_id":8289,"x_coordinate":-100.0,"y_coordinate":-60.71981072555222,"radius":72.25806451612902,"color":"#D94B5F","children_json_url":null},"Puerto_Lumbreras":{"cartodb_id":8267,"x_coordinate":-110.0,"y_coordinate":-60.71981072555222,"radius":69.24843423799582,"color":"#D94B5F","children_json_url":null},"Ricote":{"cartodb_id":8212,"x_coordinate":245.0,"y_coordinate":128.7423787460569,"radius":72.29729729729729,"color":"#5AB0E9","children_json_url":null},"San_Javier":{"cartodb_id":8285,"x_coordinate":205.0,"y_coordinate":-51.84730185331248,"radius":58.29689777222569,"color":"#5AB0E9","children_json_url":null},"San_Pedro_del_Pinatar":{"cartodb_id":8291,"x_coordinate":255.0,"y_coordinate":-57.76230776813897,"radius":61.54237288135593,"color":"#5AB0E9","children_json_url":null},"Torre-Pacheco":{"cartodb_id":8279,"x_coordinate":130.0,"y_coordinate":-51.84730185331248,"radius":65.73319355261434,"color":"#64B7DE","children_json_url":null},"Totana":{"cartodb_id":7640,"x_coordinate":175.0,"y_coordinate":-78.4648284700317,"radius":65.39750126057483,"color":"#64B7DE","children_json_url":null},"Ulea":{"cartodb_id":8231,"x_coordinate":125.0,"y_coordinate":null,"radius":73.35740072202167,"color":"#64B7DE","children_json_url":null},"La_Unión":{"cartodb_id":7833,"x_coordinate":-135.0,"y_coordinate":-93.25234325709793,"radius":61.26397919375813,"color":"#D94B5F","children_json_url":null},"Villanueva_del_Río_Segura":{"cartodb_id":8249,"x_coordinate":285.0,"y_coordinate":205.6374556388013,"radius":74.27157001414427,"color":"#5AB0E9","children_json_url":null},"Yecla":{"cartodb_id":8269,"x_coordinate":220.0,"y_coordinate":-69.59231959779196,"radius":65.28034887860449,"color":"#5AB0E9","children_json_url":null},"Santomera":{"cartodb_id":8281,"x_coordinate":-130.0,"y_coordinate":-78.4648284700317,"radius":67.822851656265,"color":"#D94B5F","children_json_url":null}}