{"Abanilla":{"cartodb_id":8264,"x_coordinate":0,"y_coordinate":-47.272391327824096,"radius":25.04118616144975,"color":"#000000","children_json_url":null},"Abarán":{"cartodb_id":8277,"x_coordinate":0,"y_coordinate":-62.28925122946674,"radius":68.955223880597,"color":"#000000","children_json_url":null},"Águilas":{"cartodb_id":8270,"x_coordinate":0,"y_coordinate":-88.5687560573414,"radius":60.17424402622119,"color":"#000000","children_json_url":null},"Albudeite":{"cartodb_id":8286,"x_coordinate":100.0,"y_coordinate":223.72049517212534,"radius":78.00896860986546,"color":"#E88394","children_json_url":null},"Alcantarilla":{"cartodb_id":8275,"x_coordinate":100.0,"y_coordinate":103.58561595898406,"radius":60.69993656164094,"color":"#E88394","children_json_url":null},"Aledo":{"cartodb_id":8271,"x_coordinate":131.40495867768595,"y_coordinate":-73.55189615569876,"radius":70.26666666666667,"color":"#E88394","children_json_url":null},"Alguazas":{"cartodb_id":8293,"x_coordinate":0,"y_coordinate":-92.32297103275208,"radius":62.73676999486214,"color":"#000000","children_json_url":null},"Alhama_de_Murcia":{"cartodb_id":8272,"x_coordinate":0,"y_coordinate":-99.83140098357339,"radius":80,"color":"#000000","children_json_url":null},"Archena":{"cartodb_id":8294,"x_coordinate":0,"y_coordinate":107.33983093439471,"radius":68.93302775655717,"color":"#000000","children_json_url":null},"Beniel":{"cartodb_id":8276,"x_coordinate":0,"y_coordinate":-43.51817635241342,"radius":69.64769647696477,"color":"#000000","children_json_url":null},"Blanca":{"cartodb_id":8290,"x_coordinate":-300.0,"y_coordinate":-84.81454108193074,"radius":80,"color":"#D94B5F","children_json_url":null},"Bullas":{"cartodb_id":8283,"x_coordinate":0,"y_coordinate":103.58561595898406,"radius":24.82101296686246,"color":"#000000","children_json_url":null},"Calasparra":{"cartodb_id":8260,"x_coordinate":0,"y_coordinate":103.58561595898406,"radius":64.72545757071548,"color":"#000000","children_json_url":null},"Campos_del_Río":{"cartodb_id":8287,"x_coordinate":-100.0,"y_coordinate":-84.81454108193074,"radius":72.31749710312863,"color":"#D94B5F","children_json_url":null},"Caravaca_de_la_Cruz":{"cartodb_id":8261,"x_coordinate":0,"y_coordinate":126.11090581144803,"radius":63.07016115904281,"color":"#000000","children_json_url":null},"Cartagena":{"cartodb_id":7645,"x_coordinate":0,"y_coordinate":-58.53503625405608,"radius":53.70439382100138,"color":"#000000","children_json_url":null},"Cehegín":{"cartodb_id":8262,"x_coordinate":0,"y_coordinate":178.66991546719737,"radius":66.00955494091023,"color":"#000000","children_json_url":null},"Ceutí":{"cartodb_id":8295,"x_coordinate":0,"y_coordinate":-81.06032610652007,"radius":70.86008479709267,"color":"#000000","children_json_url":null},"Cieza":{"cartodb_id":8292,"x_coordinate":0,"y_coordinate":114.84826088521605,"radius":56.412293217136465,"color":"#000000","children_json_url":null},"Fortuna":{"cartodb_id":8284,"x_coordinate":0,"y_coordinate":141.1277657130907,"radius":70.4794403685378,"color":"#000000","children_json_url":null},"Jumilla":{"cartodb_id":8268,"x_coordinate":0,"y_coordinate":-66.04346620487742,"radius":60.50785531603945,"color":"#000000","children_json_url":null},"Librilla":{"cartodb_id":8273,"x_coordinate":0,"y_coordinate":103.58561595898406,"radius":71.49009474590869,"color":"#000000","children_json_url":null},"Lorca":{"cartodb_id":8278,"x_coordinate":100.0,"y_coordinate":-58.53503625405608,"radius":59.20266328262768,"color":"#E88394","children_json_url":null},"Lorquí":{"cartodb_id":8297,"x_coordinate":0,"y_coordinate":-73.55189615569876,"radius":80,"color":"#000000","children_json_url":null},"Mazarrón":{"cartodb_id":7505,"x_coordinate":0,"y_coordinate":-51.02660630323476,"radius":61.15492474102901,"color":"#000000","children_json_url":null},"Molina_de_Segura":{"cartodb_id":8298,"x_coordinate":100.0,"y_coordinate":-84.81454108193074,"radius":60.32857567647933,"color":"#E88394","children_json_url":null},"Moratalla":{"cartodb_id":8263,"x_coordinate":0,"y_coordinate":250.0,"radius":69.79016958896234,"color":"#000000","children_json_url":null},"Mula":{"cartodb_id":8288,"x_coordinate":0,"y_coordinate":137.37355073768006,"radius":66.33949697660152,"color":"#000000","children_json_url":null},"Ojós":{"cartodb_id":8209,"x_coordinate":0,"y_coordinate":null,"radius":77.07317073170731,"color":"#000000","children_json_url":null},"Pliego":{"cartodb_id":8289,"x_coordinate":0,"y_coordinate":156.14462561473337,"radius":73.1214068312479,"color":"#000000","children_json_url":null},"Puerto_Lumbreras":{"cartodb_id":8267,"x_coordinate":0,"y_coordinate":-39.76396137700276,"radius":65.98548972188632,"color":"#000000","children_json_url":null},"Ricote":{"cartodb_id":8212,"x_coordinate":151.2396694214876,"y_coordinate":212.45785024589335,"radius":71.66538756715272,"color":"#E88394","children_json_url":null},"San_Javier":{"cartodb_id":8285,"x_coordinate":0,"y_coordinate":-28.501316450770773,"radius":57.813414491396465,"color":"#000000","children_json_url":null},"San_Pedro_del_Pinatar":{"cartodb_id":8291,"x_coordinate":0,"y_coordinate":-51.02660630323476,"radius":61.60182058434884,"color":"#000000","children_json_url":null},"Torre-Pacheco":{"cartodb_id":8279,"x_coordinate":0,"y_coordinate":-32.255531426181435,"radius":63.97372551299192,"color":"#000000","children_json_url":null},"Totana":{"cartodb_id":7640,"x_coordinate":0,"y_coordinate":-69.79768118028808,"radius":66.86730943376125,"color":"#000000","children_json_url":null},"Ulea":{"cartodb_id":8231,"x_coordinate":157.8512396694215,"y_coordinate":null,"radius":74.55847255369929,"color":"#E88394","children_json_url":null},"La_Unión":{"cartodb_id":7833,"x_coordinate":0,"y_coordinate":114.84826088521605,"radius":61.84243644601057,"color":"#000000","children_json_url":null},"Villanueva_del_Río_Segura":{"cartodb_id":8249,"x_coordinate":-136.36363636363637,"y_coordinate":178.66991546719737,"radius":73.90139987827146,"color":"#D94B5F","children_json_url":null},"Yecla":{"cartodb_id":8269,"x_coordinate":0,"y_coordinate":-62.28925122946674,"radius":80,"color":"#000000","children_json_url":null},"Santomera":{"cartodb_id":8281,"x_coordinate":0,"y_coordinate":-39.76396137700276,"radius":67.29477611940298,"color":"#000000","children_json_url":null}}