{"Allariz":{"cartodb_id":7504,"x_coordinate":0,"y_coordinate":102.52277884350045,"radius":58.97651327095665,"color":"#AAA","children_json_url":null},"Amoeiro":{"cartodb_id":7524,"x_coordinate":165.30612244897958,"y_coordinate":-95.50005402652428,"radius":61.92118226600985,"color":"#64B7DE","children_json_url":null},"Avión":{"cartodb_id":7548,"x_coordinate":222.44897959183675,"y_coordinate":-46.3409803076911,"radius":58.44155844155844,"color":"#5AB0E9","children_json_url":null},"Baltar":{"cartodb_id":7585,"x_coordinate":171.42857142857144,"y_coordinate":162.21593978779788,"radius":63.02687411598303,"color":"#64B7DE","children_json_url":null},"Bande":{"cartodb_id":7587,"x_coordinate":181.6326530612245,"y_coordinate":116.56822847745278,"radius":51.3169164882227,"color":"#64B7DE","children_json_url":null},"Baños_de_Molgas":{"cartodb_id":7588,"x_coordinate":148.9795918367347,"y_coordinate":120.07959088594087,"radius":63.07565789473684,"color":"#64B7DE","children_json_url":null},"Barbadás":{"cartodb_id":7549,"x_coordinate":175.51020408163265,"y_coordinate":148.17049015384555,"radius":60.50970873786408,"color":"#64B7DE","children_json_url":null},"Beade":{"cartodb_id":7550,"x_coordinate":214.28571428571428,"y_coordinate":null,"radius":71.52804642166345,"color":"#5AB0E9","children_json_url":null},"Beariz":{"cartodb_id":7551,"x_coordinate":300.0,"y_coordinate":-42.829617899203015,"radius":50.486656200941916,"color":"#5AB0E9","children_json_url":null},"Boborás":{"cartodb_id":7552,"x_coordinate":193.87755102040816,"y_coordinate":-99.01141643501236,"radius":52.022955523672884,"color":"#64B7DE","children_json_url":null},"Calvos_de_Randín":{"cartodb_id":7589,"x_coordinate":171.42857142857144,"y_coordinate":106.03414125198853,"radius":63.491379310344826,"color":"#64B7DE","children_json_url":null},"Carballeda_de_Avia":{"cartodb_id":7553,"x_coordinate":112.24489795918367,"y_coordinate":137.6364029283813,"radius":74.53449430676491,"color":"#64B7DE","children_json_url":null},"Cartelle":{"cartodb_id":7555,"x_coordinate":189.79591836734693,"y_coordinate":123.59095329442896,"radius":59.17614929449249,"color":"#64B7DE","children_json_url":null},"Castrelo_do_Val":{"cartodb_id":7590,"x_coordinate":-120.40816326530611,"y_coordinate":214.88637591511915,"radius":64.1431520991053,"color":"#D94B5F","children_json_url":null},"Castrelo_de_Miño":{"cartodb_id":7556,"x_coordinate":183.67346938775512,"y_coordinate":-67.4091547586196,"radius":61.54621848739496,"color":"#64B7DE","children_json_url":null},"Castro_Caldelas":{"cartodb_id":7622,"x_coordinate":-102.04081632653062,"y_coordinate":148.17049015384555,"radius":60.087221979938946,"color":"#D94B5F","children_json_url":null},"Celanova":{"cartodb_id":7557,"x_coordinate":197.9591836734694,"y_coordinate":158.7045773793098,"radius":52.91779071418429,"color":"#64B7DE","children_json_url":null},"Cenlle":{"cartodb_id":7558,"x_coordinate":228.57142857142858,"y_coordinate":-84.96596680106002,"radius":69.61910910264686,"color":"#5AB0E9","children_json_url":null},"Coles":{"cartodb_id":7559,"x_coordinate":183.67346938775512,"y_coordinate":148.17049015384555,"radius":64.98034076015728,"color":"#64B7DE","children_json_url":null},"Cortegada":{"cartodb_id":7560,"x_coordinate":157.14285714285714,"y_coordinate":102.52277884350045,"radius":55.40229885057471,"color":"#64B7DE","children_json_url":null},"Cualedro":{"cartodb_id":7592,"x_coordinate":204.0816326530612,"y_coordinate":137.6364029283813,"radius":58.598583674990685,"color":"#5AB0E9","children_json_url":null},"Chandrexa_de_Queixa":{"cartodb_id":7623,"x_coordinate":259.1836734693877,"y_coordinate":null,"radius":60.74446680080483,"color":"#5AB0E9","children_json_url":null},"Entrimo":{"cartodb_id":7597,"x_coordinate":100.0,"y_coordinate":113.05686606896471,"radius":55.99353796445881,"color":"#64B7DE","children_json_url":null},"Esgos":{"cartodb_id":7561,"x_coordinate":214.28571428571428,"y_coordinate":141.14776533686938,"radius":59.16981132075472,"color":"#5AB0E9","children_json_url":null},"Xinzo_de_Limia":{"cartodb_id":7616,"x_coordinate":124.48979591836735,"y_coordinate":183.2841142387264,"radius":63.00704225352113,"color":"#64B7DE","children_json_url":null},"Gomesende":{"cartodb_id":7554,"x_coordinate":191.83673469387753,"y_coordinate":113.05686606896471,"radius":52.007648183556405,"color":"#64B7DE","children_json_url":null},"Xunqueira_de_Ambía":{"cartodb_id":7606,"x_coordinate":232.6530612244898,"y_coordinate":-95.50005402652428,"radius":64.98578199052133,"color":"#5AB0E9","children_json_url":null},"Xunqueira_de_Espadanedo":{"cartodb_id":7584,"x_coordinate":214.28571428571428,"y_coordinate":null,"radius":65.35390199637024,"color":"#5AB0E9","children_json_url":null},"Larouco":{"cartodb_id":7624,"x_coordinate":216.32653061224488,"y_coordinate":null,"radius":64.18604651162791,"color":"#5AB0E9","children_json_url":null},"Laza":{"cartodb_id":7598,"x_coordinate":214.28571428571428,"y_coordinate":137.6364029283813,"radius":59.30755395683453,"color":"#5AB0E9","children_json_url":null},"Leiro":{"cartodb_id":7562,"x_coordinate":220.40816326530614,"y_coordinate":158.7045773793098,"radius":58.427869584636,"color":"#5AB0E9","children_json_url":null},"Lobeira":{"cartodb_id":7593,"x_coordinate":200.0,"y_coordinate":109.54550366047663,"radius":59.552845528455286,"color":"#5AB0E9","children_json_url":null},"Lobios":{"cartodb_id":7594,"x_coordinate":165.30612244897958,"y_coordinate":123.59095329442896,"radius":64.16817687567959,"color":"#64B7DE","children_json_url":null},"Maceda":{"cartodb_id":7595,"x_coordinate":132.6530612244898,"y_coordinate":151.68185256233363,"radius":63.16742081447964,"color":"#64B7DE","children_json_url":null},"Manzaneda":{"cartodb_id":7626,"x_coordinate":118.36734693877551,"y_coordinate":127.10231570291702,"radius":66.41162968630451,"color":"#64B7DE","children_json_url":null},"Maside":{"cartodb_id":7563,"x_coordinate":161.22448979591837,"y_coordinate":127.10231570291702,"radius":60.955465587044536,"color":"#64B7DE","children_json_url":null},"Melón":{"cartodb_id":7564,"x_coordinate":148.9795918367347,"y_coordinate":148.17049015384555,"radius":55.669172932330824,"color":"#64B7DE","children_json_url":null},"Montederramo":{"cartodb_id":7627,"x_coordinate":171.42857142857144,"y_coordinate":null,"radius":59.85195154777927,"color":"#64B7DE","children_json_url":null},"Monterrei":{"cartodb_id":7600,"x_coordinate":214.28571428571428,"y_coordinate":176.26138942175024,"radius":63.609756097560975,"color":"#5AB0E9","children_json_url":null},"Muíños":{"cartodb_id":7601,"x_coordinate":197.9591836734694,"y_coordinate":134.12504051989322,"radius":67.06760316066726,"color":"#64B7DE","children_json_url":null},"Nogueira_de_Ramuín":{"cartodb_id":7565,"x_coordinate":224.48979591836735,"y_coordinate":151.68185256233363,"radius":61.51221144195383,"color":"#5AB0E9","children_json_url":null},"Oímbra":{"cartodb_id":7602,"x_coordinate":204.0816326530612,"y_coordinate":134.12504051989322,"radius":60.70126227208976,"color":"#5AB0E9","children_json_url":null},"Ourense":{"cartodb_id":7569,"x_coordinate":151.0204081632653,"y_coordinate":197.32956387267873,"radius":54.19278119753778,"color":"#64B7DE","children_json_url":null},"Paderne_de_Allariz":{"cartodb_id":7570,"x_coordinate":216.32653061224488,"y_coordinate":109.54550366047663,"radius":60.383982446516725,"color":"#5AB0E9","children_json_url":null},"Padrenda":{"cartodb_id":7578,"x_coordinate":189.79591836734693,"y_coordinate":162.21593978779788,"radius":60.882009345794394,"color":"#64B7DE","children_json_url":null},"Petín":{"cartodb_id":7631,"x_coordinate":-102.04081632653062,"y_coordinate":130.61367811140514,"radius":62.43006993006993,"color":"#D94B5F","children_json_url":null},"Piñor":{"cartodb_id":7579,"x_coordinate":173.46938775510205,"y_coordinate":127.10231570291702,"radius":61.706906232453676,"color":"#64B7DE","children_json_url":null},"Pontedeva":{"cartodb_id":7571,"x_coordinate":161.22448979591837,"y_coordinate":null,"radius":60.175879396984925,