{"Allariz":{"cartodb_id":7504,"x_coordinate":101.0705289672544,"y_coordinate":102.52277884350045,"radius":58.97651327095665,"color":"#64B7DE","children_json_url":null},"Amoeiro":{"cartodb_id":7524,"x_coordinate":300.0,"y_coordinate":-95.50005402652428,"radius":61.92118226600985,"color":"#5AB0E9","children_json_url":null},"Avión":{"cartodb_id":7548,"x_coordinate":0,"y_coordinate":-46.3409803076911,"radius":58.44155844155844,"color":"#AAA","children_json_url":null},"Baltar":{"cartodb_id":7585,"x_coordinate":121.85138539042822,"y_coordinate":162.21593978779788,"radius":63.02687411598303,"color":"#64B7DE","children_json_url":null},"Bande":{"cartodb_id":7587,"x_coordinate":0,"y_coordinate":116.56822847745278,"radius":23.13169164882227,"color":"#AAA","children_json_url":null},"Baños_de_Molgas":{"cartodb_id":7588,"x_coordinate":101.51133501259446,"y_coordinate":120.07959088594087,"radius":63.07565789473684,"color":"#64B7DE","children_json_url":null},"Barbadás":{"cartodb_id":7549,"x_coordinate":0,"y_coordinate":148.17049015384555,"radius":60.50970873786408,"color":"#AAA","children_json_url":null},"Beade":{"cartodb_id":7550,"x_coordinate":103.5264483627204,"y_coordinate":null,"radius":71.52804642166345,"color":"#64B7DE","children_json_url":null},"Beariz":{"cartodb_id":7551,"x_coordinate":106.17128463476071,"y_coordinate":-42.829617899203015,"radius":50.486656200941916,"color":"#64B7DE","children_json_url":null},"Boborás":{"cartodb_id":7552,"x_coordinate":-100.25188916876574,"y_coordinate":-99.01141643501236,"radius":52.022955523672884,"color":"#D94B5F","children_json_url":null},"Calvos_de_Randín":{"cartodb_id":7589,"x_coordinate":102.20403022670025,"y_coordinate":106.03414125198853,"radius":63.491379310344826,"color":"#64B7DE","children_json_url":null},"Carballeda_de_Avia":{"cartodb_id":7553,"x_coordinate":104.09319899244332,"y_coordinate":137.6364029283813,"radius":74.53449430676491,"color":"#64B7DE","children_json_url":null},"Cartelle":{"cartodb_id":7555,"x_coordinate":0,"y_coordinate":123.59095329442896,"radius":59.17614929449249,"color":"#AAA","children_json_url":null},"Castrelo_do_Val":{"cartodb_id":7590,"x_coordinate":-100.62972292191436,"y_coordinate":214.88637591511915,"radius":64.1431520991053,"color":"#D94B5F","children_json_url":null},"Castrelo_de_Miño":{"cartodb_id":7556,"x_coordinate":0,"y_coordinate":-67.4091547586196,"radius":80,"color":"#AAA","children_json_url":null},"Castro_Caldelas":{"cartodb_id":7622,"x_coordinate":-100.06297229219143,"y_coordinate":148.17049015384555,"radius":60.087221979938946,"color":"#D94B5F","children_json_url":null},"Celanova":{"cartodb_id":7557,"x_coordinate":0,"y_coordinate":158.7045773793098,"radius":52.91779071418429,"color":"#AAA","children_json_url":null},"Cenlle":{"cartodb_id":7558,"x_coordinate":103.96725440806046,"y_coordinate":-84.96596680106002,"radius":69.61910910264686,"color":"#64B7DE","children_json_url":null},"Coles":{"cartodb_id":7559,"x_coordinate":0,"y_coordinate":148.17049015384555,"radius":64.98034076015728,"color":"#AAA","children_json_url":null},"Cortegada":{"cartodb_id":7560,"x_coordinate":118.01007556675063,"y_coordinate":102.52277884350045,"radius":55.40229885057471,"color":"#64B7DE","children_json_url":null},"Cualedro":{"cartodb_id":7592,"x_coordinate":0,"y_coordinate":137.6364029283813,"radius":58.598583674990685,"color":"#AAA","children_json_url":null},"Chandrexa_de_Queixa":{"cartodb_id":7623,"x_coordinate":104.911838790932,"y_coordinate":null,"radius":60.74446680080483,"color":"#64B7DE","children_json_url":null},"Entrimo":{"cartodb_id":7597,"x_coordinate":100.0,"y_coordinate":113.05686606896471,"radius":55.99353796445881,"color":"#64B7DE","children_json_url":null},"Esgos":{"cartodb_id":7561,"x_coordinate":135.26448362720402,"y_coordinate":141.14776533686938,"radius":80,"color":"#64B7DE","children_json_url":null},"Xinzo_de_Limia":{"cartodb_id":7616,"x_coordinate":0,"y_coordinate":183.2841142387264,"radius":80,"color":"#AAA","children_json_url":null},"Gomesende":{"cartodb_id":7554,"x_coordinate":102.8337531486146,"y_coordinate":113.05686606896471,"radius":52.007648183556405,"color":"#64B7DE","children_json_url":null},"Xunqueira_de_Ambía":{"cartodb_id":7606,"x_coordinate":-100.06297229219143,"y_coordinate":-95.50005402652428,"radius":80,"color":"#D94B5F","children_json_url":null},"Xunqueira_de_Espadanedo":{"cartodb_id":7584,"x_coordinate":103.5264483627204,"y_coordinate":null,"radius":65.35390199637024,"color":"#64B7DE","children_json_url":null},"Larouco":{"cartodb_id":7624,"x_coordinate":103.58942065491183,"y_coordinate":null,"radius":64.18604651162791,"color":"#64B7DE","children_json_url":null},"Laza":{"cartodb_id":7598,"x_coordinate":103.5264483627204,"y_coordinate":137.6364029283813,"radius":59.30755395683453,"color":"#64B7DE","children_json_url":null},"Leiro":{"cartodb_id":7562,"x_coordinate":103.71536523929471,"y_coordinate":158.7045773793098,"radius":58.427869584636,"color":"#64B7DE","children_json_url":null},"Lobeira":{"cartodb_id":7593,"x_coordinate":103.08564231738035,"y_coordinate":109.54550366047663,"radius":59.552845528455286,"color":"#64B7DE","children_json_url":null},"Lobios":{"cartodb_id":7594,"x_coordinate":-100.88161209068011,"y_coordinate":123.59095329442896,"radius":64.16817687567959,"color":"#D94B5F","children_json_url":null},"Maceda":{"cartodb_id":7595,"x_coordinate":0,"y_coordinate":151.68185256233363,"radius":63.16742081447964,"color":"#AAA","children_json_url":null},"Manzaneda":{"cartodb_id":7626,"x_coordinate":100.56675062972292,"y_coordinate":127.10231570291702,"radius":66.41162968630451,"color":"#64B7DE","children_json_url":null},"Maside":{"cartodb_id":7563,"x_coordinate":-101.0705289672544,"y_coordinate":127.10231570291702,"radius":60.955465587044536,"color":"#D94B5F","children_json_url":null},"Melón":{"cartodb_id":7564,"x_coordinate":101.51133501259446,"y_coordinate":148.17049015384555,"radius":55.669172932330824,"color":"#64B7DE","children_json_url":null},"Montederramo":{"cartodb_id":7627,"x_coordinate":102.20403022670025,"y_coordinate":null,"radius":59.85195154777927,"color":"#64B7DE","children_json_url":null},"Monterrei":{"cartodb_id":7600,"x_coordinate":-100.56675062972292,"y_coordinate":176.26138942175024,"radius":63.609756097560975,"color":"#D94B5F","children_json_url":null},"Muíños":{"cartodb_id":7601,"x_coordinate":-101.00755667506297,"y_coordinate":134.12504051989322,"radius":67.06760316066726,"color":"#D94B5F","children_json_url":null},"Nogueira_de_Ramuín":{"cartodb_id":7565,"x_coordinate":0,"y_coordinate":151.68185256233363,"radius":61.51221144195383,"color":"#AAA","children_json_url":null},"Oímbra":{"cartodb_id":7602,"x_coordinate":-100.62972292191436,"y_coordinate":134.12504051989322,"radius":60.70126227208976,"color":"#D94B5F","children_json_url":null},"Ourense":{"cartodb_id":7569,"x_coordinate":0,"y_coordinate":197.32956387267873,"radius":54.19278119753778,"color":"#AAA","children_json_url":null},"Paderne_de_Allariz":{"cartodb_id":7570,"x_coordinate":103.58942065491183,"y_coordinate":109.54550366047663,"radius":60.383982446516725,"color":"#64B7DE","children_json_url":null},"Padrenda":{"cartodb_id":7578,"x_coordinate":-100.25188916876574,"y_coordinate":162.21593978779788,"radius":60.882009345794394,"color":"#D94B5F","children_json_url":null},"Petín":{"cartodb_id":7631,"x_coordinate":-100.06297229219143,"y_coordinate":130.61367811140514,"radius":62.43006993006993,"color":"#D94B5F","children_json_url":null},"Piñor":{"cartodb_id":7579,"x_coordinate":102.26700251889169,"y_coordinate":127.10231570291702,"radius":61.706906232453676,"color":"#64B7DE","children_json_url":null},"Pontedeva":{"cartodb_id":7571,"x_coordinate":101.88916876574308,"y_coordinate":null,"radius":60.175879396984925,"color":"#64B7DE","children_json_url":null},"Punxín":{"cartodb_id":7572,"x_coordinate":101.25944584382871,"y_coordinate":null,"radius":64.78302796528448,"color":"#64B7DE","children_json_url":null},"Quintela_de_Leirado":{"cartodb_id":7573,