{"Allariz":{"cartodb_id":7504,"x_coordinate":100.787728026534,"y_coordinate":-93.0215958189147,"radius":23.875968992248062,"color":"#E88394","children_json_url":null},"Amoeiro":{"cartodb_id":7524,"x_coordinate":100.16583747927031,"y_coordinate":-89.60902181497806,"radius":57.48923959827834,"color":"#E88394","children_json_url":null},"Avión":{"cartodb_id":7548,"x_coordinate":-100.08291873963516,"y_coordinate":-52.070707771675075,"radius":38.160603980782426,"color":"#D94B5F","children_json_url":null},"Baltar":{"cartodb_id":7585,"x_coordinate":101.53399668325042,"y_coordinate":219.28683396457023,"radius":64.74650991917707,"color":"#E88394","children_json_url":null},"Bande":{"cartodb_id":7587,"x_coordinate":0,"y_coordinate":154.44792788977415,"radius":52.15940224159402,"color":"#000000","children_json_url":null},"Baños_de_Molgas":{"cartodb_id":7588,"x_coordinate":101.32669983416253,"y_coordinate":-69.13357779135825,"radius":24.09031697785497,"color":"#E88394","children_json_url":null},"Barbadás":{"cartodb_id":7549,"x_coordinate":0,"y_coordinate":-72.54615179529489,"radius":62.039856075283694,"color":"#000000","children_json_url":null},"Beade":{"cartodb_id":7550,"x_coordinate":101.32669983416253,"y_coordinate":null,"radius":57.639751552795026,"color":"#E88394","children_json_url":null},"Beariz":{"cartodb_id":7551,"x_coordinate":103.35820895522389,"y_coordinate":-17.94496773230871,"radius":66.79785330948121,"color":"#E88394","children_json_url":null},"Boborás":{"cartodb_id":7552,"x_coordinate":-100.08291873963516,"y_coordinate":116.90961384647116,"radius":46.46825396825397,"color":"#D94B5F","children_json_url":null},"Calvos_de_Randín":{"cartodb_id":7589,"x_coordinate":-100.33167495854063,"y_coordinate":-99.84674382678797,"radius":60.92264017033357,"color":"#D94B5F","children_json_url":null},"Carballeda_de_Avia":{"cartodb_id":7553,"x_coordinate":-300.0,"y_coordinate":168.0982239055207,"radius":58.18181818181818,"color":"#D94B5F","children_json_url":null},"Cartelle":{"cartodb_id":7555,"x_coordinate":0,"y_coordinate":130.5599098622177,"radius":58.2137011924246,"color":"#000000","children_json_url":null},"Castrelo_do_Val":{"cartodb_id":7590,"x_coordinate":-101.99004975124379,"y_coordinate":178.3359459173306,"radius":59.331941544885176,"color":"#D94B5F","children_json_url":null},"Castrelo_de_Miño":{"cartodb_id":7556,"x_coordinate":100.66334991708126,"y_coordinate":-99.84674382678797,"radius":55.94383775351014,"color":"#E88394","children_json_url":null},"Castro_Caldelas":{"cartodb_id":7622,"x_coordinate":-112.93532338308458,"y_coordinate":-89.60902181497806,"radius":53.28677433435181,"color":"#D94B5F","children_json_url":null},"Celanova":{"cartodb_id":7557,"x_coordinate":0,"y_coordinate":191.98624193307714,"radius":80,"color":"#000000","children_json_url":null},"Cenlle":{"cartodb_id":7558,"x_coordinate":101.61691542288557,"y_coordinate":-82.78387380710478,"radius":58.78594249201278,"color":"#E88394","children_json_url":null},"Coles":{"cartodb_id":7559,"x_coordinate":-100.87064676616916,"y_coordinate":130.5599098622177,"radius":63.537906137184116,"color":"#D94B5F","children_json_url":null},"Cortegada":{"cartodb_id":7560,"x_coordinate":-100.62189054726367,"y_coordinate":147.62277988190087,"radius":80,"color":"#D94B5F","children_json_url":null},"Cualedro":{"cartodb_id":7592,"x_coordinate":-100.45605306799337,"y_coordinate":198.8113899409504,"radius":59.45572705117791,"color":"#D94B5F","children_json_url":null},"Chandrexa_de_Queixa":{"cartodb_id":7623,"x_coordinate":102.23880597014926,"y_coordinate":null,"radius":73.52850539291217,"color":"#E88394","children_json_url":null},"Entrimo":{"cartodb_id":7597,"x_coordinate":-101.1608623548922,"y_coordinate":110.0844658385979,"radius":23.681541582150103,"color":"#D94B5F","children_json_url":null},"Esgos":{"cartodb_id":7561,"x_coordinate":101.90713101160863,"y_coordinate":171.51079790945732,"radius":55.250463821892396,"color":"#E88394","children_json_url":null},"Xinzo_de_Limia":{"cartodb_id":7616,"x_coordinate":0,"y_coordinate":205.6365379488237,"radius":61.93080724876441,"color":"#000000","children_json_url":null},"Gomesende":{"cartodb_id":7554,"x_coordinate":100.5804311774461,"y_coordinate":106.67189183466124,"radius":47.04128440366972,"color":"#E88394","children_json_url":null},"Xunqueira_de_Ambía":{"cartodb_id":7606,"x_coordinate":101.86567164179104,"y_coordinate":103.25931783072461,"radius":62.728635682158924,"color":"#E88394","children_json_url":null},"Xunqueira_de_Espadanedo":{"cartodb_id":7584,"x_coordinate":101.9485903814262,"y_coordinate":null,"radius":80,"color":"#E88394","children_json_url":null},"Larouco":{"cartodb_id":7624,"x_coordinate":101.78275290215589,"y_coordinate":null,"radius":59.3342981186686,"color":"#E88394","children_json_url":null},"Laza":{"cartodb_id":7598,"x_coordinate":114.59369817578772,"y_coordinate":133.97248386615433,"radius":59.14357682619647,"color":"#E88394","children_json_url":null},"Leiro":{"cartodb_id":7562,"x_coordinate":101.45107794361526,"y_coordinate":151.03535388583754,"radius":55.568231680561645,"color":"#E88394","children_json_url":null},"Lobeira":{"cartodb_id":7593,"x_coordinate":101.07794361525704,"y_coordinate":106.67189183466124,"radius":69.79757085020242,"color":"#E88394","children_json_url":null},"Lobios":{"cartodb_id":7594,"x_coordinate":100.16583747927031,"y_coordinate":144.21020587796426,"radius":62.27491961414791,"color":"#E88394","children_json_url":null},"Maceda":{"cartodb_id":7595,"x_coordinate":0,"y_coordinate":151.03535388583754,"radius":59.97061416397297,"color":"#000000","children_json_url":null},"Manzaneda":{"cartodb_id":7626,"x_coordinate":100.787728026534,"y_coordinate":116.90961384647116,"radius":74.46247464503043,"color":"#E88394","children_json_url":null},"Maside":{"cartodb_id":7563,"x_coordinate":0,"y_coordinate":178.3359459173306,"radius":20.39423805913571,"color":"#000000","children_json_url":null},"Melón":{"cartodb_id":7564,"x_coordinate":101.24378109452736,"y_coordinate":144.21020587796426,"radius":58.197932053175776,"color":"#E88394","children_json_url":null},"Montederramo":{"cartodb_id":7627,"x_coordinate":100.787728026534,"y_coordinate":null,"radius":72.69776876267748,"color":"#E88394","children_json_url":null},"Monterrei":{"cartodb_id":7600,"x_coordinate":-100.08291873963516,"y_coordinate":236.34970398425344,"radius":63.417643429981496,"color":"#D94B5F","children_json_url":null},"Muíños":{"cartodb_id":7601,"x_coordinate":-100.16583747927031,"y_coordinate":106.67189183466124,"radius":63.04761904761905,"color":"#D94B5F","children_json_url":null},"Nogueira_de_Ramuín":{"cartodb_id":7565,"x_coordinate":-100.12437810945273,"y_coordinate":113.49703984253452,"radius":55.81122763726095,"color":"#D94B5F","children_json_url":null},"Oímbra":{"cartodb_id":7602,"x_coordinate":101.9485903814262,"y_coordinate":202.2239639448871,"radius":62.253937007874015,"color":"#E88394","children_json_url":null},"Ourense":{"cartodb_id":7569,"x_coordinate":0,"y_coordinate":164.68564990158404,"radius":57.299397320316785,"color":"#000000","children_json_url":null},"Paderne_de_Allariz":{"cartodb_id":7570,"x_coordinate":100.82918739635157,"y_coordinate":-93.0215958189147,"radius":58.7726787620064,"color":"#E88394","children_json_url":null},"Padrenda":{"cartodb_id":7578,"x_coordinate":-107.25538971807629,"y_coordinate":232.93712998031677,"radius":59.26796507723304,"color":"#D94B5F","children_json_url":null},"Petín":{"cartodb_id":7631,"x_coordinate":-102.98507462686567,"y_coordinate":229.52455597638016,"radius":80,"color":"#D94B5F","children_json_url":null},"Piñor":{"cartodb_id":7579,"x_coordinate":-101.03648424543947,"y_coordinate":-79.37129980316816,"radius":60.30786146234195,"color":"#D94B5F","children_json_url":null},"Pontedeva":{"cartodb_id":7571,"x_coordinate":100.24875621890547,"y_coordinate":null,"radius":65.59718969555036,"color":"#E88394","children_json_url":null},"Punxín":{"cartodb_id":7572,"x_coordinate":-100.49751243781094,"y_coordinate":null,