{"Arbo":{"cartodb_id":7639,"x_coordinate":249.0909090909091,"y_coordinate":"4.1","radius":53.83152173913044,"color":"#5AB0E9","children_json_url":null,"censo_total":4416,"porcentaje_participacion":56.3858695652174,"partido_1":["PP","#64B7DE",68.0],"partido_2":["BNG","#AAAAAA",27.0],"partido_3":["PSOE","#E08394",3.0]},"Barro":{"cartodb_id":7668,"x_coordinate":198.1818181818182,"y_coordinate":"4.0","radius":61.39317983095307,"color":"#64B7DE","children_json_url":null,"censo_total":3431,"porcentaje_participacion":68.98863305158845,"partido_1":["PP","#64B7DE",59.0],"partido_2":["BNG","#AAAAAA",32.0],"partido_3":["PSOE","#E08394",7.0]},"Baiona":{"cartodb_id":7667,"x_coordinate":169.0909090909091,"y_coordinate":"3.8","radius":63.99293286219081,"color":"#64B7DE","children_json_url":null,"censo_total":8490,"porcentaje_participacion":73.32155477031802,"partido_1":["PP","#64B7DE",40.0],"partido_2":["VIB","#AAAAAA",21.0],"partido_3":["PSOE","#E08394",12.0]},"Bueu":{"cartodb_id":7670,"x_coordinate":169.0909090909091,"y_coordinate":"3.9","radius":57.795362532204635,"color":"#64B7DE","children_json_url":null,"censo_total":10868,"porcentaje_participacion":62.99227088700773,"partido_1":["PP","#64B7DE",51.0],"partido_2":["BNG","#AAAAAA",32.0],"partido_3":["PSOE","#E08394",14.0]},"Cambados":{"cartodb_id":7669,"x_coordinate":212.72727272727275,"y_coordinate":"5.9","radius":60.81728353709596,"color":"#5AB0E9","children_json_url":null,"censo_total":11942,"porcentaje_participacion":68.02880589515993,"partido_1":["PP","#64B7DE",59.0],"partido_2":["BNG","#AAAAAA",28.0],"partido_3":["PSOE","#E08394",11.0]},"Campo_Lameiro":{"cartodb_id":7657,"x_coordinate":212.72727272727275,"y_coordinate":"4.6","radius":68.15065185900531,"color":"#5AB0E9","children_json_url":null,"censo_total":2071,"porcentaje_participacion":80.25108643167552,"partido_1":["PP","#64B7DE",59.0],"partido_2":["PSOE","#E08394",28.0],"partido_3":["BNG","#AAAAAA",10.0]},"Catoira":{"cartodb_id":7666,"x_coordinate":-223.63636363636363,"y_coordinate":"8.3","radius":65.82302568981922,"color":"#D8282A","children_json_url":null,"censo_total":3153,"porcentaje_participacion":76.37170948303203,"partido_1":["PSOE","#D94B5F",57.0],"partido_2":["PP","#90D7F4",23.0],"partido_3":["BNG","#AAAAAA",17.0]},"Cerdedo":{"cartodb_id":7704,"x_coordinate":292.72727272727275,"y_coordinate":"1.7","radius":56.33427533306419,"color":"#5AB0E9","children_json_url":null,"censo_total":2477,"porcentaje_participacion":60.557125555106985,"partido_1":["PP","#5AB0E9",70.0],"partido_2":["BNG","#AAAAAA",17.0],"partido_3":["PSOE","#E08394",11.0]},"Cotobade":{"cartodb_id":7659,"x_coordinate":169.0909090909091,"y_coordinate":"3.6","radius":61.61035808213636,"color":"#64B7DE","children_json_url":null,"censo_total":4943,"porcentaje_participacion":69.35059680356059,"partido_1":["PP","#64B7DE",50.0],"partido_2":["PSOE","#D94B5F",31.0],"partido_3":["BNG","#AAAAAA",17.0]},"Covelo":{"cartodb_id":7660,"x_coordinate":289.0909090909091,"y_coordinate":"2.4","radius":53.56525799673127,"color":"#5AB0E9","children_json_url":null,"censo_total":4283,"porcentaje_participacion":55.94209666121878,"partido_1":["PP","#64B7DE",69.0],"partido_2":["BNG","#AAAAAA",17.0],"partido_3":["AGL","#AAAAAA",9.0]},"Cuntis":{"cartodb_id":7705,"x_coordinate":-172.72727272727275,"y_coordinate":"4.2","radius":58.279832519190506,"color":"#D94B5F","children_json_url":null,"censo_total":5732,"porcentaje_participacion":63.79972086531751,"partido_1":["PSOE","#D94B5F",47.0],"partido_2":["PP","#90D7F4",27.0],"partido_3":["BNG","#AAAAAA",15.0]},"Dozón":{"cartodb_id":7706,"x_coordinate":230.9090909090909,"y_coordinate":"1.8","radius":59.216965742251226,"color":"#5AB0E9","children_json_url":null,"censo_total":1839,"porcentaje_participacion":65.36160957041871,"partido_1":["PP","#64B7DE",60.0],"partido_2":["PSOE","#E08394",24.0],"partido_3":["BNG","#AAAAAA",14.0]},"Forcarei":{"cartodb_id":7711,"x_coordinate":274.5454545454545,"y_coordinate":"2.5","radius":54.622030237580994,"color":"#5AB0E9","children_json_url":null,"censo_total":5556,"porcentaje_participacion":57.70338372930166,"partido_1":["PP","#64B7DE",66.0],"partido_2":["PSOE","#E08394",18.0],"partido_3":["BNG","#AAAAAA",13.0]},"Fornelos_de_Montes":{"cartodb_id":7661,"x_coordinate":-300.0,"y_coordinate":"5.0","radius":55.57683935568132,"color":"#D8282A","children_json_url":null,"censo_total":2297,"porcentaje_participacion":59.29473225946887,"partido_1":["PSOE","#D8282A",72.0],"partido_2":["PP","#90D7F4",17.0],"partido_3":["BNG","#AAAAAA",9.0]},"Gondomar":{"cartodb_id":7673,"x_coordinate":201.8181818181818,"y_coordinate":"4.1","radius":58.71714758316486,"color":"#5AB0E9","children_json_url":null,"censo_total":10882,"porcentaje_participacion":64.52857930527477,"partido_1":["PP","#64B7DE",50.0],"partido_2":["PSOE","#E08394",22.0],"partido_3":["BNG","#AAAAAA",20.0]},"O_Grove":{"cartodb_id":7689,"x_coordinate":121.81818181818181,"y_coordinate":"6.4","radius":58.91210752913997,"color":"#64B7DE","children_json_url":null,"censo_total":9523,"porcentaje_participacion":64.85351254856663,"partido_1":["PP","#90D7F4",26.0],"partido_2":["PSOE","#E08394",20.0],"partido_3":["BNG","#AAAAAA",17.0]},"Lalín":{"cartodb_id":7712,"x_coordinate":292.72727272727275,"y_coordinate":"3.2","radius":58.503366397697484,"color":"#5AB0E9","children_json_url":null,"censo_total":19457,"porcentaje_participacion":64.17227732949581,"partido_1":["PP","#64B7DE",68.0],"partido_2":["PSOE","#E08394",15.0],"partido_3":["BNG","#AAAAAA",14.0]},"Marín":{"cartodb_id":7675,"x_coordinate":-103.63636363636364,"y_coordinate":"4.2","radius":53.56481265999535,"color":"#D94B5F","children_json_url":null,"censo_total":21485,"porcentaje_participacion":55.94135443332557,"partido_1":["PSOE","#D94B5F",34.0],"partido_2":["PP","#64B7DE",33.0],"partido_3":["BNG","#AAAAAA",25.0]},"Meaño":{"cartodb_id":7676,"x_coordinate":0,"y_coordinate":"4.5","radius":68.84291884519209,"color":"#AAA","children_json_url":null,"censo_total":4399,"porcentaje_participacion":81.40486474198681,"partido_1":["IM","#AAAAAA",66.0],"partido_2":["PP","#90D7F4",23.0],"partido_3":["BNG","#AAAAAA",5.0]},"Meis":{"cartodb_id":7677,"x_coordinate":234.54545454545453,"y_coordinate":"4.8","radius":66.89739215208385,"color":"#5AB0E9","children_json_url":null,"censo_total":4103,"porcentaje_participacion":78.16232025347307,"partido_1":["PP","#64B7DE",53.0],"partido_2":["IAM","#AAAAAA",16.0],"partido_3":["BNG","#AAAAAA",15.0]},"Moaña":{"cartodb_id":7682,"x_coordinate":198.1818181818182,"y_coordinate":"5.8","radius":55.97277147487844,"color":"#64B7DE","children_json_url":null,"censo_total":15425,"porcentaje_participacion":59.954619124797404,"partido_1":["PP","#64B7DE",52.0],"partido_2":["BNG","#AAAAAA",25.0],"partido_3":["PSOE","#E08394",12.0]},"Mondariz":{"cartodb_id":7643,"x_coordinate":187.27272727272725,"y_coordinate":"4.3","radius":58.11801675977654,"color":"#64B7DE","children_json_url":null,"censo_total":5728,"porcentaje_participacion":63.5300279329609,"partido_1":["PP","#64B7DE",50.0],"partido_2":["PSOE","#E08394",26.0],"partido_3":["BNG","#AAAAAA",22.0]},"Mondariz-Balneario":{"cartodb_id":7644,"x_coordinate":241.8181818181818,"y_coordinate":null,"radius":69.93485342019545,"color":"#5AB0E9","children_json_url":null,"censo_total":614,"porcentaje_participacion":83.22475570032573,"partido_1":["PP","#64B7DE",63.0],"partido_2":["BNG","#AAAAAA",24.0],"partido_3":["PSOE","#E08394",9.0]},"Moraña":{"cartodb_id":7683,"x_coordinate":-118.18181818181819,"y_coordinate":"5.4","radius":61.90718078965597,"color":"#D94B5F","children_json_url":null,"censo_total":4331,"porcentaje_participacion":69.84530131609328,"partido_1":["PSOE","#D94B5F",47.0],"partido_2":["PP","#64B7DE",42.0],"partido_3":["BNG","#AAAAAA",9.0]},"Mos":{"cartodb_id":7684,"x_coordinate":161.8181818181818,"y_coordinate":"5.3","radius":62.394067796610166,"color":"#64B7DE","children_json_url":null,"censo_total":11328,"porcentaje_participacion":70.65677966101694,"partido_1":["PP","#64B7DE",47.0],