{"Arbo":{"cartodb_id":7639,"x_coordinate":0,"y_coordinate":144.0474299798504,"radius":59.375,"color":"#000000","children_json_url":null},"Barro":{"cartodb_id":7668,"x_coordinate":0,"y_coordinate":123.67193574520626,"radius":24.092086330935253,"color":"#000000","children_json_url":null},"Baiona":{"cartodb_id":7667,"x_coordinate":0,"y_coordinate":144.0474299798504,"radius":61.31056475671227,"color":"#000000","children_json_url":null},"Bueu":{"cartodb_id":7670,"x_coordinate":-102.64900662251655,"y_coordinate":135.89723228599274,"radius":60.05677135793426,"color":"#D94B5F","children_json_url":null},"Cambados":{"cartodb_id":7669,"x_coordinate":0,"y_coordinate":176.64822075528105,"radius":63.4091464905845,"color":"#000000","children_json_url":null},"Campo_Lameiro":{"cartodb_id":7657,"x_coordinate":-114.56953642384106,"y_coordinate":135.89723228599274,"radius":56.204975863349425,"color":"#D94B5F","children_json_url":null},"Catoira":{"cartodb_id":7666,"x_coordinate":0,"y_coordinate":250.0,"radius":69.07049282595133,"color":"#000000","children_json_url":null},"Cerdedo":{"cartodb_id":7704,"x_coordinate":167.5496688741722,"y_coordinate":-54.39525534741616,"radius":57.81112091791703,"color":"#E88394","children_json_url":null},"Cotobade":{"cartodb_id":7659,"x_coordinate":110.59602649006622,"y_coordinate":131.82213343906392,"radius":61.20689655172414,"color":"#E88394","children_json_url":null},"Covelo":{"cartodb_id":7660,"x_coordinate":0,"y_coordinate":119.59683689827745,"radius":62.20448265274793,"color":"#000000","children_json_url":null},"Cuntis":{"cartodb_id":7705,"x_coordinate":0,"y_coordinate":192.94861614299637,"radius":57.900432900432904,"color":"#000000","children_json_url":null},"Dozón":{"cartodb_id":7706,"x_coordinate":152.98013245033113,"y_coordinate":-21.794464571985515,"radius":80,"color":"#E88394","children_json_url":null},"Forcarei":{"cartodb_id":7711,"x_coordinate":-114.56953642384106,"y_coordinate":-74.7707495820603,"radius":53.76160145586898,"color":"#D94B5F","children_json_url":null},"Fornelos_de_Montes":{"cartodb_id":7661,"x_coordinate":-163.57615894039736,"y_coordinate":225.549406918427,"radius":57.10027100271003,"color":"#D94B5F","children_json_url":null},"Gondomar":{"cartodb_id":7673,"x_coordinate":100.0,"y_coordinate":160.34782536756575,"radius":58.707449432659104,"color":"#E88394","children_json_url":null},"O_Grove":{"cartodb_id":7689,"x_coordinate":0,"y_coordinate":172.57312190835222,"radius":24.10719662752183,"color":"#000000","children_json_url":null},"Lalín":{"cartodb_id":7712,"x_coordinate":100.0,"y_coordinate":-95.14624381670446,"radius":62.73950656840756,"color":"#E88394","children_json_url":null},"Marín":{"cartodb_id":7675,"x_coordinate":-100.0,"y_coordinate":152.19762767370807,"radius":55.750137892995035,"color":"#D94B5F","children_json_url":null},"Meaño":{"cartodb_id":7676,"x_coordinate":0,"y_coordinate":119.59683689827745,"radius":80,"color":"#000000","children_json_url":null},"Meis":{"cartodb_id":7677,"x_coordinate":0,"y_coordinate":152.19762767370807,"radius":68.7810650887574,"color":"#000000","children_json_url":null},"Moaña":{"cartodb_id":7682,"x_coordinate":0,"y_coordinate":241.84980230614232,"radius":24.141040896849752,"color":"#000000","children_json_url":null},"Mondariz":{"cartodb_id":7643,"x_coordinate":-107.94701986754967,"y_coordinate":152.19762767370807,"radius":67.65480895915678,"color":"#D94B5F","children_json_url":null},"Mondariz-Balneario":{"cartodb_id":7644,"x_coordinate":138.41059602649005,"y_coordinate":null,"radius":71.10764430577223,"color":"#E88394","children_json_url":null},"Moraña":{"cartodb_id":7683,"x_coordinate":0,"y_coordinate":164.42292421449457,"radius":60.49833147942158,"color":"#000000","children_json_url":null},"Mos":{"cartodb_id":7684,"x_coordinate":0,"y_coordinate":221.47430807149817,"radius":64.22575976845152,"color":"#000000","children_json_url":null},"As_Neves":{"cartodb_id":7641,"x_coordinate":-103.97350993377484,"y_coordinate":205.17391268378285,"radius":65.33026113671275,"color":"#D94B5F","children_json_url":null},"Nigrán":{"cartodb_id":7688,"x_coordinate":0,"y_coordinate":135.89723228599274,"radius":60.65076520060664,"color":"#000000","children_json_url":null},"Oia":{"cartodb_id":7647,"x_coordinate":107.94701986754967,"y_coordinate":172.57312190835222,"radius":67.85662563359884,"color":"#E88394","children_json_url":null},"Pazos_de_Borbén":{"cartodb_id":7662,"x_coordinate":106.62251655629139,"y_coordinate":241.84980230614232,"radius":63.523841731484616,"color":"#E88394","children_json_url":null},"Pontevedra":{"cartodb_id":7695,"x_coordinate":0,"y_coordinate":172.57312190835222,"radius":57.950383933845245,"color":"#000000","children_json_url":null},"Portas":{"cartodb_id":7678,"x_coordinate":-102.64900662251655,"y_coordinate":168.4980230614234,"radius":64.38408085912823,"color":"#D94B5F","children_json_url":null},"Poio":{"cartodb_id":7693,"x_coordinate":-105.29801324503312,"y_coordinate":131.82213343906392,"radius":59.42977004350528,"color":"#D94B5F","children_json_url":null},"Redondela":{"cartodb_id":7696,"x_coordinate":0,"y_coordinate":172.57312190835222,"radius":24.0263644773358,"color":"#000000","children_json_url":null},"Ribadumia":{"cartodb_id":7697,"x_coordinate":0,"y_coordinate":156.2727265206369,"radius":68.17214939401434,"color":"#000000","children_json_url":null},"Rodeiro":{"cartodb_id":7713,"x_coordinate":-106.62251655629139,"y_coordinate":-70.69565073513147,"radius":68.4524886877828,"color":"#D94B5F","children_json_url":null},"Salceda_de_Caselas":{"cartodb_id":7651,"x_coordinate":-115.89403973509934,"y_coordinate":221.47430807149817,"radius":69.90825688073394,"color":"#D94B5F","children_json_url":null},"Salvaterra_de_Miño":{"cartodb_id":7652,"x_coordinate":0,"y_coordinate":250.0,"radius":58.896001932600555,"color":"#000000","children_json_url":null},"Sanxenxo":{"cartodb_id":7700,"x_coordinate":100.0,"y_coordinate":119.59683689827745,"radius":63.50212543813856,"color":"#E88394","children_json_url":null},"Silleda":{"cartodb_id":7715,"x_coordinate":0,"y_coordinate":-58.470354194344985,"radius":63.798882681564244,"color":"#000000","children_json_url":null},"Soutomaior":{"cartodb_id":7685,"x_coordinate":-270.8609271523179,"y_coordinate":209.2490115307117,"radius":65.58786346396965,"color":"#D94B5F","children_json_url":null},"Tomiño":{"cartodb_id":7653,"x_coordinate":100.0,"y_coordinate":192.94861614299637,"radius":68.93621575342466,"color":"#E88394","children_json_url":null},"Tui":{"cartodb_id":7654,"x_coordinate":100.0,"y_coordinate":209.2490115307117,"radius":62.48772504091653,"color":"#E88394","children_json_url":null},"Valga":{"cartodb_id":7686,"x_coordinate":0,"y_coordinate":213.32411037764052,"radius":63.03121852970796,"color":"#000000","children_json_url":null},"Vigo":{"cartodb_id":7687,"x_coordinate":0,"y_coordinate":229.62450576535585,"radius":58.31463813819808,"color":"#000000","children_json_url":null},"Vilaboa":{"cartodb_id":7702,"x_coordinate":121.19205298013244,"y_coordinate":160.34782536756575,"radius":65.25522041763341,"color":"#E88394","children_json_url":null},"Vila_de_Cruces":{"cartodb_id":7716,"x_coordinate":0,"y_coordinate":-70.69565073513147,"radius":65.68569949974125,"color":"#000000","children_json_url":null},"Vilanova_de_Arousa":{"cartodb_id":7708,"x_coordinate":0,"y_coordinate":205.17391268378285,"radius":62.459368291934986,"color":"#000000","children_json_url":null}}