{"Arbo":{"cartodb_id":7639,"x_coordinate":0,"y_coordinate":142.71948890383572,"radius":56.142759094028825,"color":"#000000","children_json_url":null},"Barro":{"cartodb_id":7668,"x_coordinate":0,"y_coordinate":121.26338668460286,"radius":24.801641586867305,"color":"#000000","children_json_url":null},"Baiona":{"cartodb_id":7667,"x_coordinate":0,"y_coordinate":121.26338668460286,"radius":64.23326133909288,"color":"#000000","children_json_url":null},"Bueu":{"cartodb_id":7670,"x_coordinate":-106.14035087719299,"y_coordinate":129.84582757229597,"radius":61.91740700966514,"color":"#D94B5F","children_json_url":null},"Cambados":{"cartodb_id":7669,"x_coordinate":0,"y_coordinate":168.4668115669151,"radius":62.76128219264393,"color":"#000000","children_json_url":null},"Campo_Lameiro":{"cartodb_id":7657,"x_coordinate":0,"y_coordinate":189.922913786148,"radius":52.99443413729128,"color":"#000000","children_json_url":null},"Catoira":{"cartodb_id":7666,"x_coordinate":110.52631578947368,"y_coordinate":172.75803201076167,"radius":80,"color":"#E88394","children_json_url":null},"Cerdedo":{"cartodb_id":7704,"x_coordinate":-103.50877192982456,"y_coordinate":-48.312639139211136,"radius":49.52899711630887,"color":"#D94B5F","children_json_url":null},"Cotobade":{"cartodb_id":7659,"x_coordinate":0,"y_coordinate":108.38972535306311,"radius":58.10375670840787,"color":"#000000","children_json_url":null},"Covelo":{"cartodb_id":7660,"x_coordinate":0,"y_coordinate":-65.47752091459742,"radius":52.70319397559076,"color":"#000000","children_json_url":null},"Cuntis":{"cartodb_id":7705,"x_coordinate":0,"y_coordinate":138.4282684599891,"radius":58.306936100491534,"color":"#000000","children_json_url":null},"Dozón":{"cartodb_id":7706,"x_coordinate":135.96491228070175,"y_coordinate":7.4732266307942865,"radius":54.87577639751553,"color":"#E88394","children_json_url":null},"Forcarei":{"cartodb_id":7711,"x_coordinate":0,"y_coordinate":-22.565316476131713,"radius":52.553879310344826,"color":"#000000","children_json_url":null},"Fornelos_de_Montes":{"cartodb_id":7661,"x_coordinate":-144.73684210526315,"y_coordinate":250.0,"radius":56.147540983606554,"color":"#D94B5F","children_json_url":null},"Gondomar":{"cartodb_id":7673,"x_coordinate":0,"y_coordinate":147.01070934768228,"radius":57.38265828337477,"color":"#000000","children_json_url":null},"O_Grove":{"cartodb_id":7689,"x_coordinate":0,"y_coordinate":164.17559112306856,"radius":59.74683544303797,"color":"#000000","children_json_url":null},"Lalín":{"cartodb_id":7712,"x_coordinate":0,"y_coordinate":-74.05996180229056,"radius":58.52246763137852,"color":"#000000","children_json_url":null},"Marín":{"cartodb_id":7675,"x_coordinate":0,"y_coordinate":138.4282684599891,"radius":56.24440271558573,"color":"#000000","children_json_url":null},"Meaño":{"cartodb_id":7676,"x_coordinate":-101.75438596491227,"y_coordinate":104.09850490921656,"radius":60.28779667351897,"color":"#D94B5F","children_json_url":null},"Meis":{"cartodb_id":7677,"x_coordinate":-108.7719298245614,"y_coordinate":112.68094579690971,"radius":59.84706557063659,"color":"#D94B5F","children_json_url":null},"Moaña":{"cartodb_id":7682,"x_coordinate":0,"y_coordinate":211.37901600538083,"radius":58.517218422804575,"color":"#000000","children_json_url":null},"Mondariz":{"cartodb_id":7643,"x_coordinate":0,"y_coordinate":125.55460712844942,"radius":67.08976309497936,"color":"#000000","children_json_url":null},"Mondariz-Balneario":{"cartodb_id":7644,"x_coordinate":137.71929824561403,"y_coordinate":null,"radius":67.96324655436447,"color":"#E88394","children_json_url":null},"Moraña":{"cartodb_id":7683,"x_coordinate":0,"y_coordinate":168.4668115669151,"radius":60.09138381201044,"color":"#000000","children_json_url":null},"Mos":{"cartodb_id":7684,"x_coordinate":0,"y_coordinate":198.5053546738411,"radius":63.87202241943017,"color":"#000000","children_json_url":null},"As_Neves":{"cartodb_id":7641,"x_coordinate":0,"y_coordinate":219.961456893074,"radius":55.19951632406288,"color":"#000000","children_json_url":null},"Nigrán":{"cartodb_id":7688,"x_coordinate":-100.0,"y_coordinate":108.38972535306311,"radius":58.27332559039876,"color":"#D94B5F","children_json_url":null},"Oia":{"cartodb_id":7647,"x_coordinate":-121.9298245614035,"y_coordinate":147.01070934768228,"radius":80,"color":"#D94B5F","children_json_url":null},"Pazos_de_Borbén":{"cartodb_id":7662,"x_coordinate":0,"y_coordinate":232.8351182246137,"radius":69.41700705532863,"color":"#000000","children_json_url":null},"Pontevedra":{"cartodb_id":7695,"x_coordinate":0,"y_coordinate":159.88437067922197,"radius":56.29930632516521,"color":"#000000","children_json_url":null},"Portas":{"cartodb_id":7678,"x_coordinate":0,"y_coordinate":121.26338668460286,"radius":61.56152404747033,"color":"#000000","children_json_url":null},"Poio":{"cartodb_id":7693,"x_coordinate":0,"y_coordinate":138.4282684599891,"radius":57.01852649719948,"color":"#000000","children_json_url":null},"Redondela":{"cartodb_id":7696,"x_coordinate":0,"y_coordinate":164.17559112306856,"radius":55.98772448283701,"color":"#000000","children_json_url":null},"Ribadumia":{"cartodb_id":7697,"x_coordinate":0,"y_coordinate":134.13704801614256,"radius":67.30512249443207,"color":"#000000","children_json_url":null},"Rodeiro":{"cartodb_id":7713,"x_coordinate":102.63157894736842,"y_coordinate":-35.43897780767141,"radius":57.27878211227402,"color":"#E88394","children_json_url":null},"Salceda_de_Caselas":{"cartodb_id":7651,"x_coordinate":-114.03508771929825,"y_coordinate":177.04925245460828,"radius":24.319440396385893,"color":"#D94B5F","children_json_url":null},"Salvaterra_de_Miño":{"cartodb_id":7652,"x_coordinate":100.0,"y_coordinate":211.37901600538083,"radius":80,"color":"#E88394","children_json_url":null},"Sanxenxo":{"cartodb_id":7700,"x_coordinate":0,"y_coordinate":-91.22484357767685,"radius":57.42688606022974,"color":"#000000","children_json_url":null},"Silleda":{"cartodb_id":7715,"x_coordinate":0,"y_coordinate":-39.73019825151799,"radius":63.46387575962188,"color":"#000000","children_json_url":null},"Soutomaior":{"cartodb_id":7685,"x_coordinate":0,"y_coordinate":232.8351182246137,"radius":63.29242967717576,"color":"#000000","children_json_url":null},"Tomiño":{"cartodb_id":7653,"x_coordinate":0,"y_coordinate":215.6702364492274,"radius":62.7756072702565,"color":"#000000","children_json_url":null},"Tui":{"cartodb_id":7654,"x_coordinate":0,"y_coordinate":215.6702364492274,"radius":61.494003572339885,"color":"#000000","children_json_url":null},"Valga":{"cartodb_id":7686,"x_coordinate":-102.63157894736842,"y_coordinate":189.922913786148,"radius":59.74239252938335,"color":"#D94B5F","children_json_url":null},"Vigo":{"cartodb_id":7687,"x_coordinate":0,"y_coordinate":189.922913786148,"radius":23.642950331746746,"color":"#000000","children_json_url":null},"Vilaboa":{"cartodb_id":7702,"x_coordinate":300.0,"y_coordinate":134.13704801614256,"radius":80,"color":"#E88394","children_json_url":null},"Vila_de_Cruces":{"cartodb_id":7716,"x_coordinate":0,"y_coordinate":-48.312639139211136,"radius":60.17818022491602,"color":"#000000","children_json_url":null},"Vilanova_de_Arousa":{"cartodb_id":7708,"x_coordinate":100.0,"y_coordinate":168.4668115669151,"radius":61.00754147812972,"color":"#E88394","children_json_url":null}}