{"Arbo":{"cartodb_id":7639,"x_coordinate":0,"y_coordinate":123.28650555827313,"radius":23.383152173913043,"color":"#AAA","children_json_url":null},"Barro":{"cartodb_id":7668,"x_coordinate":0,"y_coordinate":120.2695175953749,"radius":61.39317983095307,"color":"#AAA","children_json_url":null},"Baiona":{"cartodb_id":7667,"x_coordinate":-100.0,"y_coordinate":114.23554166957837,"radius":80,"color":"#D94B5F","children_json_url":null},"Bueu":{"cartodb_id":7670,"x_coordinate":-116.67625071880391,"y_coordinate":117.25252963247662,"radius":57.795362532204635,"color":"#D94B5F","children_json_url":null},"Cambados":{"cartodb_id":7669,"x_coordinate":-101.26509488211616,"y_coordinate":177.5922888904418,"radius":60.81728353709596,"color":"#D94B5F","children_json_url":null},"Campo_Lameiro":{"cartodb_id":7657,"x_coordinate":103.56526739505463,"y_coordinate":138.3714453727644,"radius":68.15065185900531,"color":"#64B7DE","children_json_url":null},"Catoira":{"cartodb_id":7666,"x_coordinate":100.69005175388155,"y_coordinate":250.0,"radius":65.82302568981922,"color":"#64B7DE","children_json_url":null},"Cerdedo":{"cartodb_id":7704,"x_coordinate":0,"y_coordinate":-50.878794448714956,"radius":20.36334275333064,"color":"#AAA","children_json_url":null},"Cotobade":{"cartodb_id":7659,"x_coordinate":0,"y_coordinate":108.20156574378186,"radius":61.61035808213636,"color":"#AAA","children_json_url":null},"Covelo":{"cartodb_id":7660,"x_coordinate":0,"y_coordinate":-71.99771018900276,"radius":53.56525799673127,"color":"#AAA","children_json_url":null},"Cuntis":{"cartodb_id":7705,"x_coordinate":0,"y_coordinate":126.30349352117142,"radius":58.279832519190506,"color":"#AAA","children_json_url":null},"Dozón":{"cartodb_id":7706,"x_coordinate":104.14031052328924,"y_coordinate":-53.89578241161321,"radius":59.216965742251226,"color":"#64B7DE","children_json_url":null},"Forcarei":{"cartodb_id":7711,"x_coordinate":-100.57504312823461,"y_coordinate":-75.01469815190102,"radius":54.622030237580994,"color":"#D94B5F","children_json_url":null},"Fornelos_de_Montes":{"cartodb_id":7661,"x_coordinate":-106.3254744105808,"y_coordinate":150.43939722435746,"radius":55.57683935568132,"color":"#D94B5F","children_json_url":null},"Gondomar":{"cartodb_id":7673,"x_coordinate":0,"y_coordinate":123.28650555827313,"radius":58.71714758316486,"color":"#AAA","children_json_url":null},"O_Grove":{"cartodb_id":7689,"x_coordinate":0,"y_coordinate":192.6772287049331,"radius":58.91210752913997,"color":"#AAA","children_json_url":null},"Lalín":{"cartodb_id":7712,"x_coordinate":100.0,"y_coordinate":-96.13361389218883,"radius":58.503366397697484,"color":"#64B7DE","children_json_url":null},"Marín":{"cartodb_id":7675,"x_coordinate":0,"y_coordinate":126.30349352117142,"radius":53.56481265999535,"color":"#AAA","children_json_url":null},"Meaño":{"cartodb_id":7676,"x_coordinate":102.07015526164463,"y_coordinate":135.35445740986617,"radius":68.84291884519209,"color":"#64B7DE","children_json_url":null},"Meis":{"cartodb_id":7677,"x_coordinate":0,"y_coordinate":144.40542129856095,"radius":66.89739215208385,"color":"#AAA","children_json_url":null},"Moaña":{"cartodb_id":7682,"x_coordinate":0,"y_coordinate":174.57530092754354,"radius":55.97277147487844,"color":"#AAA","children_json_url":null},"Mondariz":{"cartodb_id":7643,"x_coordinate":-100.46003450258769,"y_coordinate":129.32048148406966,"radius":58.11801675977654,"color":"#D94B5F","children_json_url":null},"Mondariz-Balneario":{"cartodb_id":7644,"x_coordinate":104.48533640023001,"y_coordinate":null,"radius":69.93485342019545,"color":"#64B7DE","children_json_url":null},"Moraña":{"cartodb_id":7683,"x_coordinate":0,"y_coordinate":162.50734907595051,"radius":61.90718078965597,"color":"#AAA","children_json_url":null},"Mos":{"cartodb_id":7684,"x_coordinate":0,"y_coordinate":159.49036111305224,"radius":62.394067796610166,"color":"#AAA","children_json_url":null},"As_Neves":{"cartodb_id":7641,"x_coordinate":-102.18516388729155,"y_coordinate":168.541325001747,"radius":57.23083197389886,"color":"#D94B5F","children_json_url":null},"Nigrán":{"cartodb_id":7688,"x_coordinate":0,"y_coordinate":105.1845777808836,"radius":80,"color":"#AAA","children_json_url":null},"Oia":{"cartodb_id":7647,"x_coordinate":101.49511213341,"y_coordinate":120.2695175953749,"radius":64.43701226309922,"color":"#64B7DE","children_json_url":null},"Pazos_de_Borbén":{"cartodb_id":7662,"x_coordinate":103.9102932719954,"y_coordinate":162.50734907595051,"radius":65.39346525540728,"color":"#64B7DE","children_json_url":null},"Pontevedra":{"cartodb_id":7695,"x_coordinate":0,"y_coordinate":147.42240926145922,"radius":57.05455944594075,"color":"#AAA","children_json_url":null},"Portas":{"cartodb_id":7678,"x_coordinate":0,"y_coordinate":132.33746944696793,"radius":63.83499838865614,"color":"#AAA","children_json_url":null},"Poio":{"cartodb_id":7693,"x_coordinate":0,"y_coordinate":129.32048148406966,"radius":80,"color":"#AAA","children_json_url":null},"Redondela":{"cartodb_id":7696,"x_coordinate":0,"y_coordinate":144.40542129856095,"radius":23.72382614213198,"color":"#AAA","children_json_url":null},"Ribadumia":{"cartodb_id":7697,"x_coordinate":0,"y_coordinate":183.6262648162383,"radius":62.84862043251305,"color":"#AAA","children_json_url":null},"Rodeiro":{"cartodb_id":7713,"x_coordinate":0,"y_coordinate":-53.89578241161321,"radius":64.16089504528503,"color":"#AAA","children_json_url":null},"Salceda_de_Caselas":{"cartodb_id":7651,"x_coordinate":-100.46003450258769,"y_coordinate":159.49036111305224,"radius":61.20249776984835,"color":"#D94B5F","children_json_url":null},"Salvaterra_de_Miño":{"cartodb_id":7652,"x_coordinate":0,"y_coordinate":177.5922888904418,"radius":58.55715871254162,"color":"#AAA","children_json_url":null},"Sanxenxo":{"cartodb_id":7700,"x_coordinate":0,"y_coordinate":123.28650555827313,"radius":62.258488668883906,"color":"#AAA","children_json_url":null},"Silleda":{"cartodb_id":7715,"x_coordinate":0,"y_coordinate":-81.04867407769754,"radius":23.639374805920713,"color":"#AAA","children_json_url":null},"Soutomaior":{"cartodb_id":7685,"x_coordinate":0,"y_coordinate":156.47337315015398,"radius":63.55257464301168,"color":"#AAA","children_json_url":null},"Tomiño":{"cartodb_id":7653,"x_coordinate":-100.69005175388155,"y_coordinate":159.49036111305224,"radius":66.97701282199375,"color":"#D94B5F","children_json_url":null},"Tui":{"cartodb_id":7654,"x_coordinate":-100.92006900517539,"y_coordinate":159.49036111305224,"radius":62.817640385706184,"color":"#D94B5F","children_json_url":null},"Valga":{"cartodb_id":7686,"x_coordinate":0,"y_coordinate":210.7791564823226,"radius":63.96393331064988,"color":"#AAA","children_json_url":null},"Vigo":{"cartodb_id":7687,"x_coordinate":0,"y_coordinate":186.64325277913656,"radius":55.05884135562402,"color":"#AAA","children_json_url":null},"Vilaboa":{"cartodb_id":7702,"x_coordinate":100.0,"y_coordinate":165.52433703884876,"radius":64.53548759376804,"color":"#64B7DE","children_json_url":null},"Vila_de_Cruces":{"cartodb_id":7716,"x_coordinate":0,"y_coordinate":-68.98072222610449,"radius":59.04272500367053,"color":"#AAA","children_json_url":null},"Vilanova_de_Arousa":{"cartodb_id":7708,"x_coordinate":0,"y_coordinate":216.81313240811915,"radius":61.346296100602345,"color":"#AAA","children_json_url":null}}