{"Aguadulce":{"cartodb_id":1275,"x_coordinate":0,"y_coordinate":-96.90944704586944,"radius":73.26683291770573,"color":"#000000","children_json_url":null},"Alanís":{"cartodb_id":1185,"x_coordinate":-101.19402985074626,"y_coordinate":-83.93567137179059,"radius":72.91219204042957,"color":"#D94B5F","children_json_url":null},"Albaida_del_Aljarafe":{"cartodb_id":1247,"x_coordinate":-101.7910447761194,"y_coordinate":122.85699839402716,"radius":74.32325886990802,"color":"#D94B5F","children_json_url":null},"Alcalá_de_Guadaíra":{"cartodb_id":1206,"x_coordinate":-100.0,"y_coordinate":208.48391784294768,"radius":52.734271470940875,"color":"#D94B5F","children_json_url":null},"Alcalá_del_Río":{"cartodb_id":1200,"x_coordinate":0,"y_coordinate":102.09895731550098,"radius":24.372402327514546,"color":"#000000","children_json_url":null},"Alcolea_del_Río":{"cartodb_id":1210,"x_coordinate":0,"y_coordinate":-70.96189569771173,"radius":80,"color":"#000000","children_json_url":null},"La_Algaba":{"cartodb_id":1195,"x_coordinate":100.0,"y_coordinate":164.3730805510795,"radius":64.99715962885817,"color":"#E88394","children_json_url":null},"Algámitas":{"cartodb_id":1284,"x_coordinate":-132.23880597014926,"y_coordinate":115.07273298957983,"radius":67.19861231569817,"color":"#D94B5F","children_json_url":null},"Almadén_de_la_Plata":{"cartodb_id":1186,"x_coordinate":113.13432835820896,"y_coordinate":-89.12518164142212,"radius":71.98040587823652,"color":"#E88394","children_json_url":null},"Almensilla":{"cartodb_id":1248,"x_coordinate":112.53731343283582,"y_coordinate":161.77832541626373,"radius":67.81558726673984,"color":"#E88394","children_json_url":null},"Arahal":{"cartodb_id":1207,"x_coordinate":101.7910447761194,"y_coordinate":120.26224325921139,"radius":80,"color":"#E88394","children_json_url":null},"Aznalcázar":{"cartodb_id":1270,"x_coordinate":-202.08955223880596,"y_coordinate":-83.93567137179059,"radius":68.63994273443092,"color":"#D94B5F","children_json_url":null},"Aznalcóllar":{"cartodb_id":1187,"x_coordinate":101.7910447761194,"y_coordinate":133.23601893329027,"radius":66.23779946761314,"color":"#E88394","children_json_url":null},"Badolatosa":{"cartodb_id":1278,"x_coordinate":0,"y_coordinate":-55.393364888817096,"radius":72.31980115990058,"color":"#000000","children_json_url":null},"Benacazón":{"cartodb_id":1249,"x_coordinate":100.0,"y_coordinate":109.88322271994831,"radius":80,"color":"#E88394","children_json_url":null},"Bollullos_de_la_Mitación":{"cartodb_id":1250,"x_coordinate":0,"y_coordinate":159.18357028144797,"radius":69.51115116017121,"color":"#000000","children_json_url":null},"Bormujos":{"cartodb_id":1251,"x_coordinate":102.38805970149254,"y_coordinate":166.9678356858953,"radius":58.925879396984925,"color":"#E88394","children_json_url":null},"Brenes":{"cartodb_id":1211,"x_coordinate":100.59701492537313,"y_coordinate":-86.53042650660636,"radius":63.57085113754475,"color":"#E88394","children_json_url":null},"Burguillos":{"cartodb_id":1215,"x_coordinate":0,"y_coordinate":-99.50420218068521,"radius":65.73753095153873,"color":"#000000","children_json_url":null},"Camas":{"cartodb_id":1218,"x_coordinate":0,"y_coordinate":192.91538703405303,"radius":57.204999031195506,"color":"#000000","children_json_url":null},"La_Campana":{"cartodb_id":1223,"x_coordinate":101.19402985074626,"y_coordinate":-55.393364888817096,"radius":67.72661173048958,"color":"#E88394","children_json_url":null},"Cantillana":{"cartodb_id":1216,"x_coordinate":101.7910447761194,"y_coordinate":102.09895731550098,"radius":80,"color":"#E88394","children_json_url":null},"Carmona":{"cartodb_id":1209,"x_coordinate":0,"y_coordinate":174.7521010903426,"radius":57.429584211534774,"color":"#000000","children_json_url":null},"Carrión_de_los_Céspedes":{"cartodb_id":1225,"x_coordinate":-102.98507462686567,"y_coordinate":-68.36714056289595,"radius":66.19273301737756,"color":"#D94B5F","children_json_url":null},"Casariche":{"cartodb_id":1279,"x_coordinate":100.59701492537313,"y_coordinate":-78.74616110215904,"radius":74.29261226460648,"color":"#E88394","children_json_url":null},"Castilleja_de_Guzmán":{"cartodb_id":1230,"x_coordinate":-132.83582089552237,"y_coordinate":117.66748812439562,"radius":65.00963391136801,"color":"#D94B5F","children_json_url":null},"Castilleja_de_la_Cuesta":{"cartodb_id":1231,"x_coordinate":0,"y_coordinate":187.72587676442146,"radius":23.68465109200213,"color":"#000000","children_json_url":null},"Castilleja_del_Campo":{"cartodb_id":1235,"x_coordinate":-123.88059701492537,"y_coordinate":null,"radius":71.9047619047619,"color":"#D94B5F","children_json_url":null},"El_Castillo_de_las_Guardas":{"cartodb_id":1192,"x_coordinate":-142.98507462686567,"y_coordinate":107.28846758513254,"radius":66.71554252199414,"color":"#D94B5F","children_json_url":null},"Cazalla_de_la_Sierra":{"cartodb_id":1189,"x_coordinate":104.77611940298507,"y_coordinate":-94.31469191105367,"radius":64.30426716141002,"color":"#E88394","children_json_url":null},"Constantina":{"cartodb_id":1191,"x_coordinate":167.46268656716418,"y_coordinate":-94.31469191105367,"radius":24.761036118205034,"color":"#E88394","children_json_url":null},"Coria_del_Río":{"cartodb_id":1217,"x_coordinate":100.59701492537313,"y_coordinate":138.42552920292178,"radius":60.920412033003636,"color":"#E88394","children_json_url":null},"Coripe":{"cartodb_id":1285,"x_coordinate":-105.97014925373135,"y_coordinate":-91.7199367762379,"radius":67.62135922330097,"color":"#D94B5F","children_json_url":null},"El_Coronil":{"cartodb_id":1214,"x_coordinate":-111.34328358208955,"y_coordinate":-76.15140596734327,"radius":67.23372781065089,"color":"#D94B5F","children_json_url":null},"Dos_Hermanas":{"cartodb_id":1174,"x_coordinate":0,"y_coordinate":205.88916270813183,"radius":51.2340156561482,"color":"#000000","children_json_url":null},"Écija":{"cartodb_id":1213,"x_coordinate":0,"y_coordinate":153.99406001181643,"radius":61.9279303596734,"color":"#000000","children_json_url":null},"Espartinas":{"cartodb_id":1253,"x_coordinate":-108.35820895522389,"y_coordinate":135.83077406810602,"radius":62.46674727932285,"color":"#D94B5F","children_json_url":null},"Estepa":{"cartodb_id":1280,"x_coordinate":0,"y_coordinate":250.0,"radius":71.07635893011218,"color":"#000000","children_json_url":null},"Fuentes_de_Andalucía":{"cartodb_id":1222,"x_coordinate":0,"y_coordinate":-86.53042650660636,"radius":80,"color":"#000000","children_json_url":null},"El_Garrobo":{"cartodb_id":1193,"x_coordinate":0,"y_coordinate":null,"radius":72.58649093904448,"color":"#000000","children_json_url":null},"Gelves":{"cartodb_id":1254,"x_coordinate":104.77611940298507,"y_coordinate":159.18357028144797,"radius":60.934885412877414,"color":"#E88394","children_json_url":null},"Gerena":{"cartodb_id":1199,"x_coordinate":0,"y_coordinate":185.13112162960567,"radius":80,"color":"#000000","children_json_url":null},"Gilena":{"cartodb_id":1281,"x_coordinate":0,"y_coordinate":-73.5566508325275,"radius":25.255474452554743,"color":"#000000","children_json_url":null},"Gines":{"cartodb_id":1255,"x_coordinate":0,"y_coordinate":107.28846758513254,"radius":80,"color":"#000000","children_json_url":null},"Guadalcanal":{"cartodb_id":1201,"x_coordinate":-111.94029850746269,"y_coordinate":-78.74616110215904,"radius":24.769874476987447,"color":"#D94B5F","children_json_url":null},"Guillena":{"cartodb_id":1202,"x_coordinate":104.17910447761194,"y_coordinate":109.88322271994831,"radius":68.16362827923521,"color":"#E88394","children_json_url":null},"Herrera":{"cartodb_id":1282,"x_coordinate":0,"y_coordinate":102.09895731550098,"radius":69.7121083827265,"color":"#000000","children_json_url":null},"Lebrija":{"cartodb_id":1226,"x_coordinate":-100.0,"y_coordinate":130.64126379847448,"radius":66.4978156854587,"color":"#D94B5F","children_json_url":null},"Lora_de_Estepa":{"cartodb_id":1276,"x_coordinate":-101.7910447761194,"y_coordinate":null,"radius":72.47678018575851,"color":"#D94B5F","children_json_url":null},"Lora_del_Río":{"cartodb_id":1237,