{"Aguadulce":{"cartodb_id":1275,"x_coordinate":-105.0,"y_coordinate":126.88942390258583,"radius":71.75843694493784,"color":"#D94B5F","children_json_url":null},"Alanís":{"cartodb_id":1185,"x_coordinate":0,"y_coordinate":102.86784807870015,"radius":72.40208877284596,"color":"#AAA","children_json_url":null},"Albaida_del_Aljarafe":{"cartodb_id":1247,"x_coordinate":-115.71428571428571,"y_coordinate":153.91369670445724,"radius":71.01226993865032,"color":"#D94B5F","children_json_url":null},"Alcalá_de_Guadaíra":{"cartodb_id":1206,"x_coordinate":0,"y_coordinate":228.98112115409998,"radius":48.481500661718165,"color":"#AAA","children_json_url":null},"Alcalá_del_Río":{"cartodb_id":1200,"x_coordinate":0,"y_coordinate":111.87593901265727,"radius":63.545176110260336,"color":"#AAA","children_json_url":null},"Alcolea_del_Río":{"cartodb_id":1210,"x_coordinate":0,"y_coordinate":-60.830090386900196,"radius":67.55355129650508,"color":"#AAA","children_json_url":null},"La_Algaba":{"cartodb_id":1195,"x_coordinate":140.0,"y_coordinate":201.95684835222858,"radius":65.13668036448098,"color":"#64B7DE","children_json_url":null},"Algámitas":{"cartodb_id":1284,"x_coordinate":-130.0,"y_coordinate":123.88672692460013,"radius":80,"color":"#D94B5F","children_json_url":null},"Almadén_de_la_Plata":{"cartodb_id":1186,"x_coordinate":-102.85714285714286,"y_coordinate":210.9649392861857,"radius":71.17779444861216,"color":"#D94B5F","children_json_url":null},"Almensilla":{"cartodb_id":1248,"x_coordinate":0,"y_coordinate":150.91099972647152,"radius":60.920951650038376,"color":"#AAA","children_json_url":null},"Arahal":{"cartodb_id":1207,"x_coordinate":0,"y_coordinate":117.8813329686287,"radius":64.07773564463704,"color":"#AAA","children_json_url":null},"Aznalcázar":{"cartodb_id":1270,"x_coordinate":107.14285714285714,"y_coordinate":-78.84627225481447,"radius":65.14831230821684,"color":"#64B7DE","children_json_url":null},"Aznalcóllar":{"cartodb_id":1187,"x_coordinate":100.71428571428571,"y_coordinate":168.9271815943858,"radius":72.3096286972939,"color":"#64B7DE","children_json_url":null},"Badolatosa":{"cartodb_id":1278,"x_coordinate":0,"y_coordinate":-57.82739340891448,"radius":72.66480223731523,"color":"#AAA","children_json_url":null},"Benacazón":{"cartodb_id":1249,"x_coordinate":0,"y_coordinate":-99.86515110071443,"radius":80,"color":"#AAA","children_json_url":null},"Bollullos_de_la_Mitación":{"cartodb_id":1250,"x_coordinate":0,"y_coordinate":159.91909066042865,"radius":61.2701072386059,"color":"#AAA","children_json_url":null},"Bormujos":{"cartodb_id":1251,"x_coordinate":0,"y_coordinate":180.9379695063286,"radius":55.12062128222075,"color":"#AAA","children_json_url":null},"Brenes":{"cartodb_id":1211,"x_coordinate":0,"y_coordinate":-99.86515110071443,"radius":60.041308837917164,"color":"#AAA","children_json_url":null},"Burguillos":{"cartodb_id":1215,"x_coordinate":111.42857142857143,"y_coordinate":114.87863599064299,"radius":64.52092511013217,"color":"#64B7DE","children_json_url":null},"Camas":{"cartodb_id":1218,"x_coordinate":0,"y_coordinate":234.98651511007142,"radius":53.19210399614829,"color":"#AAA","children_json_url":null},"La_Campana":{"cartodb_id":1223,"x_coordinate":0,"y_coordinate":-45.81660549697164,"radius":24.91991393736553,"color":"#AAA","children_json_url":null},"Cantillana":{"cartodb_id":1216,"x_coordinate":0,"y_coordinate":120.88402994661439,"radius":66.05183528483094,"color":"#AAA","children_json_url":null},"Carmona":{"cartodb_id":1209,"x_coordinate":0,"y_coordinate":177.93527252834292,"radius":54.71876145108098,"color":"#AAA","children_json_url":null},"Carrión_de_los_Céspedes":{"cartodb_id":1225,"x_coordinate":-128.57142857142858,"y_coordinate":-90.85706016675731,"radius":65.088948787062,"color":"#D94B5F","children_json_url":null},"Casariche":{"cartodb_id":1279,"x_coordinate":100.71428571428571,"y_coordinate":132.89481785855725,"radius":70.51013277428372,"color":"#64B7DE","children_json_url":null},"Castilleja_de_Guzmán":{"cartodb_id":1230,"x_coordinate":-130.0,"y_coordinate":120.88402994661439,"radius":62.039691289966925,"color":"#D94B5F","children_json_url":null},"Castilleja_de_la_Cuesta":{"cartodb_id":1231,"x_coordinate":0,"y_coordinate":204.95954533021433,"radius":51.93357597816197,"color":"#AAA","children_json_url":null},"Castilleja_del_Campo":{"cartodb_id":1235,"x_coordinate":-142.85714285714286,"y_coordinate":null,"radius":68.93203883495146,"color":"#D94B5F","children_json_url":null},"El_Castillo_de_las_Guardas":{"cartodb_id":1192,"x_coordinate":-150.71428571428572,"y_coordinate":171.92987857237148,"radius":61.147902869757175,"color":"#D94B5F","children_json_url":null},"Cazalla_de_la_Sierra":{"cartodb_id":1189,"x_coordinate":0,"y_coordinate":135.89751483654294,"radius":66.37791527843885,"color":"#AAA","children_json_url":null},"Constantina":{"cartodb_id":1191,"x_coordinate":105.71428571428571,"y_coordinate":-99.86515110071443,"radius":65.87529540083621,"color":"#64B7DE","children_json_url":null},"Coria_del_Río":{"cartodb_id":1217,"x_coordinate":0,"y_coordinate":159.91909066042865,"radius":56.39588100686499,"color":"#AAA","children_json_url":null},"Coripe":{"cartodb_id":1285,"x_coordinate":-300.0,"y_coordinate":129.89212088057155,"radius":69.28742994395517,"color":"#D8282A","children_json_url":null},"El_Coronil":{"cartodb_id":1214,"x_coordinate":0,"y_coordinate":-90.85706016675731,"radius":66.74810652333252,"color":"#AAA","children_json_url":null},"Dos_Hermanas":{"cartodb_id":1174,"x_coordinate":0,"y_coordinate":207.96224230820002,"radius":47.46147697499889,"color":"#AAA","children_json_url":null},"Écija":{"cartodb_id":1213,"x_coordinate":0,"y_coordinate":159.91909066042865,"radius":59.69599685513988,"color":"#AAA","children_json_url":null},"Espartinas":{"cartodb_id":1253,"x_coordinate":0,"y_coordinate":105.87054505668584,"radius":80,"color":"#AAA","children_json_url":null},"Estepa":{"cartodb_id":1280,"x_coordinate":0,"y_coordinate":201.95684835222858,"radius":69.64105793450882,"color":"#AAA","children_json_url":null},"Fuentes_de_Andalucía":{"cartodb_id":1222,"x_coordinate":106.42857142857143,"y_coordinate":-60.830090386900196,"radius":64.6006284107822,"color":"#64B7DE","children_json_url":null},"El_Garrobo":{"cartodb_id":1193,"x_coordinate":-119.28571428571428,"y_coordinate":null,"radius":69.35023771790809,"color":"#D94B5F","children_json_url":null},"Gelves":{"cartodb_id":1254,"x_coordinate":105.71428571428571,"y_coordinate":147.90830274848582,"radius":55.64282374941562,"color":"#64B7DE","children_json_url":null},"Gerena":{"cartodb_id":1199,"x_coordinate":0,"y_coordinate":228.98112115409998,"radius":80,"color":"#AAA","children_json_url":null},"Gilena":{"cartodb_id":1281,"x_coordinate":104.28571428571429,"y_coordinate":-84.85166621078588,"radius":80,"color":"#64B7DE","children_json_url":null},"Gines":{"cartodb_id":1255,"x_coordinate":0,"y_coordinate":120.88402994661439,"radius":23.52903569525839,"color":"#AAA","children_json_url":null},"Guadalcanal":{"cartodb_id":1201,"x_coordinate":102.85714285714286,"y_coordinate":-84.85166621078588,"radius":67.9547359597653,"color":"#64B7DE","children_json_url":null},"Guillena":{"cartodb_id":1202,"x_coordinate":108.57142857142857,"y_coordinate":144.9056057705001,"radius":66.41582124052908,"color":"#64B7DE","children_json_url":null},"Herrera":{"cartodb_id":1282,"x_coordinate":102.14285714285714,"y_coordinate":111.87593901265727,"radius":63.28118889323426,"color":"#64B7DE","children_json_url":null},"Lebrija":{"cartodb_id":1226,"x_coordinate":0,"y_coordinate":165.92448461640006,"radius":64.69209972964853,"color":"#AAA","children_json_url":null},"Lora_de_Estepa":{"cartodb_id":1276,"x_coordinate":-135.71428571428572,"y_coordinate":null,"radius":69.7428139183056,"color":"#D94B5F","children_json_url":null},"Lora_del_Río":{"cartodb_id":1237,"x_coordinate":0,"y_coordinate":-96.86245412272872,"radius":55.5985709645989,"color":"#AAA","children_json_url":null},"El_Madroño":{"cartodb_id":1194,"x_coordinate":-125.0,"y_coordinate":null,