{"Huesca":{"cartodb_id":11,"x_coordinate":-197.43589743589743,"y_coordinate":2.320675069997094,"radius":57.368401959005986,"color":"#D94B5F","children_json_url":"json/generated_data/municipalities/Huesca_paro_normalizado_2003.json"},"Teruel":{"cartodb_id":12,"x_coordinate":-120.51282051282051,"y_coordinate":-19.620253196959183,"radius":66.85719385933595,"color":"#D94B5F","children_json_url":"json/generated_data/municipalities/Teruel_paro_normalizado_2003.json"},"Zaragoza":{"cartodb_id":13,"x_coordinate":-105.12820512820512,"y_coordinate":-52.531645597393585,"radius":60.80078248514923,"color":"#D94B5F","children_json_url":"json/generated_data/municipalities/Zaragoza_paro_normalizado_2003.json"}}