{"Madrid":{"cartodb_id":36,"x_coordinate":244.1860465116279,"y_coordinate":-93.10344828037059,"radius":56.80768151137915,"color":"#E88394","children_json_url":"json/generated_data/municipalities/Madrid_paro_normalizado_1999.json"}}