{"Madrid":{"cartodb_id":36,"x_coordinate":234.69387755102042,"y_coordinate":-80.13126491241364,"radius":59.875011215368126,"color":"#5AB0E9","children_json_url":"json/generated_data/municipalities/Madrid_paro_normalizado_2007.json"}}