{"Navarra":{"cartodb_id":37,"x_coordinate":112.24489795918367,"y_coordinate":-70.82338901720343,"radius":62.10981032250802,"color":"#E88394","children_json_url":"json/generated_data/municipalities/Navarra_paro_normalizado_2007.json"}}