{"Madrid":{"cartodb_id":36,"x_coordinate":243.5897435897436,"y_coordinate":-79.95780593108893,"radius":62.339913916814226,"color":"#E88394","children_json_url":"json/generated_data/municipalities/Madrid_paro_normalizado_2003.json"}}