{"Badajoz":{"cartodb_id":39,"x_coordinate":112.24489795918367,"y_coordinate":173.21002386451573,"radius":63.56822844207598,"color":"#E88394","children_json_url":"json/generated_data/municipalities/Badajoz_paro_normalizado_2007.json"},"Cáceres":{"cartodb_id":40,"x_coordinate":-153.0612244897959,"y_coordinate":122.0167064408596,"radius":64.94128293439465,"color":"#D94B5F","children_json_url":"json/generated_data/municipalities/Cáceres_paro_normalizado_2007.json"}}