{"A_Coruña":{"cartodb_id":41,"x_coordinate":112.24489795918367,"y_coordinate":117.36276849325449,"radius":63.421400050114876,"color":"#E88394","children_json_url":"json/generated_data/municipalities/A_Coruña_paro_normalizado_2007.json"},"Lugo":{"cartodb_id":42,"x_coordinate":-128.57142857142858,"y_coordinate":-87.1121718338213,"radius":71.57898346601348,"color":"#D94B5F","children_json_url":"json/generated_data/municipalities/Lugo_paro_normalizado_2007.json"},"Ourense":{"cartodb_id":43,"x_coordinate":169.3877551020408,"y_coordinate":122.0167064408596,"radius":57.70496566200958,"color":"#E88394","children_json_url":"json/generated_data/municipalities/Ourense_paro_normalizado_2007.json"},"Pontevedra":{"cartodb_id":44,"x_coordinate":116.3265306122449,"y_coordinate":124.34367541466214,"radius":46.25636079124659,"color":"#E88394","children_json_url":"json/generated_data/municipalities/Pontevedra_paro_normalizado_2007.json"}}