{"A_Coruña":{"cartodb_id":41,"x_coordinate":146.51162790697674,"y_coordinate":154.74137931308218,"radius":66.56705368054902,"color":"#64B7DE","children_json_url":"json/generated_data/municipalities/A_Coruña_paro_normalizado_1999.json"},"Lugo":{"cartodb_id":42,"x_coordinate":193.02325581395348,"y_coordinate":-87.50000000466954,"radius":57.55462101038317,"color":"#64B7DE","children_json_url":"json/generated_data/municipalities/Lugo_paro_normalizado_1999.json"},"Ourense":{"cartodb_id":43,"x_coordinate":197.67441860465118,"y_coordinate":154.74137931308218,"radius":59.80887434286301,"color":"#64B7DE","children_json_url":"json/generated_data/municipalities/Ourense_paro_normalizado_1999.json"},"Pontevedra":{"cartodb_id":44,"x_coordinate":146.51162790697674,"y_coordinate":171.5517241401853,"radius":57.37770688794732,"color":"#64B7DE","children_json_url":"json/generated_data/municipalities/Pontevedra_paro_normalizado_1999.json"}}