{"Baleares":{"cartodb_id":45,"x_coordinate":127.90697674418604,"y_coordinate":18.965517233650445,"radius":54.79237465667334,"color":"#E88394","children_json_url":"json/generated_data/municipalities/Baleares_paro_normalizado_1999.json"}}