{"Baleares":{"cartodb_id":45,"x_coordinate":132.6530612244898,"y_coordinate":-59.18854414819067,"radius":55.79647561947525,"color":"#E88394","children_json_url":"json/generated_data/municipalities/Baleares_paro_normalizado_2007.json"}}