{"Murcia":{"cartodb_id":51,"x_coordinate":136.73469387755102,"y_coordinate":-68.49642004340087,"radius":61.75110063453586,"color":"#64B7DE","children_json_url":"json/generated_data/municipalities/Murcia_paro_normalizado_2007.json"}}