{"Murcia":{"cartodb_id":51,"x_coordinate":160.46511627906978,"y_coordinate":-53.879310350463236,"radius":47.35246326626978,"color":"#64B7DE","children_json_url":"json/generated_data/municipalities/Murcia_paro_normalizado_1999.json"}}