{"Murcia":{"cartodb_id":51,"x_coordinate":207.69230769230768,"y_coordinate":-41.56118146391547,"radius":61.269242654081694,"color":"#5AB0E9","children_json_url":"json/generated_data/municipalities/Murcia_paro_normalizado_2003.json"}}