{"Andalucía":{"cartodb_id":1,"x_coordinate":-166.67,"y_coordinate":-97.84,"variable":"-2.149149811","variable_max_value":3.789454429,"variable_min_value":-5.271834181,"radius":58.79,"color":["#D94B5F"],"children_json_url":"json/generated_data/provincias/Andalucía_edad_media_normalizada_2001.json","censo_total":5834030,"porcentaje_participacion":64.64,"partido_1":["PSOE",37.0],"partido_2":["PP",30.0],"partido_3":["IU",10.0],"resto_partidos_percent":21,"info":"","parent":[],"parent_url":[],"parent_results":null,"evolution":"0,0,0,0,0,0,0,0,0,0,0,0,0,0,0,0,0,0,0,0,0,0,0,0,0,-2.472749189,-2.149149811,-2.106440053,-2.074025486,-2.025096865,-1.989681711,-1.968180319,-1.913236652,-1.823323888,-1.770187741,-1.372739907,0"},"Principado_de_Asturias":{"cartodb_id":18,"x_coordinate":-176.19,"y_coordinate":240.0,"variable":"3.789454429","variable_max_value":3.789454429,"variable_min_value":-5.271834181,"radius":58.47,"color":["#D94B5F"],"children_json_url":"json/generated_data/provincias/Principado_de_Asturias_edad_media_normalizada_2001.json","censo_total":967166,"porcentaje_participacion":64.11,"partido_1":["PSOE",41.0],"partido_2":["PP",33.0],"partido_3":["IU",11.0],"resto_partidos_percent":13,"info":"","parent":[],"parent_url":[],"parent_results":null,"evolution":"0,0,0,0,0,0,0,0,0,0,0,0,0,0,0,0,0,0,0,0,0,0,0,0,0,3.655239961,3.789454429,4.059868007,4.215266294,4.355987705,4.450373149,4.540863551,4.655369058,4.758079272,4.754892919,5.127083209,0"},"Islas_Baleares":{"cartodb_id":13,"x_coordinate":300.0,"y_coordinate":-51.27,"variable":"-1.126296691","variable_max_value":3.789454429,"variable_min_value":-5.271834181,"radius":54.31,"color":["#5AB0E9"],"children_json_url":"json/generated_data/provincias/Islas_Baleares_edad_media_normalizada_2001.json","censo_total":609589,"porcentaje_participacion":57.18,"partido_1":["PP",40.0],"partido_2":["PSOE",19.0],"partido_3":["PSM-EN",10.0],"resto_partidos_percent":29,"info":"","parent":[],"parent_url":[],"parent_results":null,"evolution":"0,0,0,0,0,0,0,0,0,0,0,0,0,0,0,0,0,0,0,0,0,0,0,0,0,-0.924133339,-1.126296691,-1.347675943,-1.428655736,-1.543028345,-1.511654711,-1.463578579,-1.517075542,-1.548744718,-1.535756731,-1.137979249,0"},"Islas_Canarias":{"cartodb_id":14,"x_coordinate":0,"y_coordinate":-135.54,"variable":"-2.977161581","variable_max_value":3.789454429,"variable_min_value":-5.271834181,"radius":56.5,"color":["#AAAAAA"],"children_json_url":"json/generated_data/provincias/Islas_Canarias_edad_media_normalizada_2001.json","censo_total":714545,"porcentaje_participacion":60.83,"partido_1":["CC",61.0],"partido_2":["PSOE",49.0],"partido_3":["PP",48.0],"resto_partidos_percent":-59,"info":"","parent":[],"parent_url":[],"parent_results":null,"evolution":"0,0,0,0,0,0,0,0,0,0,0,0,0,0,0,0,0,0,0,0,0,0,0,0,0,-3.092953649,-2.977161581,-3.079168623,-2.948644026,-2.835620365,-2.615694101,-2.427237569,-2.293557122,-2.086776848,-1.856653361,-1.277346415,0"},"Cantabria":{"cartodb_id":3,"x_coordinate":176.19,"y_coordinate":109.59,"variable":"1.730388059","variable_max_value":3.789454429,"variable_min_value":-5.271834181,"radius":62.4,"color":["#64B7DE"],"children_json_url":"json/generated_data/provincias/Cantabria_edad_media_normalizada_2001.json","censo_total":453201,"porcentaje_participacion":70.67,"partido_1":["PP",38.0],"partido_2":["PSOE",30.0],"partido_3":["PRC",15.0],"resto_partidos_percent":15,"info":"","parent":[],"parent_url":[],"parent_results":null,"evolution":"0,0,0,0,0,0,0,0,0,0,0,0,0,0,0,0,0,0,0,0,0,0,0,0,0,1.775156451,1.730388059,1.851020757,1.898537414,1.924985375,1.959281589,1.970495701,2.015205008,2.035833002,1.952386639,2.309311946,0"},"Comunidad_de_Madrid":{"cartodb_id":8,"x_coordinate":176.19,"y_coordinate":-27.25,"variable":"-0.598511041","variable_max_value":3.789454429,"variable_min_value":-5.271834181,"radius":56.52,"color":["#64B7DE"],"children_json_url":"json/generated_data/provincias/Comunidad_de_Madrid_edad_media_normalizada_2001.json","censo_total":4274532,"porcentaje_participacion":60.86,"partido_1":["PP",44.0],"partido_2":["PSOE",36.0],"partido_3":["IU",9.0],"resto_partidos_percent":9,"info":"","parent":[],"parent_url":[],"parent_results":null,"evolution":"0,0,0,0,0,0,0,0,0,0,0,0,0,0,0,0,0,0,0,0,0,0,0,0,0,-0.443087359,-0.598511041,-0.715771073,-0.851312036,-0.879904905,-1.034654931,-1.017338939,-1.060975902,-1.106785998,-1.118956551,-0.778743772,0"},"Aragón":{"cartodb_id":2,"x_coordinate":157.14,"y_coordinate":186.05,"variable":"2.937556729","variable_max_value":3.789454429,"variable_min_value":-5.271834181,"radius":58.95,"color":["#64B7DE"],"children_json_url":"json/generated_data/provincias/Aragón_edad_media_normalizada_2001.json","censo_total":1017080,"porcentaje_participacion":64.92,"partido_1":["PP",38.0],"partido_2":["PSOE",32.0],"partido_3":["PAR",8.0],"resto_partidos_percent":20,"info":"","parent":[],"parent_url":[],"parent_results":null,"evolution":"0,0,0,0,0,0,0,0,0,0,0,0,0,0,0,0,0,0,0,0,0,0,0,0,0,2.985360541,2.937556729,2.888608257,2.770491834,2.661560335,2.533955359,2.451263281,2.306360118,2.098624612,1.960543299,2.279545884,0"},"Cataluña":{"cartodb_id":6,"x_coordinate":-214.29,"y_coordinate":44.55,"variable":"0.703475049","variable_max_value":3.789454429,"variable_min_value":-5.271834181,"radius":53.53,"color":["#D8282A"],"children_json_url":"json/generated_data/provincias/Cataluña_edad_media_normalizada_2001.json","censo_total":5265778,"porcentaje_participacion":55.88,"partido_1":["PSOE",37.0],"partido_2":["CIU",25.0],"partido_3":["PP",8.0],"resto_partidos_percent":28,"info":"","parent":[],"parent_url":[],"parent_results":null,"evolution":"0,0,0,0,0,0,0,0,0,0,0,0,0,0,0,0,0,0,0,0,0,0,0,0,0,0.828824581,0.703475049,0.597212727,0.428716274,0.311836015,0.154594559,0.017274691,-0.023385362,-0.098718678,-0.177684571,0.132429019,0"},"Galicia":{"cartodb_id":12,"x_coordinate":300.0,"y_coordinate":168.9,"variable":"2.666893639","variable_max_value":3.789454429,"variable_min_value":-5.271834181,"radius":58.33,"color":["#5AB0E9"],"children_json_url":"json/generated_data/provincias/Galicia_edad_media_normalizada_2001.json","censo_total":2468962,"porcentaje_participacion":63.88,"partido_1":["PP",45.0],"partido_2":["PSOE",24.0],"partido_3":["BNG",17.0],"resto_partidos_percent":12,"info":"","parent":[],"parent_url":[],"parent_results":null,"evolution":"0,0,0,0,0,0,0,0,0,0,0,0,0,0,0,0,0,0,0,0,0,0,0,0,0,2.506787301,2.666893639,2.920889387,3.043819474,3.174877535,3.311015359,3.420629491,3.533552218,3.678810812,3.753064869,4.142158556,0"},"Comunidad_Foral_de_Navarra":{"cartodb_id":9,"x_coordinate":214.29,"y_coordinate":70.19,"variable":"1.108220759","variable_max_value":3.789454429,"variable_min_value":-5.271834181,"radius":60.01,"color":["#5AB0E9"],"children_json_url":"json/generated_data/provincias/Comunidad_Foral_de_Navarra_edad_media_normalizada_2001.json","censo_total":452558,"porcentaje_participacion":66.69,"partido_1":["PP",30.0],"partido_2":["PSOE",18.0],"partido_3":["EH",14.0],"resto_partidos_percent":36,"info":"","parent":[],"parent_url":[],"parent_results":null,"evolution":"0,0,0,0,0,0,0,0,0,0,0,0,0,0,0,0,0,0,0,0,0,0,0,0,0,1.312250841,1.108220759,0.998549647,0.891247764,0.829936875,0.770073449,0.692819891,0.692648428,0.576659332,0.471122609,0.739244517,0"},"Castilla_y_León":{"cartodb_id":4,"x_coordinate":233.33,"y_coordinate":220.24,"variable":"3.477484199","variable_max_value":3.789454429,"variable_min_value":-5.271834181,"radius":61.03,"color":["#5AB0E9"],"children_json_url":"json/generated_data/provincias/Castilla_y_León_edad_media_normalizada_2001.json","censo_total":2169461,"porcentaje_participacion":68.38,"partido_1":["PP",46.0],"partido_2":["PSOE",32.0],"partido_3":["IU",3.0],"resto_partidos_percent":17,"info":"","parent":[],"parent_url":[],"parent_results":null,"evolution":"0,0,0,0,0,0,0,0,0,0,0,0,0,0,0,0,0,0,0,0,0,0,0,0,0,3.349910721,3.477484199,3.727366967,3.770906694,3.828078455,3.851171639,3.861380701,3.895792008,3.865453052,3.899187299,4.28491817,0"},