{"Andalucía":{"cartodb_id":1,"x_coordinate":-134.04,"y_coordinate":-94.8,"variable":"-1.989681711","variable_max_value":4.450373149,"variable_min_value":-5.037023151,"radius":59.34,"color":["#D94B5F"],"children_json_url":"json/generated_data/provincias/Andalucía_edad_media_normalizada_2005.json","censo_total":5983882,"porcentaje_participacion":65.57,"partido_1":["PSOE",38.0],"partido_2":["PP",30.0],"partido_3":["IU",9.0],"resto_partidos_percent":21,"info":"","parent":[],"parent_url":[],"parent_results":null,"evolution":"0,0,0,0,0,0,0,0,0,0,0,0,0,0,0,0,0,0,0,0,0,0,0,0,0,-2.472749189,-2.149149811,-2.106440053,-2.074025486,-2.025096865,-1.989681711,-1.968180319,-1.913236652,-1.823323888,-1.770187741,-1.372739907,0"},"Principado_de_Asturias":{"cartodb_id":18,"x_coordinate":104.26,"y_coordinate":240.0,"variable":"4.450373149","variable_max_value":4.450373149,"variable_min_value":-5.037023151,"radius":57.73,"color":["#64B7DE"],"children_json_url":"json/generated_data/provincias/Principado_de_Asturias_edad_media_normalizada_2005.json","censo_total":976213,"porcentaje_participacion":62.88,"partido_1":["PP",38.0],"partido_2":["PSOE",37.0],"partido_3":["IU",11.0],"resto_partidos_percent":12,"info":"","parent":[],"parent_url":[],"parent_results":null,"evolution":"0,0,0,0,0,0,0,0,0,0,0,0,0,0,0,0,0,0,0,0,0,0,0,0,0,3.655239961,3.789454429,4.059868007,4.215266294,4.355987705,4.450373149,4.540863551,4.655369058,4.758079272,4.754892919,5.127083209,0"},"Islas_Baleares":{"cartodb_id":13,"x_coordinate":193.62,"y_coordinate":-72.03,"variable":"-1.511654711","variable_max_value":4.450373149,"variable_min_value":-5.037023151,"radius":57.73,"color":["#64B7DE"],"children_json_url":"json/generated_data/provincias/Islas_Baleares_edad_media_normalizada_2005.json","censo_total":650520,"porcentaje_participacion":62.89,"partido_1":["PP",42.0],"partido_2":["PSOE",20.0],"partido_3":["UM",4.0],"resto_partidos_percent":32,"info":"","parent":[],"parent_url":[],"parent_results":null,"evolution":"0,0,0,0,0,0,0,0,0,0,0,0,0,0,0,0,0,0,0,0,0,0,0,0,0,-0.924133339,-1.126296691,-1.347675943,-1.428655736,-1.543028345,-1.511654711,-1.463578579,-1.517075542,-1.548744718,-1.535756731,-1.137979249,0"},"Islas_Canarias":{"cartodb_id":14,"x_coordinate":0,"y_coordinate":-124.63,"variable":"-2.615694101","variable_max_value":4.450373149,"variable_min_value":-5.037023151,"radius":59.83,"color":["#AAAAAA"],"children_json_url":"json/generated_data/provincias/Islas_Canarias_edad_media_normalizada_2005.json","censo_total":732213,"porcentaje_participacion":66.39,"partido_1":["CC",58.0],"partido_2":["PSOE",51.0],"partido_3":["PP",45.0],"resto_partidos_percent":-54,"info":"","parent":[],"parent_url":[],"parent_results":null,"evolution":"0,0,0,0,0,0,0,0,0,0,0,0,0,0,0,0,0,0,0,0,0,0,0,0,0,-3.092953649,-2.977161581,-3.079168623,-2.948644026,-2.835620365,-2.615694101,-2.427237569,-2.293557122,-2.086776848,-1.856653361,-1.277346415,0"},"Cantabria":{"cartodb_id":3,"x_coordinate":138.3,"y_coordinate":105.66,"variable":"1.959281589","variable_max_value":4.450373149,"variable_min_value":-5.037023151,"radius":63.78,"color":["#64B7DE"],"children_json_url":"json/generated_data/provincias/Cantabria_edad_media_normalizada_2005.json","censo_total":477056,"porcentaje_participacion":72.96,"partido_1":["PP",38.0],"partido_2":["PSOE",29.0],"partido_3":["PRC",18.0],"resto_partidos_percent":12,"info":"","parent":[],"parent_url":[],"parent_results":null,"evolution":"0,0,0,0,0,0,0,0,0,0,0,0,0,0,0,0,0,0,0,0,0,0,0,0,0,1.775156451,1.730388059,1.851020757,1.898537414,1.924985375,1.959281589,1.970495701,2.015205008,2.035833002,1.952386639,2.309311946,0"},"Comunidad_de_Madrid":{"cartodb_id":8,"x_coordinate":134.04,"y_coordinate":-49.3,"variable":"-1.034654931","variable_max_value":4.450373149,"variable_min_value":-5.037023151,"radius":61.42,"color":["#64B7DE"],"children_json_url":"json/generated_data/provincias/Comunidad_de_Madrid_edad_media_normalizada_2005.json","censo_total":4456963,"porcentaje_participacion":69.03,"partido_1":["PP",45.0],"partido_2":["PSOE",37.0],"partido_3":["IU",7.0],"resto_partidos_percent":9,"info":"","parent":[],"parent_url":[],"parent_results":null,"evolution":"0,0,0,0,0,0,0,0,0,0,0,0,0,0,0,0,0,0,0,0,0,0,0,0,0,-0.443087359,-0.598511041,-0.715771073,-0.851312036,-0.879904905,-1.034654931,-1.017338939,-1.060975902,-1.106785998,-1.118956551,-0.778743772,0"},"Aragón":{"cartodb_id":2,"x_coordinate":-125.53,"y_coordinate":136.65,"variable":"2.533955359","variable_max_value":4.450373149,"variable_min_value":-5.037023151,"radius":62.25,"color":["#D94B5F"],"children_json_url":"json/generated_data/provincias/Aragón_edad_media_normalizada_2005.json","censo_total":1019187,"porcentaje_participacion":70.42,"partido_1":["PSOE",36.0],"partido_2":["PP",30.0],"partido_3":["CHA",11.0],"resto_partidos_percent":21,"info":"","parent":[],"parent_url":[],"parent_results":null,"evolution":"0,0,0,0,0,0,0,0,0,0,0,0,0,0,0,0,0,0,0,0,0,0,0,0,0,2.985360541,2.937556729,2.888608257,2.770491834,2.661560335,2.533955359,2.451263281,2.306360118,2.098624612,1.960543299,2.279545884,0"},"Cataluña":{"cartodb_id":6,"x_coordinate":-146.81,"y_coordinate":8.34,"variable":"0.154594559","variable_max_value":4.450373149,"variable_min_value":-5.037023151,"radius":56.88,"color":["#D94B5F"],"children_json_url":"json/generated_data/provincias/Cataluña_edad_media_normalizada_2005.json","censo_total":5307871,"porcentaje_participacion":61.47,"partido_1":["PSOE",33.0],"partido_2":["CIU",22.0],"partido_3":["PP",7.0],"resto_partidos_percent":35,"info":"","parent":[],"parent_url":[],"parent_results":null,"evolution":"0,0,0,0,0,0,0,0,0,0,0,0,0,0,0,0,0,0,0,0,0,0,0,0,0,0.828824581,0.703475049,0.597212727,0.428716274,0.311836015,0.154594559,0.017274691,-0.023385362,-0.098718678,-0.177684571,0.132429019,0"},"Galicia":{"cartodb_id":12,"x_coordinate":168.09,"y_coordinate":178.56,"variable":"3.311015359","variable_max_value":4.450373149,"variable_min_value":-5.037023151,"radius":59.73,"color":["#64B7DE"],"children_json_url":"json/generated_data/provincias/Galicia_edad_media_normalizada_2005.json","censo_total":2546251,"porcentaje_participacion":66.22,"partido_1":["PP",41.0],"partido_2":["PSOE",25.0],"partido_3":["BNG",18.0],"resto_partidos_percent":14,"info":"","parent":[],"parent_url":[],"parent_results":null,"evolution":"0,0,0,0,0,0,0,0,0,0,0,0,0,0,0,0,0,0,0,0,0,0,0,0,0,2.506787301,2.666893639,2.920889387,3.043819474,3.174877535,3.311015359,3.420629491,3.533552218,3.678810812,3.753064869,4.142158556,0"},"Comunidad_Foral_de_Navarra":{"cartodb_id":9,"x_coordinate":151.06,"y_coordinate":41.53,"variable":"0.770073449","variable_max_value":4.450373149,"variable_min_value":-5.037023151,"radius":62.64,"color":["#64B7DE"],"children_json_url":"json/generated_data/provincias/Comunidad_Foral_de_Navarra_edad_media_normalizada_2005.json","censo_total":451476,"porcentaje_participacion":71.06,"partido_1":["PP",32.0],"partido_2":["PSOE",20.0],"partido_3":["IU",5.0],"resto_partidos_percent":41,"info":"","parent":[],"parent_url":[],"parent_results":null,"evolution":"0,0,0,0,0,0,0,0,0,0,0,0,0,0,0,0,0,0,0,0,0,0,0,0,0,1.312250841,1.108220759,0.998549647,0.891247764,0.829936875,0.770073449,0.692819891,0.692648428,0.576659332,0.471122609,0.739244517,0"},"Castilla_y_León":{"cartodb_id":4,"x_coordinate":142.55,"y_coordinate":207.69,"variable":"3.851171639","variable_max_value":4.450373149,"variable_min_value":-5.037023151,"radius":63.61,"color":["#64B7DE"],"children_json_url":"json/generated_data/provincias/Castilla_y_León_edad_media_normalizada_2005.json","censo_total":2164390,"porcentaje_participacion":72.68,"partido_1":["PP",45.0],"partido_2":["PSOE",35.0],"partido_3":["UPL",2.0],"resto_partidos_percent":15,"info":"","parent":[],"parent_url":[],"parent_results":null,"evolution":"0,0,0,0,0,0,0,0,0,0,0,0,0,0,0,0,0,0,0,0,0,0,0,0,0,3.349910721,3.477484199,3.727366967,3.770906694,3.828078455,3.851171639,3.861380701,3.895792008,3.865453052,3.899187299,4.28491817,0"},"Castilla-La_Mancha":{"cartodb_id":5,