{"Andalucía":{"cartodb_id":1,"x_coordinate":-166.67,"y_coordinate":205.47,"variable":"36.46134714","variable_max_value":42.58933629,"variable_min_value":33.55679749,"radius":58.79,"color":["#D94B5F"],"children_json_url":"json/generated_data/provincias/Andalucía_edad_media_absoluta_2000.json","censo_total":5834030,"porcentaje_participacion":64.64,"partido_1":["PSOE",37.0],"partido_2":["PP",30.0],"partido_3":["IU",10.0],"resto_partidos_percent":21,"info":"","parent":[],"parent_url":[],"parent_results":null,"evolution":"0,0,0,0,0,0,0,0,0,0,0,0,0,0,0,0,0,0,0,0,0,0,0,0,0,36.46134714,37.01973037,37.45910827,37.6024703,37.79439489,37.94102601,38.11637678,38.28864945,38.42884183,38.59035679,38.81306001,0"},"Principado_de_Asturias":{"cartodb_id":18,"x_coordinate":-176.19,"y_coordinate":240.0,"variable":"42.58933629","variable_max_value":42.58933629,"variable_min_value":33.55679749,"radius":58.47,"color":["#D94B5F"],"children_json_url":"json/generated_data/provincias/Principado_de_Asturias_edad_media_absoluta_2000.json","censo_total":967166,"porcentaje_participacion":64.11,"partido_1":["PSOE",41.0],"partido_2":["PP",33.0],"partido_3":["IU",11.0],"resto_partidos_percent":13,"info":"","parent":[],"parent_url":[],"parent_results":null,"evolution":"0,0,0,0,0,0,0,0,0,0,0,0,0,0,0,0,0,0,0,0,0,0,0,0,0,42.58933629,42.95833461,43.62541633,43.89176208,44.17547946,44.38108087,44.62542065,44.85725516,45.01024499,45.11543745,45.31288312,0"},"Islas_Baleares":{"cartodb_id":13,"x_coordinate":300.0,"y_coordinate":214.19,"variable":"38.00996299","variable_max_value":42.58933629,"variable_min_value":33.55679749,"radius":54.31,"color":["#5AB0E9"],"children_json_url":"json/generated_data/provincias/Islas_Baleares_edad_media_absoluta_2000.json","censo_total":609589,"porcentaje_participacion":57.18,"partido_1":["PP",40.0],"partido_2":["PSOE",19.0],"partido_3":["PSM-EN",10.0],"resto_partidos_percent":29,"info":"","parent":[],"parent_url":[],"parent_results":null,"evolution":"0,0,0,0,0,0,0,0,0,0,0,0,0,0,0,0,0,0,0,0,0,0,0,0,0,38.00996299,38.04258349,38.21787238,38.24784005,38.27646341,38.41905301,38.62097852,38.68481056,38.703421,38.8247878,39.04782067,0"},"Islas_Canarias":{"cartodb_id":14,"x_coordinate":0,"y_coordinate":201.97,"variable":"35.84114268","variable_max_value":42.58933629,"variable_min_value":33.55679749,"radius":56.5,"color":["#AAAAAA"],"children_json_url":"json/generated_data/provincias/Islas_Canarias_edad_media_absoluta_2000.json","censo_total":714545,"porcentaje_participacion":60.83,"partido_1":["CC",61.0],"partido_2":["PSOE",49.0],"partido_3":["PP",48.0],"resto_partidos_percent":-59,"info":"","parent":[],"parent_url":[],"parent_results":null,"evolution":"0,0,0,0,0,0,0,0,0,0,0,0,0,0,0,0,0,0,0,0,0,0,0,0,0,35.84114268,36.1917186,36.4863797,36.72785176,36.98387139,37.31501362,37.65731953,37.90832898,38.16538887,38.50389117,38.9084535,0"},"Cantabria":{"cartodb_id":3,"x_coordinate":176.19,"y_coordinate":229.41,"variable":"40.70925278","variable_max_value":42.58933629,"variable_min_value":33.55679749,"radius":62.4,"color":["#64B7DE"],"children_json_url":"json/generated_data/provincias/Cantabria_edad_media_absoluta_2000.json","censo_total":453201,"porcentaje_participacion":70.67,"partido_1":["PP",38.0],"partido_2":["PSOE",30.0],"partido_3":["PRC",15.0],"resto_partidos_percent":15,"info":"","parent":[],"parent_url":[],"parent_results":null,"evolution":"0,0,0,0,0,0,0,0,0,0,0,0,0,0,0,0,0,0,0,0,0,0,0,0,0,40.70925278,40.89926824,41.41656908,41.5750332,41.74447713,41.88998931,42.0550528,42.21709111,42.28799872,42.31293117,42.49511186,0"},"Comunidad_de_Madrid":{"cartodb_id":8,"x_coordinate":176.19,"y_coordinate":216.91,"variable":"38.49100897","variable_max_value":42.58933629,"variable_min_value":33.55679749,"radius":56.52,"color":["#64B7DE"],"children_json_url":"json/generated_data/provincias/Comunidad_de_Madrid_edad_media_absoluta_2000.json","censo_total":4274532,"porcentaje_participacion":60.86,"partido_1":["PP",44.0],"partido_2":["PSOE",36.0],"partido_3":["IU",9.0],"resto_partidos_percent":9,"info":"","parent":[],"parent_url":[],"parent_results":null,"evolution":"0,0,0,0,0,0,0,0,0,0,0,0,0,0,0,0,0,0,0,0,0,0,0,0,0,38.49100897,38.57036914,38.84977725,38.82518375,38.93958685,38.89605279,39.06721816,39.1409102,39.14537972,39.24158798,39.40705614,0"},"Aragón":{"cartodb_id":2,"x_coordinate":157.14,"y_coordinate":236.23,"variable":"41.91945687","variable_max_value":42.58933629,"variable_min_value":33.55679749,"radius":58.95,"color":["#64B7DE"],"children_json_url":"json/generated_data/provincias/Aragón_edad_media_absoluta_2000.json","censo_total":1017080,"porcentaje_participacion":64.92,"partido_1":["PP",38.0],"partido_2":["PSOE",32.0],"partido_3":["PAR",8.0],"resto_partidos_percent":20,"info":"","parent":[],"parent_url":[],"parent_results":null,"evolution":"0,0,0,0,0,0,0,0,0,0,0,0,0,0,0,0,0,0,0,0,0,0,0,0,0,41.91945687,42.10643691,42.45415658,42.44698762,42.48105209,42.46466308,42.53582038,42.50824622,42.35079033,42.32108783,42.4653458,0"},"Cataluña":{"cartodb_id":6,"x_coordinate":-214.29,"y_coordinate":224.07,"variable":"39.76292091","variable_max_value":42.58933629,"variable_min_value":33.55679749,"radius":53.53,"color":["#D8282A"],"children_json_url":"json/generated_data/provincias/Cataluña_edad_media_absoluta_2000.json","censo_total":5265778,"porcentaje_participacion":55.88,"partido_1":["PSOE",37.0],"partido_2":["CIU",25.0],"partido_3":["PP",8.0],"resto_partidos_percent":28,"info":"","parent":[],"parent_url":[],"parent_results":null,"evolution":"0,0,0,0,0,0,0,0,0,0,0,0,0,0,0,0,0,0,0,0,0,0,0,0,0,39.76292091,39.87235523,40.16276105,40.10521206,40.13132777,40.08530228,40.10183179,40.17850074,40.15344704,40.18285996,40.31822893,0"},"Galicia":{"cartodb_id":12,"x_coordinate":300.0,"y_coordinate":233.53,"variable":"41.44088363","variable_max_value":42.58933629,"variable_min_value":33.55679749,"radius":58.33,"color":["#5AB0E9"],"children_json_url":"json/generated_data/provincias/Galicia_edad_media_absoluta_2000.json","censo_total":2468962,"porcentaje_participacion":63.88,"partido_1":["PP",45.0],"partido_2":["PSOE",24.0],"partido_3":["BNG",17.0],"resto_partidos_percent":12,"info":"","parent":[],"parent_url":[],"parent_results":null,"evolution":"0,0,0,0,0,0,0,0,0,0,0,0,0,0,0,0,0,0,0,0,0,0,0,0,0,41.44088363,41.83577382,42.48643771,42.72031526,42.99436929,43.24172308,43.50518659,43.73543832,43.93097653,44.1136094,44.32795847,0"},"Comunidad_Foral_de_Navarra":{"cartodb_id":9,"x_coordinate":214.29,"y_coordinate":226.8,"variable":"40.24634717","variable_max_value":42.58933629,"variable_min_value":33.55679749,"radius":60.01,"color":["#5AB0E9"],"children_json_url":"json/generated_data/provincias/Comunidad_Foral_de_Navarra_edad_media_absoluta_2000.json","censo_total":452558,"porcentaje_participacion":66.69,"partido_1":["PP",30.0],"partido_2":["PSOE",18.0],"partido_3":["EH",14.0],"resto_partidos_percent":36,"info":"","parent":[],"parent_url":[],"parent_results":null,"evolution":"0,0,0,0,0,0,0,0,0,0,0,0,0,0,0,0,0,0,0,0,0,0,0,0,0,40.24634717,40.27710094,40.56409797,40.56774355,40.64942863,40.70078117,40.77737699,40.89453453,40.82882505,40.83166714,40.92504443,0"},"Castilla_y_León":{"cartodb_id":4,"x_coordinate":233.33,"y_coordinate":238.28,"variable":"42.28400705","variable_max_value":42.58933629,"variable_min_value":33.55679749,"radius":61.03,"color":["#5AB0E9"],"children_json_url":"json/generated_data/provincias/Castilla_y_León_edad_media_absoluta_2000.json","censo_total":2169461,"porcentaje_participacion":68.38,"partido_1":["PP",46.0],"partido_2":["PSOE",32.0],"partido_3":["IU",3.0],"resto_partidos_percent":17,"info":"","parent":[],"parent_url":[],"parent_results":null,"evolution":"0,0,0,0,0,0,0,0,0,0,0,0,0,0,0,0,0,0,0,0,0,0,0,0,0,42.28400705,42.64636438,43.29291529,43.44740248,43.64757021,43.78187936,43.9459378,44.09767811,44.11761877,44.25973183,44.47071809,0"},"Castilla-La_Mancha":{"cartodb_id":5,"x_coordinate":-138.1,"y_coordinate":221.65,"variable":"39.33242863","variable_max_value":42.58933629,