{"Andalucía":{"cartodb_id":1,"x_coordinate":-134.04,"y_coordinate":205.61,"variable":"37.6024703","variable_max_value":43.89176208,"variable_min_value":34.57830537,"radius":59.34,"color":["#D94B5F"],"children_json_url":"json/generated_data/provincias/Andalucía_edad_media_absoluta_2003.json","censo_total":5983882,"porcentaje_participacion":65.57,"partido_1":["PSOE",38.0],"partido_2":["PP",30.0],"partido_3":["IU",9.0],"resto_partidos_percent":21,"info":"","parent":[],"parent_url":[],"parent_results":null,"evolution":"0,0,0,0,0,0,0,0,0,0,0,0,0,0,0,0,0,0,0,0,0,0,0,0,0,36.46134714,37.01973037,37.45910827,37.6024703,37.79439489,37.94102601,38.11637678,38.28864945,38.42884183,38.59035679,38.81306001,0"},"Principado_de_Asturias":{"cartodb_id":18,"x_coordinate":104.26,"y_coordinate":240.0,"variable":"43.89176208","variable_max_value":43.89176208,"variable_min_value":34.57830537,"radius":57.73,"color":["#64B7DE"],"children_json_url":"json/generated_data/provincias/Principado_de_Asturias_edad_media_absoluta_2003.json","censo_total":976213,"porcentaje_participacion":62.88,"partido_1":["PP",38.0],"partido_2":["PSOE",37.0],"partido_3":["IU",11.0],"resto_partidos_percent":12,"info":"","parent":[],"parent_url":[],"parent_results":null,"evolution":"0,0,0,0,0,0,0,0,0,0,0,0,0,0,0,0,0,0,0,0,0,0,0,0,0,42.58933629,42.95833461,43.62541633,43.89176208,44.17547946,44.38108087,44.62542065,44.85725516,45.01024499,45.11543745,45.31288312,0"},"Islas_Baleares":{"cartodb_id":13,"x_coordinate":193.62,"y_coordinate":209.14,"variable":"38.24784005","variable_max_value":43.89176208,"variable_min_value":34.57830537,"radius":57.73,"color":["#64B7DE"],"children_json_url":"json/generated_data/provincias/Islas_Baleares_edad_media_absoluta_2003.json","censo_total":650520,"porcentaje_participacion":62.89,"partido_1":["PP",42.0],"partido_2":["PSOE",20.0],"partido_3":["UM",4.0],"resto_partidos_percent":32,"info":"","parent":[],"parent_url":[],"parent_results":null,"evolution":"0,0,0,0,0,0,0,0,0,0,0,0,0,0,0,0,0,0,0,0,0,0,0,0,0,38.00996299,38.04258349,38.21787238,38.24784005,38.27646341,38.41905301,38.62097852,38.68481056,38.703421,38.8247878,39.04782067,0"},"Islas_Canarias":{"cartodb_id":14,"x_coordinate":0,"y_coordinate":200.83,"variable":"36.72785176","variable_max_value":43.89176208,"variable_min_value":34.57830537,"radius":59.83,"color":["#AAAAAA"],"children_json_url":"json/generated_data/provincias/Islas_Canarias_edad_media_absoluta_2003.json","censo_total":732213,"porcentaje_participacion":66.39,"partido_1":["CC",58.0],"partido_2":["PSOE",51.0],"partido_3":["PP",45.0],"resto_partidos_percent":-54,"info":"","parent":[],"parent_url":[],"parent_results":null,"evolution":"0,0,0,0,0,0,0,0,0,0,0,0,0,0,0,0,0,0,0,0,0,0,0,0,0,35.84114268,36.1917186,36.4863797,36.72785176,36.98387139,37.31501362,37.65731953,37.90832898,38.16538887,38.50389117,38.9084535,0"},"Cantabria":{"cartodb_id":3,"x_coordinate":138.3,"y_coordinate":227.33,"variable":"41.5750332","variable_max_value":43.89176208,"variable_min_value":34.57830537,"radius":63.78,"color":["#64B7DE"],"children_json_url":"json/generated_data/provincias/Cantabria_edad_media_absoluta_2003.json","censo_total":477056,"porcentaje_participacion":72.96,"partido_1":["PP",38.0],"partido_2":["PSOE",29.0],"partido_3":["PRC",18.0],"resto_partidos_percent":12,"info":"","parent":[],"parent_url":[],"parent_results":null,"evolution":"0,0,0,0,0,0,0,0,0,0,0,0,0,0,0,0,0,0,0,0,0,0,0,0,0,40.70925278,40.89926824,41.41656908,41.5750332,41.74447713,41.88998931,42.0550528,42.21709111,42.28799872,42.31293117,42.49511186,0"},"Comunidad_de_Madrid":{"cartodb_id":8,"x_coordinate":134.04,"y_coordinate":212.3,"variable":"38.82518375","variable_max_value":43.89176208,"variable_min_value":34.57830537,"radius":61.42,"color":["#64B7DE"],"children_json_url":"json/generated_data/provincias/Comunidad_de_Madrid_edad_media_absoluta_2003.json","censo_total":4456963,"porcentaje_participacion":69.03,"partido_1":["PP",45.0],"partido_2":["PSOE",37.0],"partido_3":["IU",7.0],"resto_partidos_percent":9,"info":"","parent":[],"parent_url":[],"parent_results":null,"evolution":"0,0,0,0,0,0,0,0,0,0,0,0,0,0,0,0,0,0,0,0,0,0,0,0,0,38.49100897,38.57036914,38.84977725,38.82518375,38.93958685,38.89605279,39.06721816,39.1409102,39.14537972,39.24158798,39.40705614,0"},"Aragón":{"cartodb_id":2,"x_coordinate":-125.53,"y_coordinate":232.1,"variable":"42.44698762","variable_max_value":43.89176208,"variable_min_value":34.57830537,"radius":62.25,"color":["#D94B5F"],"children_json_url":"json/generated_data/provincias/Aragón_edad_media_absoluta_2003.json","censo_total":1019187,"porcentaje_participacion":70.42,"partido_1":["PSOE",36.0],"partido_2":["PP",30.0],"partido_3":["CHA",11.0],"resto_partidos_percent":21,"info":"","parent":[],"parent_url":[],"parent_results":null,"evolution":"0,0,0,0,0,0,0,0,0,0,0,0,0,0,0,0,0,0,0,0,0,0,0,0,0,41.91945687,42.10643691,42.45415658,42.44698762,42.48105209,42.46466308,42.53582038,42.50824622,42.35079033,42.32108783,42.4653458,0"},"Cataluña":{"cartodb_id":6,"x_coordinate":-146.81,"y_coordinate":219.3,"variable":"40.10521206","variable_max_value":43.89176208,"variable_min_value":34.57830537,"radius":56.88,"color":["#D94B5F"],"children_json_url":"json/generated_data/provincias/Cataluña_edad_media_absoluta_2003.json","censo_total":5307871,"porcentaje_participacion":61.47,"partido_1":["PSOE",33.0],"partido_2":["CIU",22.0],"partido_3":["PP",7.0],"resto_partidos_percent":35,"info":"","parent":[],"parent_url":[],"parent_results":null,"evolution":"0,0,0,0,0,0,0,0,0,0,0,0,0,0,0,0,0,0,0,0,0,0,0,0,0,39.76292091,39.87235523,40.16276105,40.10521206,40.13132777,40.08530228,40.10183179,40.17850074,40.15344704,40.18285996,40.31822893,0"},"Galicia":{"cartodb_id":12,"x_coordinate":168.09,"y_coordinate":233.59,"variable":"42.72031526","variable_max_value":43.89176208,"variable_min_value":34.57830537,"radius":59.73,"color":["#64B7DE"],"children_json_url":"json/generated_data/provincias/Galicia_edad_media_absoluta_2003.json","censo_total":2546251,"porcentaje_participacion":66.22,"partido_1":["PP",41.0],"partido_2":["PSOE",25.0],"partido_3":["BNG",18.0],"resto_partidos_percent":14,"info":"","parent":[],"parent_url":[],"parent_results":null,"evolution":"0,0,0,0,0,0,0,0,0,0,0,0,0,0,0,0,0,0,0,0,0,0,0,0,0,41.44088363,41.83577382,42.48643771,42.72031526,42.99436929,43.24172308,43.50518659,43.73543832,43.93097653,44.1136094,44.32795847,0"},"Comunidad_Foral_de_Navarra":{"cartodb_id":9,"x_coordinate":151.06,"y_coordinate":221.82,"variable":"40.56774355","variable_max_value":43.89176208,"variable_min_value":34.57830537,"radius":62.64,"color":["#64B7DE"],"children_json_url":"json/generated_data/provincias/Comunidad_Foral_de_Navarra_edad_media_absoluta_2003.json","censo_total":451476,"porcentaje_participacion":71.06,"partido_1":["PP",32.0],"partido_2":["PSOE",20.0],"partido_3":["IU",5.0],"resto_partidos_percent":41,"info":"","parent":[],"parent_url":[],"parent_results":null,"evolution":"0,0,0,0,0,0,0,0,0,0,0,0,0,0,0,0,0,0,0,0,0,0,0,0,0,40.24634717,40.27710094,40.56409797,40.56774355,40.64942863,40.70078117,40.77737699,40.89453453,40.82882505,40.83166714,40.92504443,0"},"Castilla_y_León":{"cartodb_id":4,"x_coordinate":142.55,"y_coordinate":237.57,"variable":"43.44740248","variable_max_value":43.89176208,"variable_min_value":34.57830537,"radius":63.61,"color":["#64B7DE"],"children_json_url":"json/generated_data/provincias/Castilla_y_León_edad_media_absoluta_2003.json","censo_total":2164390,"porcentaje_participacion":72.68,"partido_1":["PP",45.0],"partido_2":["PSOE",35.0],"partido_3":["UPL",2.0],"resto_partidos_percent":15,"info":"","parent":[],"parent_url":[],"parent_results":null,"evolution":"0,0,0,0,0,0,0,0,0,0,0,0,0,0,0,0,0,0,0,0,0,0,0,0,0,42.28400705,42.64636438,43.29291529,43.44740248,43.64757021,43.78187936,43.9459378,44.09767811,44.11761877,44.25973183,44.47071809,0"},"Castilla-La_Mancha":{"cartodb_id":5,"x_coordinate":-138.3,"y_coordinate":219.83,"variable":"40.20280915","variable_max_value":43.89176208,