{"Andalucía":{"cartodb_id":1,"x_coordinate":-300.0,"y_coordinate":111.63,"variable":"52.021204","variable_max_value":111.84675,"variable_min_value":38.02801,"radius":56.69,"color":["#D8282A"],"children_json_url":"json/generated_data/provincias/Andalucía_envejecimiento_1993.json","censo_total":5088654,"porcentaje_participacion":61.16,"partido_1":["PSOE",45.0],"partido_2":["PP",18.0],"partido_3":["IU",11.0],"resto_partidos_percent":24,"info":"","parent":[],"parent_url":[],"parent_results":null,"evolution":"0,0,0,0,0,0,0,0,0,0,0,0,0,0,0,0,47.16287,49.506617,52.021204,54.736058,57.721509,60.92397,64.235273,67.500294,70.724587,73.681881,76.167373,78.231377,79.613992,80.834912,81.804502,82.49056,83.30857,83.679038,83.823265,84.304623,85.002346"},"Principado_de_Asturias":{"cartodb_id":18,"x_coordinate":-188.89,"y_coordinate":233.47,"variable":"108.80557","variable_max_value":111.84675,"variable_min_value":38.02801,"radius":55.23,"color":["#D94B5F"],"children_json_url":"json/generated_data/provincias/Principado_de_Asturias_envejecimiento_1993.json","censo_total":912733,"porcentaje_participacion":58.72,"partido_1":["PSOE",39.0],"partido_2":["PP",27.0],"partido_3":["IU",11.0],"resto_partidos_percent":21,"info":"","parent":[],"parent_url":[],"parent_results":null,"evolution":"0,0,0,0,0,0,0,0,0,0,0,0,0,0,0,0,93.569004,100.795085,108.80557,117.817319,127.638121,137.945076,148.407679,159.078617,169.585655,179.446289,187.850827,194.966649,198.776038,200.438884,201.215681,200.973162,200.236157,198.258775,196.678416,195.164937,194.123823"},"Islas_Baleares":{"cartodb_id":13,"x_coordinate":203.7,"y_coordinate":151.47,"variable":"70.590151","variable_max_value":111.84675,"variable_min_value":38.02801,"radius":56.04,"color":["#5AB0E9"],"children_json_url":"json/generated_data/provincias/Islas_Baleares_envejecimiento_1993.json","censo_total":530422,"porcentaje_participacion":60.07,"partido_1":["PP",42.0],"partido_2":["PSOE",28.0],"partido_3":["INDEP",5.0],"resto_partidos_percent":22,"info":"","parent":[],"parent_url":[],"parent_results":null,"evolution":"0,0,0,0,0,0,0,0,0,0,0,0,0,0,0,0,66.739172,68.540976,70.590151,73.114518,75.693951,78.203714,80.57705,82.60901,84.100262,85.305145,85.832961,86.099125,84.559895,83.745846,83.116721,82.359855,81.712003,81.075524,81.394143,81.745478,82.784362"},"Islas_Canarias":{"cartodb_id":14,"x_coordinate":-277.78,"y_coordinate":92.77,"variable":"43.231215","variable_max_value":111.84675,"variable_min_value":38.02801,"radius":57.65,"color":["#D8282A"],"children_json_url":"json/generated_data/provincias/Islas_Canarias_envejecimiento_1993.json","censo_total":586057,"porcentaje_participacion":62.75,"partido_1":["PSOE",60.0],"partido_2":["AIC",36.0],"partido_3":["INDEP",17.0],"resto_partidos_percent":-14,"info":"","parent":[],"parent_url":[],"parent_results":null,"evolution":"0,0,0,0,0,0,0,0,0,0,0,0,0,0,0,0,39.075853,41.11512,43.231215,45.597736,48.182498,51.059508,53.999165,57.069187,60.041164,62.709423,64.778657,66.18643,67.533916,69.180065,70.416246,71.759622,73.19888,74.799099,76.603763,79.164457,81.850258"},"Cantabria":{"cartodb_id":3,"x_coordinate":-188.89,"y_coordinate":187.92,"variable":"87.57572","variable_max_value":111.84675,"variable_min_value":38.02801,"radius":63.38,"color":["#D94B5F"],"children_json_url":"json/generated_data/provincias/Cantabria_envejecimiento_1993.json","censo_total":410936,"porcentaje_participacion":72.3,"partido_1":["PSOE",35.0],"partido_2":["UPCA",23.0],"partido_3":["PP",19.0],"resto_partidos_percent":21,"info":"","parent":[],"parent_url":[],"parent_results":null,"evolution":"0,0,0,0,0,0,0,0,0,0,0,0,0,0,0,0,76.556028,81.83796,87.57572,93.917831,100.887324,108.118072,115.289805,122.34739,129.122101,135.15473,139.903973,144.055687,144.996329,144.83421,144.37808,143.310873,142.129164,139.347564,137.035027,135.872863,135.348916"},"Comunidad_de_Madrid":{"cartodb_id":8,"x_coordinate":129.63,"y_coordinate":137.66,"variable":"64.152955","variable_max_value":111.84675,"variable_min_value":38.02801,"radius":55.24,"color":["#64B7DE"],"children_json_url":"json/generated_data/provincias/Comunidad_de_Madrid_envejecimiento_1993.json","censo_total":3845446,"porcentaje_participacion":58.74,"partido_1":["PP",40.0],"partido_2":["PSOE",36.0],"partido_3":["IU",11.0],"resto_partidos_percent":11,"info":"","parent":[],"parent_url":[],"parent_results":null,"evolution":"0,0,0,0,0,0,0,0,0,0,0,0,0,0,0,0,56.517094,60.241164,64.152955,68.386519,72.841378,77.481529,81.906139,86.053491,89.817062,92.805072,94.685781,94.571874,93.40942,92.510241,92.072653,91.360407,90.756792,90.10388,90.178135,90.577306,91.491383"},"Aragón":{"cartodb_id":2,"x_coordinate":-255.56,"y_coordinate":240.0,"variable":"111.84675","variable_max_value":111.84675,"variable_min_value":38.02801,"radius":58.63,"color":["#D8282A"],"children_json_url":"json/generated_data/provincias/Aragón_envejecimiento_1993.json","censo_total":961154,"porcentaje_participacion":64.39,"partido_1":["PSOE",42.0],"partido_2":["PP",21.0],"partido_3":["PAR",20.0],"resto_partidos_percent":14,"info":"","parent":[],"parent_url":[],"parent_results":null,"evolution":"0,0,0,0,0,0,0,0,0,0,0,0,0,0,0,0,100.160009,105.932725,111.84675,118.287794,124.783013,131.307079,137.679918,143.511526,148.788874,152.999358,156.063299,157.355206,156.213519,154.43463,152.495645,150.217037,147.842332,144.514726,141.710467,140.178085,138.90705"},"Cataluña":{"cartodb_id":6,"x_coordinate":-122.22,"y_coordinate":175.81,"variable":"81.932042","variable_max_value":111.84675,"variable_min_value":38.02801,"radius":54.73,"color":["#D94B5F"],"children_json_url":"json/generated_data/provincias/Cataluña_envejecimiento_1993.json","censo_total":4769325,"porcentaje_participacion":57.89,"partido_1":["PSOE",36.0],"partido_2":["CIU",33.0],"partido_3":["IU",6.0],"resto_partidos_percent":23,"info":"","parent":[],"parent_url":[],"parent_results":null,"evolution":"0,0,0,0,0,0,0,0,0,0,0,0,0,0,0,0,72.337825,77.032628,81.932042,87.165195,92.540817,97.952007,103.013288,107.550725,111.413215,114.585823,116.366093,117.181819,114.909613,112.758498,111.050034,109.034201,107.256981,105.085135,103.876494,103.051539,102.967125"},"Galicia":{"cartodb_id":12,"x_coordinate":166.67,"y_coordinate":202.28,"variable":"94.270074","variable_max_value":111.84675,"variable_min_value":38.02801,"radius":57.5,"color":["#64B7DE"],"children_json_url":"json/generated_data/provincias/Galicia_envejecimiento_1993.json","censo_total":2247264,"porcentaje_participacion":62.49,"partido_1":["PP",40.0],"partido_2":["PSOE",31.0],"partido_3":["BNG",5.0],"resto_partidos_percent":23,"info":"","parent":[],"parent_url":[],"parent_results":null,"evolution":"0,0,0,0,0,0,0,0,0,0,0,0,0,0,0,0,83.133914,88.427674,94.270074,100.691064,107.90037,115.842367,124.079429,132.51652,140.999775,149.262187,155.935144,162.569493,166.413263,169.123194,171.287565,172.774012,174.205694,174.758564,175.585953,176.229715,177.176052"},"Comunidad_Foral_de_Navarra":{"cartodb_id":9,"x_coordinate":-107.41,"y_coordinate":193.75,"variable":"90.294321","variable_max_value":111.84675,"variable_min_value":38.02801,"radius":59.75,"color":["#D94B5F"],"children_json_url":"json/generated_data/provincias/Comunidad_Foral_de_Navarra_envejecimiento_1993.json","censo_total":411895,"porcentaje_participacion":66.24,"partido_1":["PSOE",26.0],"partido_2":["UPN",25.0],"partido_3":["INDEP",21.0],"resto_partidos_percent":26,"info":"","parent":[],"parent_url":[],"parent_results":null,"evolution":"0,0,0,0,0,0,0,0,0,0,0,0,0,0,0,0,80.624202,85.203091,90.294321,95.452371,100.608038,105.720466,110.279386,114.30315,117.840086,120.496633,122.035677,122.135868,120.590445,118.677269,117.152159,115.629177,114.32646,112.79654,111.619424,110.701259,110.816408"},"Castilla_y_León":{"cartodb_id":4,"x_coordinate":144.44,"y_coordinate":232.45,"variable":"108.328251","variable_max_value":111.84675,"variable_min_value":38.02801,"radius":60.85,"color":["#64B7DE"],