{"Andalucía":{"cartodb_id":1,"x_coordinate":-138.3,"y_coordinate":99.85,"variable":"83.30857","variable_max_value":200.236157,"variable_min_value":58.186864,"radius":56.97,"color":["#D94B5F"],"children_json_url":"json/generated_data/provincias/Andalucía_envejecimiento_2007.json","censo_total":6247815,"porcentaje_participacion":61.62,"partido_1":["PSOE",40.0],"partido_2":["PP",31.0],"partido_3":["IU",10.0],"resto_partidos_percent":17,"info":"","parent":[],"parent_url":[],"parent_results":null,"evolution":"0,0,0,0,0,0,0,0,0,0,0,0,0,0,0,0,47.16287,49.506617,52.021204,54.736058,57.721509,60.92397,64.235273,67.500294,70.724587,73.681881,76.167373,78.231377,79.613992,80.834912,81.804502,82.49056,83.30857,83.679038,83.823265,84.304623,85.002346"},"Principado_de_Asturias":{"cartodb_id":18,"x_coordinate":-100.0,"y_coordinate":240.0,"variable":"200.236157","variable_max_value":200.236157,"variable_min_value":58.186864,"radius":56.66,"color":["#D94B5F"],"children_json_url":"json/generated_data/provincias/Principado_de_Asturias_envejecimiento_2007.json","censo_total":973687,"porcentaje_participacion":61.1,"partido_1":["PSOE",39.0],"partido_2":["PP",39.0],"partido_3":["IU",7.0],"resto_partidos_percent":13,"info":"","parent":[],"parent_url":[],"parent_results":null,"evolution":"0,0,0,0,0,0,0,0,0,0,0,0,0,0,0,0,93.569004,100.795085,108.80557,117.817319,127.638121,137.945076,148.407679,159.078617,169.585655,179.446289,187.850827,194.966649,198.776038,200.438884,201.215681,200.973162,200.236157,198.258775,196.678416,195.164937,194.123823"},"Islas_Baleares":{"cartodb_id":13,"x_coordinate":163.83,"y_coordinate":97.94,"variable":"81.712003","variable_max_value":200.236157,"variable_min_value":58.186864,"radius":55.83,"color":["#64B7DE"],"children_json_url":"json/generated_data/provincias/Islas_Baleares_envejecimiento_2007.json","censo_total":673614,"porcentaje_participacion":59.71,"partido_1":["PP",43.0],"partido_2":["PSOE",28.0],"partido_3":["PSM-EN,ESQU",6.0],"resto_partidos_percent":22,"info":"","parent":[],"parent_url":[],"parent_results":null,"evolution":"0,0,0,0,0,0,0,0,0,0,0,0,0,0,0,0,66.739172,68.540976,70.590151,73.114518,75.693951,78.203714,80.57705,82.60901,84.100262,85.305145,85.832961,86.099125,84.559895,83.745846,83.116721,82.359855,81.712003,81.075524,81.394143,81.745478,82.784362"},"Islas_Canarias":{"cartodb_id":14,"x_coordinate":-168.09,"y_coordinate":87.74,"variable":"73.19888","variable_max_value":200.236157,"variable_min_value":58.186864,"radius":57.33,"color":["#D94B5F"],"children_json_url":"json/generated_data/provincias/Islas_Canarias_envejecimiento_2007.json","censo_total":766012,"porcentaje_participacion":62.22,"partido_1":["PSOE",58.0],"partido_2":["CC-PNC",42.0],"partido_3":["PP",38.0],"resto_partidos_percent":-40,"info":"","parent":[],"parent_url":[],"parent_results":null,"evolution":"0,0,0,0,0,0,0,0,0,0,0,0,0,0,0,0,39.075853,41.11512,43.231215,45.597736,48.182498,51.059508,53.999165,57.069187,60.041164,62.709423,64.778657,66.18643,67.533916,69.180065,70.416246,71.759622,73.19888,74.799099,76.603763,79.164457,81.850258"},"Cantabria":{"cartodb_id":3,"x_coordinate":159.57,"y_coordinate":170.35,"variable":"142.129164","variable_max_value":200.236157,"variable_min_value":58.186864,"radius":62.98,"color":["#64B7DE"],"children_json_url":"json/generated_data/provincias/Cantabria_envejecimiento_2007.json","censo_total":484780,"porcentaje_participacion":71.63,"partido_1":["PP",40.0],"partido_2":["PSOE",26.0],"partido_3":["PRC",20.0],"resto_partidos_percent":12,"info":"","parent":[],"parent_url":[],"parent_results":null,"evolution":"0,0,0,0,0,0,0,0,0,0,0,0,0,0,0,0,76.556028,81.83796,87.57572,93.917831,100.887324,108.118072,115.289805,122.34739,129.122101,135.15473,139.903973,144.055687,144.996329,144.83421,144.37808,143.310873,142.129164,139.347564,137.035027,135.872863,135.348916"},"Comunidad_de_Madrid":{"cartodb_id":8,"x_coordinate":176.6,"y_coordinate":108.78,"variable":"90.756792","variable_max_value":200.236157,"variable_min_value":58.186864,"radius":59.96,"color":["#64B7DE"],"children_json_url":"json/generated_data/provincias/Comunidad_de_Madrid_envejecimiento_2007.json","censo_total":4497447,"porcentaje_participacion":66.61,"partido_1":["PP",50.0],"partido_2":["PSOE",32.0],"partido_3":["IU",8.0],"resto_partidos_percent":8,"info":"","parent":[],"parent_url":[],"parent_results":null,"evolution":"0,0,0,0,0,0,0,0,0,0,0,0,0,0,0,0,56.517094,60.241164,64.152955,68.386519,72.841378,77.481529,81.906139,86.053491,89.817062,92.805072,94.685781,94.571874,93.40942,92.510241,92.072653,91.360407,90.756792,90.10388,90.178135,90.577306,91.491383"},"Aragón":{"cartodb_id":2,"x_coordinate":-138.3,"y_coordinate":177.2,"variable":"147.842332","variable_max_value":200.236157,"variable_min_value":58.186864,"radius":59.74,"color":["#D94B5F"],"children_json_url":"json/generated_data/provincias/Aragón_envejecimiento_2007.json","censo_total":1022258,"porcentaje_participacion":66.24,"partido_1":["PSOE",38.0],"partido_2":["PP",29.0],"partido_3":["PAR",8.0],"resto_partidos_percent":22,"info":"","parent":[],"parent_url":[],"parent_results":null,"evolution":"0,0,0,0,0,0,0,0,0,0,0,0,0,0,0,0,100.160009,105.932725,111.84675,118.287794,124.783013,131.307079,137.679918,143.511526,148.788874,152.999358,156.063299,157.355206,156.213519,154.43463,152.495645,150.217037,147.842332,144.514726,141.710467,140.178085,138.90705"},"Cataluña":{"cartodb_id":6,"x_coordinate":-129.79,"y_coordinate":128.56,"variable":"107.256981","variable_max_value":200.236157,"variable_min_value":58.186864,"radius":52.32,"color":["#D94B5F"],"children_json_url":"json/generated_data/provincias/Cataluña_envejecimiento_2007.json","censo_total":5363005,"porcentaje_participacion":53.86,"partido_1":["PSOE",31.0],"partido_2":["CIU",24.0],"partido_3":["PP",6.0],"resto_partidos_percent":36,"info":"","parent":[],"parent_url":[],"parent_results":null,"evolution":"0,0,0,0,0,0,0,0,0,0,0,0,0,0,0,0,72.337825,77.032628,81.932042,87.165195,92.540817,97.952007,103.013288,107.550725,111.413215,114.585823,116.366093,117.181819,114.909613,112.758498,111.050034,109.034201,107.256981,105.085135,103.876494,103.051539,102.967125"},"Galicia":{"cartodb_id":12,"x_coordinate":146.81,"y_coordinate":208.8,"variable":"174.205694","variable_max_value":200.236157,"variable_min_value":58.186864,"radius":58.08,"color":["#64B7DE"],"children_json_url":"json/generated_data/provincias/Galicia_envejecimiento_2007.json","censo_total":2613097,"porcentaje_participacion":63.46,"partido_1":["PP",39.0],"partido_2":["PSOE",28.0],"partido_3":["BNG",17.0],"resto_partidos_percent":14,"info":"","parent":[],"parent_url":[],"parent_results":null,"evolution":"0,0,0,0,0,0,0,0,0,0,0,0,0,0,0,0,83.133914,88.427674,94.270074,100.691064,107.90037,115.842367,124.079429,132.51652,140.999775,149.262187,155.935144,162.569493,166.413263,169.123194,171.287565,172.774012,174.205694,174.758564,175.585953,176.229715,177.176052"},"Comunidad_Foral_de_Navarra":{"cartodb_id":9,"x_coordinate":159.57,"y_coordinate":137.03,"variable":"114.32646","variable_max_value":200.236157,"variable_min_value":58.186864,"radius":63.92,"color":["#64B7DE"],"children_json_url":"json/generated_data/provincias/Comunidad_Foral_de_Navarra_envejecimiento_2007.json","censo_total":468076,"porcentaje_participacion":73.2,"partido_1":["PP",32.0],"partido_2":["PSOE",18.0],"partido_3":["NB",13.0],"resto_partidos_percent":34,"info":"","parent":[],"parent_url":[],"parent_results":null,"evolution":"0,0,0,0,0,0,0,0,0,0,0,0,0,0,0,0,80.624202,85.203091,90.294321,95.452371,100.608038,105.720466,110.279386,114.30315,117.840086,120.496633,122.035677,122.135868,120.590445,118.677269,117.152159,115.629177,114.32646,112.79654,111.619424,110.701259,110.816408"},"Castilla_y_León":{"cartodb_id":4,"x_coordinate":142.55,"y_coordinate":216.04,"variable":"180.246019","variable_max_value":200.236157,"variable_min_value":58.186864,"radius":62.35,"color":["#64B7DE"],