{"Andalucía":{"cartodb_id":1,"x_coordinate":-166.67,"y_coordinate":100.09,"variable":"70.724587","variable_max_value":169.585655,"variable_min_value":46.890188,"radius":58.79,"color":["#D94B5F"],"children_json_url":"json/generated_data/provincias/Andalucía_envejecimiento_1999.json","censo_total":5834030,"porcentaje_participacion":64.64,"partido_1":["PSOE",37.0],"partido_2":["PP",30.0],"partido_3":["IU",10.0],"resto_partidos_percent":21,"info":"","parent":[],"parent_url":[],"parent_results":null,"evolution":"0,0,0,0,0,0,0,0,0,0,0,0,0,0,0,0,47.16287,49.506617,52.021204,54.736058,57.721509,60.92397,64.235273,67.500294,70.724587,73.681881,76.167373,78.231377,79.613992,80.834912,81.804502,82.49056,83.30857,83.679038,83.823265,84.304623,85.002346"},"Principado_de_Asturias":{"cartodb_id":18,"x_coordinate":-176.19,"y_coordinate":240.0,"variable":"169.585655","variable_max_value":169.585655,"variable_min_value":46.890188,"radius":58.47,"color":["#D94B5F"],"children_json_url":"json/generated_data/provincias/Principado_de_Asturias_envejecimiento_1999.json","censo_total":967166,"porcentaje_participacion":64.11,"partido_1":["PSOE",41.0],"partido_2":["PP",33.0],"partido_3":["IU",11.0],"resto_partidos_percent":13,"info":"","parent":[],"parent_url":[],"parent_results":null,"evolution":"0,0,0,0,0,0,0,0,0,0,0,0,0,0,0,0,93.569004,100.795085,108.80557,117.817319,127.638121,137.945076,148.407679,159.078617,169.585655,179.446289,187.850827,194.966649,198.776038,200.438884,201.215681,200.973162,200.236157,198.258775,196.678416,195.164937,194.123823"},"Islas_Baleares":{"cartodb_id":13,"x_coordinate":300.0,"y_coordinate":119.02,"variable":"84.100262","variable_max_value":169.585655,"variable_min_value":46.890188,"radius":54.31,"color":["#5AB0E9"],"children_json_url":"json/generated_data/provincias/Islas_Baleares_envejecimiento_1999.json","censo_total":609589,"porcentaje_participacion":57.18,"partido_1":["PP",40.0],"partido_2":["PSOE",19.0],"partido_3":["PSM-EN",10.0],"resto_partidos_percent":29,"info":"","parent":[],"parent_url":[],"parent_results":null,"evolution":"0,0,0,0,0,0,0,0,0,0,0,0,0,0,0,0,66.739172,68.540976,70.590151,73.114518,75.693951,78.203714,80.57705,82.60901,84.100262,85.305145,85.832961,86.099125,84.559895,83.745846,83.116721,82.359855,81.712003,81.075524,81.394143,81.745478,82.784362"},"Islas_Canarias":{"cartodb_id":14,"x_coordinate":0,"y_coordinate":84.97,"variable":"60.041164","variable_max_value":169.585655,"variable_min_value":46.890188,"radius":56.5,"color":["#AAAAAA"],"children_json_url":"json/generated_data/provincias/Islas_Canarias_envejecimiento_1999.json","censo_total":714545,"porcentaje_participacion":60.83,"partido_1":["CC",61.0],"partido_2":["PSOE",49.0],"partido_3":["PP",48.0],"resto_partidos_percent":-59,"info":"","parent":[],"parent_url":[],"parent_results":null,"evolution":"0,0,0,0,0,0,0,0,0,0,0,0,0,0,0,0,39.075853,41.11512,43.231215,45.597736,48.182498,51.059508,53.999165,57.069187,60.041164,62.709423,64.778657,66.18643,67.533916,69.180065,70.416246,71.759622,73.19888,74.799099,76.603763,79.164457,81.850258"},"Cantabria":{"cartodb_id":3,"x_coordinate":176.19,"y_coordinate":182.74,"variable":"129.122101","variable_max_value":169.585655,"variable_min_value":46.890188,"radius":62.4,"color":["#64B7DE"],"children_json_url":"json/generated_data/provincias/Cantabria_envejecimiento_1999.json","censo_total":453201,"porcentaje_participacion":70.67,"partido_1":["PP",38.0],"partido_2":["PSOE",30.0],"partido_3":["PRC",15.0],"resto_partidos_percent":15,"info":"","parent":[],"parent_url":[],"parent_results":null,"evolution":"0,0,0,0,0,0,0,0,0,0,0,0,0,0,0,0,76.556028,81.83796,87.57572,93.917831,100.887324,108.118072,115.289805,122.34739,129.122101,135.15473,139.903973,144.055687,144.996329,144.83421,144.37808,143.310873,142.129164,139.347564,137.035027,135.872863,135.348916"},"Comunidad_de_Madrid":{"cartodb_id":8,"x_coordinate":176.19,"y_coordinate":127.11,"variable":"89.817062","variable_max_value":169.585655,"variable_min_value":46.890188,"radius":56.52,"color":["#64B7DE"],"children_json_url":"json/generated_data/provincias/Comunidad_de_Madrid_envejecimiento_1999.json","censo_total":4274532,"porcentaje_participacion":60.86,"partido_1":["PP",44.0],"partido_2":["PSOE",36.0],"partido_3":["IU",9.0],"resto_partidos_percent":9,"info":"","parent":[],"parent_url":[],"parent_results":null,"evolution":"0,0,0,0,0,0,0,0,0,0,0,0,0,0,0,0,56.517094,60.241164,64.152955,68.386519,72.841378,77.481529,81.906139,86.053491,89.817062,92.805072,94.685781,94.571874,93.40942,92.510241,92.072653,91.360407,90.756792,90.10388,90.178135,90.577306,91.491383"},"Aragón":{"cartodb_id":2,"x_coordinate":157.14,"y_coordinate":210.57,"variable":"148.788874","variable_max_value":169.585655,"variable_min_value":46.890188,"radius":58.95,"color":["#64B7DE"],"children_json_url":"json/generated_data/provincias/Aragón_envejecimiento_1999.json","censo_total":1017080,"porcentaje_participacion":64.92,"partido_1":["PP",38.0],"partido_2":["PSOE",32.0],"partido_3":["PAR",8.0],"resto_partidos_percent":20,"info":"","parent":[],"parent_url":[],"parent_results":null,"evolution":"0,0,0,0,0,0,0,0,0,0,0,0,0,0,0,0,100.160009,105.932725,111.84675,118.287794,124.783013,131.307079,137.679918,143.511526,148.788874,152.999358,156.063299,157.355206,156.213519,154.43463,152.495645,150.217037,147.842332,144.514726,141.710467,140.178085,138.90705"},"Cataluña":{"cartodb_id":6,"x_coordinate":-214.29,"y_coordinate":157.67,"variable":"111.413215","variable_max_value":169.585655,"variable_min_value":46.890188,"radius":53.53,"color":["#D8282A"],"children_json_url":"json/generated_data/provincias/Cataluña_envejecimiento_1999.json","censo_total":5265778,"porcentaje_participacion":55.88,"partido_1":["PSOE",37.0],"partido_2":["CIU",25.0],"partido_3":["PP",8.0],"resto_partidos_percent":28,"info":"","parent":[],"parent_url":[],"parent_results":null,"evolution":"0,0,0,0,0,0,0,0,0,0,0,0,0,0,0,0,72.337825,77.032628,81.932042,87.165195,92.540817,97.952007,103.013288,107.550725,111.413215,114.585823,116.366093,117.181819,114.909613,112.758498,111.050034,109.034201,107.256981,105.085135,103.876494,103.051539,102.967125"},"Galicia":{"cartodb_id":12,"x_coordinate":300.0,"y_coordinate":199.54,"variable":"140.999775","variable_max_value":169.585655,"variable_min_value":46.890188,"radius":58.33,"color":["#5AB0E9"],"children_json_url":"json/generated_data/provincias/Galicia_envejecimiento_1999.json","censo_total":2468962,"porcentaje_participacion":63.88,"partido_1":["PP",45.0],"partido_2":["PSOE",24.0],"partido_3":["BNG",17.0],"resto_partidos_percent":12,"info":"","parent":[],"parent_url":[],"parent_results":null,"evolution":"0,0,0,0,0,0,0,0,0,0,0,0,0,0,0,0,83.133914,88.427674,94.270074,100.691064,107.90037,115.842367,124.079429,132.51652,140.999775,149.262187,155.935144,162.569493,166.413263,169.123194,171.287565,172.774012,174.205694,174.758564,175.585953,176.229715,177.176052"},"Comunidad_Foral_de_Navarra":{"cartodb_id":9,"x_coordinate":214.29,"y_coordinate":166.77,"variable":"117.840086","variable_max_value":169.585655,"variable_min_value":46.890188,"radius":60.01,"color":["#5AB0E9"],"children_json_url":"json/generated_data/provincias/Comunidad_Foral_de_Navarra_envejecimiento_1999.json","censo_total":452558,"porcentaje_participacion":66.69,"partido_1":["PP",30.0],"partido_2":["PSOE",18.0],"partido_3":["EH",14.0],"resto_partidos_percent":36,"info":"","parent":[],"parent_url":[],"parent_results":null,"evolution":"0,0,0,0,0,0,0,0,0,0,0,0,0,0,0,0,80.624202,85.203091,90.294321,95.452371,100.608038,105.720466,110.279386,114.30315,117.840086,120.496633,122.035677,122.135868,120.590445,118.677269,117.152159,115.629177,114.32646,112.79654,111.619424,110.701259,110.816408"},"Castilla_y_León":{"cartodb_id":4,"x_coordinate":233.33,"y_coordinate":218.71,"variable":"154.544795","variable_max_value":169.585655,"variable_min_value":46.890188,"radius":61.03,"color":["#5AB0E9"],