{"Andalucía":{"cartodb_id":1,"x_coordinate":-138.3,"y_coordinate":110.37,"variable":"128.1495098","variable_max_value":278.655091,"variable_min_value":-97.76822938,"radius":56.97,"color":["#D94B5F"],"children_json_url":"json/generated_data/provincias/Andalucía_inmigracion_normalizado_2008.json","censo_total":6247815,"porcentaje_participacion":61.62,"partido_1":["PSOE",40.0],"partido_2":["PP",31.0],"partido_3":["IU",10.0],"resto_partidos_percent":17,"info":"","parent":[],"parent_url":[],"parent_results":null,"evolution":"0,0,0,0,0,0,0,0,0,0,0,0,0,0,0,0,0,0,0,0,0,0,0,0,187.9785236,175.8012277,143.5998619,121.423202,116.4411163,114.4386576,123.3220934,131.0447778,129.1240198,128.1495098,128.7106741,132.209944,0"},"Principado_de_Asturias":{"cartodb_id":18,"x_coordinate":-100.0,"y_coordinate":-196.78,"variable":"-80.16270253","variable_max_value":278.655091,"variable_min_value":-97.76822938,"radius":56.66,"color":["#D94B5F"],"children_json_url":"json/generated_data/provincias/Principado_de_Asturias_inmigracion_normalizado_2008.json","censo_total":973687,"porcentaje_participacion":61.1,"partido_1":["PSOE",39.0],"partido_2":["PP",39.0],"partido_3":["IU",7.0],"resto_partidos_percent":13,"info":"","parent":[],"parent_url":[],"parent_results":null,"evolution":"0,0,0,0,0,0,0,0,0,0,0,0,0,0,0,0,0,0,0,0,0,0,0,0,-66.19234267,-67.83265273,-72.63757636,-75.9648226,-77.85776577,-78.55726587,-79.87718958,-80.20357936,-80.52081212,-80.16270253,-79.28513126,-78.78209274,0"},"Islas_Baleares":{"cartodb_id":13,"x_coordinate":163.83,"y_coordinate":-56.16,"variable":"-22.8766084","variable_max_value":278.655091,"variable_min_value":-97.76822938,"radius":55.83,"color":["#64B7DE"],"children_json_url":"json/generated_data/provincias/Islas_Baleares_inmigracion_normalizado_2008.json","censo_total":673614,"porcentaje_participacion":59.71,"partido_1":["PP",43.0],"partido_2":["PSOE",28.0],"partido_3":["PSM-EN,ESQU",6.0],"resto_partidos_percent":22,"info":"","parent":[],"parent_url":[],"parent_results":null,"evolution":"0,0,0,0,0,0,0,0,0,0,0,0,0,0,0,0,0,0,0,0,0,0,0,0,-8.568569284,-6.816760263,-11.24868606,-12.94966331,-16.03199453,-22.10002366,-23.89155921,-26.28617945,-23.59456479,-22.8766084,-23.27309466,-23.04405346,0"},"Islas_Canarias":{"cartodb_id":14,"x_coordinate":-168.09,"y_coordinate":10.24,"variable":"11.89469219","variable_max_value":278.655091,"variable_min_value":-97.76822938,"radius":57.33,"color":["#D94B5F"],"children_json_url":"json/generated_data/provincias/Islas_Canarias_inmigracion_normalizado_2008.json","censo_total":766012,"porcentaje_participacion":62.22,"partido_1":["PSOE",58.0],"partido_2":["CC-PNC",42.0],"partido_3":["PP",38.0],"resto_partidos_percent":-40,"info":"","parent":[],"parent_url":[],"parent_results":null,"evolution":"0,0,0,0,0,0,0,0,0,0,0,0,0,0,0,0,0,0,0,0,0,0,0,0,48.05770995,50.77581108,45.39423238,38.04094906,30.78393551,22.92832921,20.52918786,16.04494936,14.69609579,11.89469219,10.97362347,11.25081217,0"},"Cantabria":{"cartodb_id":3,"x_coordinate":159.57,"y_coordinate":-212.85,"variable":"-86.70870579","variable_max_value":278.655091,"variable_min_value":-97.76822938,"radius":62.98,"color":["#64B7DE"],"children_json_url":"json/generated_data/provincias/Cantabria_inmigracion_normalizado_2008.json","censo_total":484780,"porcentaje_participacion":71.63,"partido_1":["PP",40.0],"partido_2":["PSOE",26.0],"partido_3":["PRC",20.0],"resto_partidos_percent":12,"info":"","parent":[],"parent_url":[],"parent_results":null,"evolution":"0,0,0,0,0,0,0,0,0,0,0,0,0,0,0,0,0,0,0,0,0,0,0,0,-86.22069727,-86.71704951,-87.33957253,-87.63193645,-88.16254042,-87.90088056,-87.92025657,-87.51667658,-87.23234488,-86.70870579,-85.93778368,-85.64681979,0"},"Comunidad_de_Madrid":{"cartodb_id":8,"x_coordinate":176.6,"y_coordinate":227.49,"variable":"264.1265786","variable_max_value":278.655091,"variable_min_value":-97.76822938,"radius":59.96,"color":["#64B7DE"],"children_json_url":"json/generated_data/provincias/Comunidad_de_Madrid_inmigracion_normalizado_2008.json","censo_total":4497447,"porcentaje_participacion":66.61,"partido_1":["PP",50.0],"partido_2":["PSOE",32.0],"partido_3":["IU",8.0],"resto_partidos_percent":8,"info":"","parent":[],"parent_url":[],"parent_results":null,"evolution":"0,0,0,0,0,0,0,0,0,0,0,0,0,0,0,0,0,0,0,0,0,0,0,0,233.1268292,236.1474241,290.6526276,301.6126893,302.0467291,300.758513,286.4838629,262.380463,262.8241219,264.1265786,262.9081985,264.7989206,0"},"Aragón":{"cartodb_id":2,"x_coordinate":-138.3,"y_coordinate":-118.32,"variable":"-48.19808925","variable_max_value":278.655091,"variable_min_value":-97.76822938,"radius":59.74,"color":["#D94B5F"],"children_json_url":"json/generated_data/provincias/Aragón_inmigracion_normalizado_2008.json","censo_total":1022258,"porcentaje_participacion":66.24,"partido_1":["PSOE",38.0],"partido_2":["PP",29.0],"partido_3":["PAR",8.0],"resto_partidos_percent":22,"info":"","parent":[],"parent_url":[],"parent_results":null,"evolution":"0,0,0,0,0,0,0,0,0,0,0,0,0,0,0,0,0,0,0,0,0,0,0,0,-73.34079925,-72.52697698,-66.60838788,-60.7438864,-59.18420925,-55.60072727,-54.49631605,-55.11478574,-51.6881832,-48.19808925,-46.56487086,-47.3702341,0"},"Cataluña":{"cartodb_id":6,"x_coordinate":-129.79,"y_coordinate":240.0,"variable":"278.655091","variable_max_value":278.655091,"variable_min_value":-97.76822938,"radius":52.32,"color":["#D94B5F"],"children_json_url":"json/generated_data/provincias/Cataluña_inmigracion_normalizado_2008.json","censo_total":5363005,"porcentaje_participacion":53.86,"partido_1":["PSOE",31.0],"partido_2":["CIU",24.0],"partido_3":["PP",6.0],"resto_partidos_percent":36,"info":"","parent":[],"parent_url":[],"parent_results":null,"evolution":"0,0,0,0,0,0,0,0,0,0,0,0,0,0,0,0,0,0,0,0,0,0,0,0,218.6277009,226.1910179,223.8694034,237.7339776,258.8864597,273.051725,280.2224715,292.2215915,285.789543,278.655091,281.3643799,278.1115024,0"},"Galicia":{"cartodb_id":12,"x_coordinate":146.81,"y_coordinate":-94.18,"variable":"-38.36478216","variable_max_value":278.655091,"variable_min_value":-97.76822938,"radius":58.08,"color":["#64B7DE"],"children_json_url":"json/generated_data/provincias/Galicia_inmigracion_normalizado_2008.json","censo_total":2613097,"porcentaje_participacion":63.46,"partido_1":["PP",39.0],"partido_2":["PSOE",28.0],"partido_3":["BNG",17.0],"resto_partidos_percent":14,"info":"","parent":[],"parent_url":[],"parent_results":null,"evolution":"0,0,0,0,0,0,0,0,0,0,0,0,0,0,0,0,0,0,0,0,0,0,0,0,41.36650107,31.59076076,7.376286644,-9.660253534,-19.95403399,-24.45997435,-30.65959024,-33.86124422,-35.40679007,-38.36478216,-38.29584809,-38.02872756,0"},"Comunidad_Foral_de_Navarra":{"cartodb_id":9,"x_coordinate":159.57,"y_coordinate":-186.7,"variable":"-76.05530159","variable_max_value":278.655091,"variable_min_value":-97.76822938,"radius":63.92,"color":["#64B7DE"],"children_json_url":"json/generated_data/provincias/Comunidad_Foral_de_Navarra_inmigracion_normalizado_2008.json","censo_total":468076,"porcentaje_participacion":73.2,"partido_1":["PP",32.0],"partido_2":["PSOE",18.0],"partido_3":["NB",13.0],"resto_partidos_percent":34,"info":"","parent":[],"parent_url":[],"parent_results":null,"evolution":"0,0,0,0,0,0,0,0,0,0,0,0,0,0,0,0,0,0,0,0,0,0,0,0,-84.17741878,-81.14915254,-75.60344696,-73.11707707,-74.32982885,-74.58886579,-75.79811289,-75.52036931,-76.74505471,-76.05530159,-75.36805563,-74.87977692,0"},"Castilla_y_León":{"cartodb_id":4,"x_coordinate":142.55,"y_coordinate":-102.07,"variable":"-41.58167519","variable_max_value":278.655091,"variable_min_value":-97.76822938,"radius":62.35,"color":["#64B7DE"],"children_json_url":"json/generated_data/provincias/Castilla_y_León_inmigracion_normalizado_2008.json","censo_total":2158270,"porcentaje_participacion":70.58,"partido_1":["PP",46.0],"partido_2":["PSOE",36.0],"partido_3":["IU",2.0],"resto_partidos_percent":14,"info":"","parent":[],"parent_url":[],"parent_results":null,