{"Andalucía":{"cartodb_id":1,"x_coordinate":-134.04,"y_coordinate":129.2,"variable":"376202.0","variable_max_value":698808.0,"variable_min_value":6087.0,"radius":59.34,"color":["#D94B5F"],"children_json_url":"json/generated_data/provincias/Andalucía_inmigracion_2003.json","censo_total":5983882,"porcentaje_participacion":65.57,"partido_1":["PSOE",38.0],"partido_2":["PP",30.0],"partido_3":["IU",9.0],"resto_partidos_percent":21,"info":"","parent":[],"parent_url":[],"parent_results":null,"evolution":"0,0,0,0,0,0,0,0,0,0,0,0,0,0,0,0,0,0,0,0,0,0,0,0,187.9785236,175.8012277,143.5998619,121.423202,116.4411163,114.4386576,123.3220934,131.0447778,129.1240198,128.1495098,128.7106741,132.209944,0"},"Principado_de_Asturias":{"cartodb_id":18,"x_coordinate":104.26,"y_coordinate":13.22,"variable":"38486.0","variable_max_value":698808.0,"variable_min_value":6087.0,"radius":57.73,"color":["#64B7DE"],"children_json_url":"json/generated_data/provincias/Principado_de_Asturias_inmigracion_2003.json","censo_total":976213,"porcentaje_participacion":62.88,"partido_1":["PP",38.0],"partido_2":["PSOE",37.0],"partido_3":["IU",11.0],"resto_partidos_percent":12,"info":"","parent":[],"parent_url":[],"parent_results":null,"evolution":"0,0,0,0,0,0,0,0,0,0,0,0,0,0,0,0,0,0,0,0,0,0,0,0,-66.19234267,-67.83265273,-72.63757636,-75.9648226,-77.85776577,-78.55726587,-79.87718958,-80.20357936,-80.52081212,-80.16270253,-79.28513126,-78.78209274,0"},"Islas_Baleares":{"cartodb_id":13,"x_coordinate":193.62,"y_coordinate":50.12,"variable":"145947.0","variable_max_value":698808.0,"variable_min_value":6087.0,"radius":57.73,"color":["#64B7DE"],"children_json_url":"json/generated_data/provincias/Islas_Baleares_inmigracion_2003.json","censo_total":650520,"porcentaje_participacion":62.89,"partido_1":["PP",42.0],"partido_2":["PSOE",20.0],"partido_3":["UM",4.0],"resto_partidos_percent":32,"info":"","parent":[],"parent_url":[],"parent_results":null,"evolution":"0,0,0,0,0,0,0,0,0,0,0,0,0,0,0,0,0,0,0,0,0,0,0,0,-8.568569284,-6.816760263,-11.24868606,-12.94966331,-16.03199453,-22.10002366,-23.89155921,-26.28617945,-23.59456479,-22.8766084,-23.27309466,-23.04405346,0"},"Islas_Canarias":{"cartodb_id":14,"x_coordinate":0,"y_coordinate":78.07,"variable":"227319.0","variable_max_value":698808.0,"variable_min_value":6087.0,"radius":59.83,"color":["#AAAAAA"],"children_json_url":"json/generated_data/provincias/Islas_Canarias_inmigracion_2003.json","censo_total":732213,"porcentaje_participacion":66.39,"partido_1":["CC",58.0],"partido_2":["PSOE",51.0],"partido_3":["PP",45.0],"resto_partidos_percent":-54,"info":"","parent":[],"parent_url":[],"parent_results":null,"evolution":"0,0,0,0,0,0,0,0,0,0,0,0,0,0,0,0,0,0,0,0,0,0,0,0,48.05770995,50.77581108,45.39423238,38.04094906,30.78393551,22.92832921,20.52918786,16.04494936,14.69609579,11.89469219,10.97362347,11.25081217,0"},"Cantabria":{"cartodb_id":3,"x_coordinate":138.3,"y_coordinate":7.07,"variable":"20575.0","variable_max_value":698808.0,"variable_min_value":6087.0,"radius":63.78,"color":["#64B7DE"],"children_json_url":"json/generated_data/provincias/Cantabria_inmigracion_2003.json","censo_total":477056,"porcentaje_participacion":72.96,"partido_1":["PP",38.0],"partido_2":["PSOE",29.0],"partido_3":["PRC",18.0],"resto_partidos_percent":12,"info":"","parent":[],"parent_url":[],"parent_results":null,"evolution":"0,0,0,0,0,0,0,0,0,0,0,0,0,0,0,0,0,0,0,0,0,0,0,0,-86.22069727,-86.71704951,-87.33957253,-87.63193645,-88.16254042,-87.90088056,-87.92025657,-87.51667658,-87.23234488,-86.70870579,-85.93778368,-85.64681979,0"},"Comunidad_de_Madrid":{"cartodb_id":8,"x_coordinate":134.04,"y_coordinate":240.0,"variable":"698808.0","variable_max_value":698808.0,"variable_min_value":6087.0,"radius":61.42,"color":["#64B7DE"],"children_json_url":"json/generated_data/provincias/Comunidad_de_Madrid_inmigracion_2003.json","censo_total":4456963,"porcentaje_participacion":69.03,"partido_1":["PP",45.0],"partido_2":["PSOE",37.0],"partido_3":["IU",7.0],"resto_partidos_percent":9,"info":"","parent":[],"parent_url":[],"parent_results":null,"evolution":"0,0,0,0,0,0,0,0,0,0,0,0,0,0,0,0,0,0,0,0,0,0,0,0,233.1268292,236.1474241,290.6526276,301.6126893,302.0467291,300.758513,286.4838629,262.380463,262.8241219,264.1265786,262.9081985,264.7989206,0"},"Aragón":{"cartodb_id":2,"x_coordinate":-125.53,"y_coordinate":24.36,"variable":"70943.0","variable_max_value":698808.0,"variable_min_value":6087.0,"radius":62.25,"color":["#D94B5F"],"children_json_url":"json/generated_data/provincias/Aragón_inmigracion_2003.json","censo_total":1019187,"porcentaje_participacion":70.42,"partido_1":["PSOE",36.0],"partido_2":["PP",30.0],"partido_3":["CHA",11.0],"resto_partidos_percent":21,"info":"","parent":[],"parent_url":[],"parent_results":null,"evolution":"0,0,0,0,0,0,0,0,0,0,0,0,0,0,0,0,0,0,0,0,0,0,0,0,-73.34079925,-72.52697698,-66.60838788,-60.7438864,-59.18420925,-55.60072727,-54.49631605,-55.11478574,-51.6881832,-48.19808925,-46.56487086,-47.3702341,0"},"Cataluña":{"cartodb_id":6,"x_coordinate":-146.81,"y_coordinate":214.24,"variable":"623790.0","variable_max_value":698808.0,"variable_min_value":6087.0,"radius":56.88,"color":["#D94B5F"],"children_json_url":"json/generated_data/provincias/Cataluña_inmigracion_2003.json","censo_total":5307871,"porcentaje_participacion":61.47,"partido_1":["PSOE",33.0],"partido_2":["CIU",22.0],"partido_3":["PP",7.0],"resto_partidos_percent":35,"info":"","parent":[],"parent_url":[],"parent_results":null,"evolution":"0,0,0,0,0,0,0,0,0,0,0,0,0,0,0,0,0,0,0,0,0,0,0,0,218.6277009,226.1910179,223.8694034,237.7339776,258.8864597,273.051725,280.2224715,292.2215915,285.789543,278.655091,281.3643799,278.1115024,0"},"Galicia":{"cartodb_id":12,"x_coordinate":168.09,"y_coordinate":47.78,"variable":"139130.0","variable_max_value":698808.0,"variable_min_value":6087.0,"radius":59.73,"color":["#64B7DE"],"children_json_url":"json/generated_data/provincias/Galicia_inmigracion_2003.json","censo_total":2546251,"porcentaje_participacion":66.22,"partido_1":["PP",41.0],"partido_2":["PSOE",25.0],"partido_3":["BNG",18.0],"resto_partidos_percent":14,"info":"","parent":[],"parent_url":[],"parent_results":null,"evolution":"0,0,0,0,0,0,0,0,0,0,0,0,0,0,0,0,0,0,0,0,0,0,0,0,41.36650107,31.59076076,7.376286644,-9.660253534,-19.95403399,-24.45997435,-30.65959024,-33.86124422,-35.40679007,-38.36478216,-38.29584809,-38.02872756,0"},"Comunidad_Foral_de_Navarra":{"cartodb_id":9,"x_coordinate":151.06,"y_coordinate":15.32,"variable":"44618.0","variable_max_value":698808.0,"variable_min_value":6087.0,"radius":62.64,"color":["#64B7DE"],"children_json_url":"json/generated_data/provincias/Comunidad_Foral_de_Navarra_inmigracion_2003.json","censo_total":451476,"porcentaje_participacion":71.06,"partido_1":["PP",32.0],"partido_2":["PSOE",20.0],"partido_3":["IU",5.0],"resto_partidos_percent":41,"info":"","parent":[],"parent_url":[],"parent_results":null,"evolution":"0,0,0,0,0,0,0,0,0,0,0,0,0,0,0,0,0,0,0,0,0,0,0,0,-84.17741878,-81.14915254,-75.60344696,-73.11707707,-74.32982885,-74.58886579,-75.79811289,-75.52036931,-76.74505471,-76.05530159,-75.36805563,-74.87977692,0"},"Castilla_y_León":{"cartodb_id":4,"x_coordinate":142.55,"y_coordinate":29.76,"variable":"86657.0","variable_max_value":698808.0,"variable_min_value":6087.0,"radius":63.61,"color":["#64B7DE"],"children_json_url":"json/generated_data/provincias/Castilla_y_León_inmigracion_2003.json","censo_total":2164390,"porcentaje_participacion":72.68,"partido_1":["PP",45.0],"partido_2":["PSOE",35.0],"partido_3":["UPL",2.0],"resto_partidos_percent":15,"info":"","parent":[],"parent_url":[],"parent_results":null,"evolution":"0,0,0,0,0,0,0,0,0,0,0,0,0,0,0,0,0,0,0,0,0,0,0,0,-40.0628249,-43.97134317,-49.50204898,-49.52649369,-50.1434394,-48.8392731,-48.12546283,-46.73771535,-45.71493714,-41.58167519,-41.53828524,-41.9793764,0"},"Castilla-La_Mancha":{"cartodb_id":5,"x_coordinate":-138.3,"y_coordinate":27.83,"variable":"81022.0","variable_max_value":698808.0,"variable_min_value":6087.0,"radius":65.13,