{"Andalucía":{"cartodb_id":1,"x_coordinate":-100.0,"y_coordinate":183.05369129089343,"radius":59.9697366525826,"color":["#D94B5F"],"children_json_url":"json/generated_data/provincias/Andalucía_paro_normalizado_2003.json","censo_total":5151446,"porcentaje_participacion":66.61622775430432,"partido_1":["PSOE",1.0],"partido_2":["PP",1.0],"partido_3":["PA",0.0],"resto_partidos_percent":97,"info":"","parent":[],"parent_url":[],"parent_results":null,"evolution":"0,0,0,0,0,0,0,0,0,0,0,0,0,0,0,0,0,0,0,0,0,1.0631578949999998,1.005263158,1.5736842109999998,0.8736842110000005,0.9421052630000002,0.8368421050000001,0.8894736840000004,0.868421053,0.5526315789999998,0.7210526320000001,0.9684210530000001,1.247368421,1.478947368,1.8368421049999997,0,0"},"Principado_de_Asturias":{"cartodb_id":18,"x_coordinate":-115.38461538461539,"y_coordinate":183.05369129089343,"radius":57.0283353101983,"color":["#D94B5F"],"children_json_url":"json/generated_data/provincias/Principado_de_Asturias_paro_normalizado_2003.json","censo_total":904631,"porcentaje_participacion":61.71389218366383,"partido_1":["PSOE",12.0],"partido_2":["PP",10.0],"partido_3":["UPL",2.0],"resto_partidos_percent":74,"info":"","parent":[],"parent_url":[],"parent_results":null,"evolution":"0,0,0,0,0,0,0,0,0,0,0,0,0,0,0,0,0,0,0,0,0,1.0631578949999998,1.3052631580000007,1.5736842109999998,0.9736842110000001,1.1421052630000004,0.8368421050000001,0.8894736840000004,0.868421053,0.8526315789999996,0.22105263200000014,-0.23157894700000003,-0.4526315790000002,-1.021052632,-1.1631578950000003,0,0"},"Islas_Baleares":{"cartodb_id":13,"x_coordinate":-107.6923076923077,"y_coordinate":56.04026838448715,"radius":53.95004642055943,"color":["#D94B5F"],"children_json_url":"json/generated_data/provincias/Islas_Baleares_paro_normalizado_2003.json","censo_total":553634,"porcentaje_participacion":56.583410700932376,"partido_1":["PSOE",11.0],"partido_2":["PP",10.0],"partido_3":["PAR",6.0],"resto_partidos_percent":71,"info":"","parent":[],"parent_url":[],"parent_results":null,"evolution":"0,0,0,0,0,0,0,0,0,0,0,0,0,0,0,0,0,0,0,0,0,-1.1368421050000004,-2.3947368419999995,-1.8263157889999997,-2.226315789,-2.057894737,-1.963157895,-1.8105263159999998,-1.631578947,-1.6473684210000004,-1.978947368,-2.2315789469999996,-2.052631579,-2.121052632,-1.763157895,0,0"},"Islas_Canarias":{"cartodb_id":14,"x_coordinate":123.07692307692308,"y_coordinate":240.43624161298473,"radius":68.57512834965951,"color":["#64B7DE"],"children_json_url":"json/generated_data/provincias/Islas_Canarias_paro_normalizado_2003.json","censo_total":656410,"porcentaje_participacion":80.95854724943253,"partido_1":["PP",7.0],"partido_2":["PRC",4.0],"partido_3":["PSOE",3.0],"resto_partidos_percent":84,"info":"","parent":[],"parent_url":[],"parent_results":null,"evolution":"0,0,0,0,0,0,0,0,0,0,0,0,0,0,0,0,0,0,0,0,0,1.4631578950000002,2.1052631580000005,2.6736842110000003,1.3736842110000005,1.5421052629999998,1.5368421050000003,1.2894736839999998,1.4684210529999997,2.052631579,2.1210526320000005,1.768421053,1.9473684210000002,2.978947368,4.136842105,0,0"},"Cantabria":{"cartodb_id":3,"x_coordinate":-215.3846153846154,"y_coordinate":-77.85234903372596,"radius":64.0480916617306,"color":["#D8282A"],"children_json_url":"json/generated_data/provincias/Cantabria_paro_normalizado_2003.json","censo_total":442322,"porcentaje_participacion":73.41348610288433,"partido_1":["PSOE",29.0],"partido_2":["PP",14.0],"partido_3":["PSA",9.0],"resto_partidos_percent":45,"info":"","parent":[],"parent_url":[],"parent_results":null,"evolution":"0,0,0,0,0,0,0,0,0,0,0,0,0,0,0,0,0,0,0,0,0,-0.4368421050000002,-0.09473684199999965,0.27368421099999996,-0.3263157889999997,-0.257894737,-0.1631578949999999,-0.11052631599999962,-0.23157894700000003,-0.3473684210000001,-0.6789473680000002,-1.1315789469999995,-1.352631579,-1.621052632,-1.6631578950000003,0,0"},"Comunidad_de_Madrid":{"cartodb_id":8,"x_coordinate":-107.6923076923077,"y_coordinate":-58.72483225969549,"radius":62.339913916814226,"color":["#D94B5F"],"children_json_url":"json/generated_data/provincias/Comunidad_de_Madrid_paro_normalizado_2003.json","censo_total":4098826,"porcentaje_participacion":70.56652319469038,"partido_1":["PSOE",2.0],"partido_2":["PP",1.0],"partido_3":["IU",0.0],"resto_partidos_percent":95,"info":"","parent":[],"parent_url":[],"parent_results":null,"evolution":"0,0,0,0,0,0,0,0,0,0,0,0,0,0,0,0,0,0,0,0,0,-0.03684210499999985,0.10526315800000052,0.47368421100000013,-0.22631578900000004,-0.45789473700000016,-0.5631578949999998,-0.4105263159999999,-0.4315789470000002,-0.6473684210000004,-1.0789473679999997,-1.4315789469999998,-1.152631579,-1.2210526320000001,-1.1631578950000003,0,0"},"Aragón":{"cartodb_id":2,"x_coordinate":-153.84615384615384,"y_coordinate":8.221476449411028,"radius":60.91289361370827,"color":["#D94B5F"],"children_json_url":"json/generated_data/provincias/Aragón_paro_normalizado_2003.json","censo_total":989009,"porcentaje_participacion":68.18815602284711,"partido_1":["PSOE",17.0],"partido_2":["PP",10.0],"partido_3":["IU",3.0],"resto_partidos_percent":68,"info":"","parent":[],"parent_url":[],"parent_results":null,"evolution":"0,0,0,0,0,0,0,0,0,0,0,0,0,0,0,0,0,0,0,0,0,-1.0368421049999998,-0.994736842,-0.4263157889999998,-0.726315789,-1.0578947369999998,-1.0631578949999998,-1.1105263159999996,-1.131578947,-1.5473684210000003,-1.978947368,-2.1315789469999995,-2.152631579,-2.421052632,-1.763157895,0,0"},"Cataluña":{"cartodb_id":6,"x_coordinate":100.0,"y_coordinate":-10.906040324619383,"radius":57.28973561911035,"color":["#64B7DE"],"children_json_url":"json/generated_data/provincias/Cataluña_paro_normalizado_2003.json","censo_total":4663272,"porcentaje_participacion":62.149559365183926,"partido_1":["PP",1.0],"partido_2":["PSOE",1.0],"partido_3":["BLOC-EV",0.0],"resto_partidos_percent":97,"info":"","parent":[],"parent_url":[],"parent_results":null,"evolution":"0,0,0,0,0,0,0,0,0,0,0,0,0,0,0,0,0,0,0,0,0,-1.0368421049999998,-1.0947368419999997,-0.726315789,-1.226315789,-1.257894737,-1.0631578949999998,-0.9105263159999999,-0.9315789470000002,-1.0473684210000003,-1.2789473679999999,-1.3315789469999997,-1.352631579,-1.3210526319999998,-1.1631578950000003,0,0"},"Galicia":{"cartodb_id":12,"x_coordinate":-100.0,"y_coordinate":221.30872483895428,"radius":60.100340640417095,"color":["#D94B5F"],"children_json_url":"json/generated_data/provincias/Galicia_paro_normalizado_2003.json","censo_total":1830963,"porcentaje_participacion":66.83390106736182,"partido_1":["PSOE",1.0],"partido_2":["PP",1.0],"partido_3":["PAR",1.0],"resto_partidos_percent":95,"info":"","parent":[],"parent_url":[],"parent_results":null,"evolution":"0,0,0,0,0,0,0,0,0,0,0,0,0,0,0,0,0,0,0,0,0,0.9631578950000002,1.1052631580000005,1.6736842110000003,0.8736842110000005,0.9421052630000002,0.9368421049999998,1.1894736840000002,1.2684210529999995,1.252631579,1.1210526320000005,0.768421053,0.4473684210000002,-0.02105263199999996,-0.46315789500000015,0,0"},"Comunidad_Foral_de_Navarra":{"cartodb_id":9,"x_coordinate":123.07692307692308,"y_coordinate":-10.906040324619383,"radius":49.69022894421775,"color":["#64B7DE"],"children_json_url":"json/generated_data/provincias/Comunidad_Foral_de_Navarra_paro_normalizado_2003.json","censo_total":409270,"porcentaje_participacion":49.483714907029594,"partido_1":["PP",9.0],"partido_2":["PSOE",6.0],"partido_3":["IU",0.0],"resto_partidos_percent":83,"info":"","parent":[],"parent_url":[],"parent_results":null,"evolution":"0,0,0,0,0,0,0,0,0,0,0,0,0,0,0,0,0,0,0,0,0,-1.0368421049999998,-0.6947368419999993,-0.22631578900000004,-0.626315789,-0.6578947369999999,-0.6631578949999999,-0.8105263159999998,-0.9315789470000002,-1.1473684210000004,-1.1789473679999998,-1.5315789469999999,-1.5526315789999998,-1.8210526319999998,-1.6631578950000003,0,0"},"Castilla_y_León":{"cartodb_id":4,"x_coordinate":-115.38461538461539,"y_coordinate":-87.41610742074118,"radius":62.04664920241286,"color":["#D94B5F"],