{"Andalucía":{"cartodb_id":1,"x_coordinate":-100.0,"y_coordinate":203.46938774750527,"radius":58.24259697981905,"color":["#D94B5F"],"children_json_url":"json/generated_data/provincias/Andalucía_paro_normalizado_2002.json","censo_total":5300742,"porcentaje_participacion":63.73766163303175,"partido_1":["PSOE",1.0],"partido_2":["PP",1.0],"partido_3":["IU",0.0],"resto_partidos_percent":97,"info":"","parent":[],"parent_url":[],"parent_results":null,"evolution":"0,0,0,0,0,0,0,0,0,0,0,0,0,0,0,0,0,0,0,0,0,1.0631578949999998,1.005263158,1.5736842109999998,0.8736842110000005,0.9421052630000002,0.8368421050000001,0.8894736840000004,0.868421053,0.5526315789999998,0.7210526320000001,0.9684210530000001,1.247368421,1.478947368,1.8368421049999997,0,0"},"Principado_de_Asturias":{"cartodb_id":18,"x_coordinate":117.64705882352942,"y_coordinate":203.46938774750527,"radius":59.69327574105824,"color":["#64B7DE"],"children_json_url":"json/generated_data/provincias/Principado_de_Asturias_paro_normalizado_2002.json","censo_total":859143,"porcentaje_participacion":66.1554595684304,"partido_1":["PP",13.0],"partido_2":["PSOE",10.0],"partido_3":["UPL",2.0],"resto_partidos_percent":72,"info":"","parent":[],"parent_url":[],"parent_results":null,"evolution":"0,0,0,0,0,0,0,0,0,0,0,0,0,0,0,0,0,0,0,0,0,1.0631578949999998,1.3052631580000007,1.5736842109999998,0.9736842110000001,1.1421052630000004,0.8368421050000001,0.8894736840000004,0.868421053,0.8526315789999996,0.22105263200000014,-0.23157894700000003,-0.4526315790000002,-1.021052632,-1.1631578950000003,0,0"},"Islas_Baleares":{"cartodb_id":13,"x_coordinate":158.8235294117647,"y_coordinate":110.61224495683464,"radius":54.79237465667334,"color":["#64B7DE"],"children_json_url":"json/generated_data/provincias/Islas_Baleares_paro_normalizado_2002.json","censo_total":515544,"porcentaje_participacion":57.987291094455564,"partido_1":["PP",56.0],"partido_2":["PSOE",46.0],"partido_3":["PAR",7.0],"resto_partidos_percent":-10,"info":"","parent":[],"parent_url":[],"parent_results":null,"evolution":"0,0,0,0,0,0,0,0,0,0,0,0,0,0,0,0,0,0,0,0,0,-1.1368421050000004,-2.3947368419999995,-1.8263157889999997,-2.226315789,-2.057894737,-1.963157895,-1.8105263159999998,-1.631578947,-1.6473684210000004,-1.978947368,-2.2315789469999996,-2.052631579,-2.121052632,-1.763157895,0,0"},"Islas_Canarias":{"cartodb_id":14,"x_coordinate":105.88235294117646,"y_coordinate":250.0,"radius":51.34140329188241,"color":["#64B7DE"],"children_json_url":"json/generated_data/provincias/Islas_Canarias_paro_normalizado_2002.json","censo_total":799178,"porcentaje_participacion":52.235672153137344,"partido_1":["PP",7.0],"partido_2":["PSOE",6.0],"partido_3":["PRC",4.0],"resto_partidos_percent":82,"info":"","parent":[],"parent_url":[],"parent_results":null,"evolution":"0,0,0,0,0,0,0,0,0,0,0,0,0,0,0,0,0,0,0,0,0,1.4631578950000002,2.1052631580000005,2.6736842110000003,1.3736842110000005,1.5421052629999998,1.5368421050000003,1.2894736839999998,1.4684210529999997,2.052631579,2.1210526320000005,1.768421053,1.9473684210000002,2.978947368,4.136842105,0,0"},"Cantabria":{"cartodb_id":3,"x_coordinate":141.1764705882353,"y_coordinate":-87.14285711626826,"radius":61.61538479519587,"color":["#54A551"],"children_json_url":"json/generated_data/provincias/Cantabria_paro_normalizado_2002.json","censo_total":427799,"porcentaje_participacion":69.35897465865979,"partido_1":["PA",26.0],"partido_2":["PSOE",19.0],"partido_3":["PP",14.0],"resto_partidos_percent":39,"info":"","parent":[],"parent_url":[],"parent_results":null,"evolution":"0,0,0,0,0,0,0,0,0,0,0,0,0,0,0,0,0,0,0,0,0,-0.4368421050000002,-0.09473684199999965,0.27368421099999996,-0.3263157889999997,-0.257894737,-0.1631578949999999,-0.11052631599999962,-0.23157894700000003,-0.3473684210000001,-0.6789473680000002,-1.1315789469999995,-1.352631579,-1.621052632,-1.6631578950000003,0,0"},"Comunidad_de_Madrid":{"cartodb_id":8,"x_coordinate":-105.88235294117646,"y_coordinate":-52.24489792689713,"radius":56.80768151137915,"color":["#D94B5F"],"children_json_url":"json/generated_data/provincias/Comunidad_de_Madrid_paro_normalizado_2002.json","censo_total":3761968,"porcentaje_participacion":61.34613585229859,"partido_1":["PSOE",2.0],"partido_2":["PP",1.0],"partido_3":["GIL",1.0],"resto_partidos_percent":93,"info":"","parent":[],"parent_url":[],"parent_results":null,"evolution":"0,0,0,0,0,0,0,0,0,0,0,0,0,0,0,0,0,0,0,0,0,-0.03684210499999985,0.10526315800000052,0.47368421100000013,-0.22631578900000004,-0.45789473700000016,-0.5631578949999998,-0.4105263159999999,-0.4315789470000002,-0.6473684210000004,-1.0789473679999997,-1.4315789469999998,-1.152631579,-1.2210526320000001,-1.1631578950000003,0,0"},"Aragón":{"cartodb_id":2,"x_coordinate":-152.94117647058823,"y_coordinate":29.183673514968746,"radius":61.152853461727446,"color":["#D94B5F"],"children_json_url":"json/generated_data/provincias/Aragón_paro_normalizado_2002.json","censo_total":950407,"porcentaje_participacion":68.58808910287908,"partido_1":["PSOE",17.0],"partido_2":["PP",8.0],"partido_3":["IU",3.0],"resto_partidos_percent":69,"info":"","parent":[],"parent_url":[],"parent_results":null,"evolution":"0,0,0,0,0,0,0,0,0,0,0,0,0,0,0,0,0,0,0,0,0,-1.0368421049999998,-0.994736842,-0.4263157889999998,-0.726315789,-1.0578947369999998,-1.0631578949999998,-1.1105263159999996,-1.131578947,-1.5473684210000003,-1.978947368,-2.1315789469999995,-2.152631579,-2.421052632,-1.763157895,0,0"},"Cataluña":{"cartodb_id":6,"x_coordinate":100.0,"y_coordinate":5.918367388721364,"radius":56.07740967167106,"color":["#64B7DE"],"children_json_url":"json/generated_data/provincias/Cataluña_paro_normalizado_2002.json","censo_total":4429369,"porcentaje_participacion":60.12901611945177,"partido_1":["PP",1.0],"partido_2":["PSOE",1.0],"partido_3":["UV",0.0],"resto_partidos_percent":96,"info":"","parent":[],"parent_url":[],"parent_results":null,"evolution":"0,0,0,0,0,0,0,0,0,0,0,0,0,0,0,0,0,0,0,0,0,-1.0368421049999998,-1.0947368419999997,-0.726315789,-1.226315789,-1.257894737,-1.0631578949999998,-0.9105263159999999,-0.9315789470000002,-1.0473684210000003,-1.2789473679999999,-1.3315789469999997,-1.352631579,-1.3210526319999998,-1.1631578950000003,0,0"},"Galicia":{"cartodb_id":12,"x_coordinate":100.0,"y_coordinate":238.36734693687634,"radius":61.196723394914095,"color":["#64B7DE"],"children_json_url":"json/generated_data/provincias/Galicia_paro_normalizado_2002.json","censo_total":1817613,"porcentaje_participacion":68.66120565819016,"partido_1":["PP",1.0],"partido_2":["PSOE",1.0],"partido_3":["PAR",0.0],"resto_partidos_percent":95,"info":"","parent":[],"parent_url":[],"parent_results":null,"evolution":"0,0,0,0,0,0,0,0,0,0,0,0,0,0,0,0,0,0,0,0,0,0.9631578950000002,1.1052631580000005,1.6736842110000003,0.8736842110000005,0.9421052630000002,0.9368421049999998,1.1894736840000002,1.2684210529999995,1.252631579,1.1210526320000005,0.768421053,0.4473684210000002,-0.02105263199999996,-0.46315789500000015,0,0"},"Comunidad_Foral_de_Navarra":{"cartodb_id":9,"x_coordinate":117.64705882352942,"y_coordinate":-5.714285674402333,"radius":47.49773026349345,"color":["#64B7DE"],"children_json_url":"json/generated_data/provincias/Comunidad_Foral_de_Navarra_paro_normalizado_2002.json","censo_total":392116,"porcentaje_participacion":45.82955043915576,"partido_1":["PP",9.0],"partido_2":["PSOE",6.0],"partido_3":["IU",0.0],"resto_partidos_percent":84,"info":"","parent":[],"parent_url":[],"parent_results":null,"evolution":"0,0,0,0,0,0,0,0,0,0,0,0,0,0,0,0,0,0,0,0,0,-1.0368421049999998,-0.6947368419999993,-0.22631578900000004,-0.626315789,-0.6578947369999999,-0.6631578949999999,-0.8105263159999998,-0.9315789470000002,-1.1473684210000004,-1.1789473679999998,-1.5315789469999999,-1.5526315789999998,-1.8210526319999998,-1.6631578950000003,0,0"},"Castilla_y_León":{"cartodb_id":4,"x_coordinate":-117.64705882352942,"y_coordinate":-98.77551017939192,"radius":62.41008498003481,"color":["#D94B5F"],