{"Andalucía":{"cartodb_id":1,"x_coordinate":-106.89655172413794,"y_coordinate":143.67875646786973,"radius":57.398452913854044,"color":["#D94B5F"],"children_json_url":"json/generated_data/provincias/Andalucía_paro_normalizado_2008.json","censo_total":5176958,"porcentaje_participacion":62.33075485642341,"partido_1":["PSOE",1.0],"partido_2":["PP",0.0],"partido_3":["PA",0.0],"resto_partidos_percent":98,"info":"","parent":[],"parent_url":[],"parent_results":null,"evolution":"0,0,0,0,0,0,0,0,0,0,0,0,0,0,0,0,0,0,0,0,0,1.0631578949999998,1.005263158,1.5736842109999998,0.8736842110000005,0.9421052630000002,0.8368421050000001,0.8894736840000004,0.868421053,0.5526315789999998,0.7210526320000001,0.9684210530000001,1.247368421,1.478947368,1.8368421049999997,0,0"},"Principado_de_Asturias":{"cartodb_id":18,"x_coordinate":113.79310344827586,"y_coordinate":-69.84455957055707,"radius":66.59085577069044,"color":["#64B7DE"],"children_json_url":"json/generated_data/provincias/Principado_de_Asturias_paro_normalizado_2008.json","censo_total":652149,"porcentaje_participacion":77.65142628448407,"partido_1":["PP",13.0],"partido_2":["PSOE",11.0],"partido_3":["UPL",2.0],"resto_partidos_percent":72,"info":"","parent":[],"parent_url":[],"parent_results":null,"evolution":"0,0,0,0,0,0,0,0,0,0,0,0,0,0,0,0,0,0,0,0,0,1.0631578949999998,1.3052631580000007,1.5736842109999998,0.9736842110000001,1.1421052630000004,0.8368421050000001,0.8894736840000004,0.868421053,0.8526315789999996,0.22105263200000014,-0.23157894700000003,-0.4526315790000002,-1.021052632,-1.1631578950000003,0,0"},"Islas_Baleares":{"cartodb_id":13,"x_coordinate":-120.6896551724138,"y_coordinate":-37.35751293573948,"radius":55.79647561947525,"color":["#D94B5F"],"children_json_url":"json/generated_data/provincias/Islas_Baleares_paro_normalizado_2008.json","censo_total":575931,"porcentaje_participacion":59.66079269912542,"partido_1":["PSOE",11.0],"partido_2":["PP",8.0],"partido_3":["PAR",6.0],"resto_partidos_percent":72,"info":"","parent":[],"parent_url":[],"parent_results":null,"evolution":"0,0,0,0,0,0,0,0,0,0,0,0,0,0,0,0,0,0,0,0,0,-1.1368421050000004,-2.3947368419999995,-1.8263157889999997,-2.226315789,-2.057894737,-1.963157895,-1.8105263159999998,-1.631578947,-1.6473684210000004,-1.978947368,-2.2315789469999996,-2.052631579,-2.121052632,-1.763157895,0,0"},"Islas_Canarias":{"cartodb_id":14,"x_coordinate":127.58620689655172,"y_coordinate":187.97927460625735,"radius":54.43651767168768,"color":["#64B7DE"],"children_json_url":"json/generated_data/provincias/Islas_Canarias_paro_normalizado_2008.json","censo_total":917145,"porcentaje_participacion":57.39419611947947,"partido_1":["PP",9.0],"partido_2":["PRC",5.0],"partido_3":["PSOE",4.0],"resto_partidos_percent":80,"info":"","parent":[],"parent_url":[],"parent_results":null,"evolution":"0,0,0,0,0,0,0,0,0,0,0,0,0,0,0,0,0,0,0,0,0,1.4631578950000002,2.1052631580000005,2.6736842110000003,1.3736842110000005,1.5421052629999998,1.5368421050000003,1.2894736839999998,1.4684210529999997,2.052631579,2.1210526320000005,1.768421053,1.9473684210000002,2.978947368,4.136842105,0,0"},"Cantabria":{"cartodb_id":3,"x_coordinate":-168.9655172413793,"y_coordinate":-52.12435231520202,"radius":59.84966935410816,"color":["#D94B5F"],"children_json_url":"json/generated_data/provincias/Cantabria_paro_normalizado_2008.json","censo_total":441560,"porcentaje_participacion":66.41611559018027,"partido_1":["PSOE",18.0],"partido_2":["PP",8.0],"partido_3":["IU",5.0],"resto_partidos_percent":68,"info":"","parent":[],"parent_url":[],"parent_results":null,"evolution":"0,0,0,0,0,0,0,0,0,0,0,0,0,0,0,0,0,0,0,0,0,-0.4368421050000002,-0.09473684199999965,0.27368421099999996,-0.3263157889999997,-0.257894737,-0.1631578949999999,-0.11052631599999962,-0.23157894700000003,-0.3473684210000001,-0.6789473680000002,-1.1315789469999995,-1.352631579,-1.621052632,-1.6631578950000003,0,0"},"Comunidad_de_Madrid":{"cartodb_id":8,"x_coordinate":-106.89655172413794,"y_coordinate":-63.937823818772046,"radius":59.875011215368126,"color":["#D94B5F"],"children_json_url":"json/generated_data/provincias/Comunidad_de_Madrid_paro_normalizado_2008.json","censo_total":4235260,"porcentaje_participacion":66.45835202561355,"partido_1":["PSOE",2.0],"partido_2":["PP",1.0],"partido_3":["IU",0.0],"resto_partidos_percent":95,"info":"","parent":[],"parent_url":[],"parent_results":null,"evolution":"0,0,0,0,0,0,0,0,0,0,0,0,0,0,0,0,0,0,0,0,0,-0.03684210499999985,0.10526315800000052,0.47368421100000013,-0.22631578900000004,-0.45789473700000016,-0.5631578949999998,-0.4105263159999999,-0.4315789470000002,-0.6473684210000004,-1.0789473679999997,-1.4315789469999998,-1.152631579,-1.2210526320000001,-1.1631578950000003,0,0"},"Aragón":{"cartodb_id":2,"x_coordinate":-168.9655172413793,"y_coordinate":-28.49740930806196,"radius":60.021494753982395,"color":["#D94B5F"],"children_json_url":"json/generated_data/provincias/Aragón_paro_normalizado_2008.json","censo_total":955582,"porcentaje_participacion":66.70249125663732,"partido_1":["PSOE",18.0],"partido_2":["PP",8.0],"partido_3":["IU",3.0],"resto_partidos_percent":69,"info":"","parent":[],"parent_url":[],"parent_results":null,"evolution":"0,0,0,0,0,0,0,0,0,0,0,0,0,0,0,0,0,0,0,0,0,-1.0368421049999998,-0.994736842,-0.4263157889999998,-0.726315789,-1.0578947369999998,-1.0631578949999998,-1.1105263159999996,-1.131578947,-1.5473684210000003,-1.978947368,-2.1315789469999995,-2.152631579,-2.421052632,-1.763157895,0,0"},"Cataluña":{"cartodb_id":6,"x_coordinate":106.89655172413794,"y_coordinate":-60.98445594287954,"radius":52.47491353393404,"color":["#64B7DE"],"children_json_url":"json/generated_data/provincias/Cataluña_paro_normalizado_2008.json","censo_total":4687388,"porcentaje_participacion":54.124855889890064,"partido_1":["PP",1.0],"partido_2":["PSOE",0.0],"partido_3":["BLOC-VERDS",0.0],"resto_partidos_percent":97,"info":"","parent":[],"parent_url":[],"parent_results":null,"evolution":"0,0,0,0,0,0,0,0,0,0,0,0,0,0,0,0,0,0,0,0,0,-1.0368421049999998,-1.0947368419999997,-0.726315789,-1.226315789,-1.257894737,-1.0631578949999998,-0.9105263159999999,-0.9315789470000002,-1.0473684210000003,-1.2789473679999999,-1.3315789469999997,-1.352631579,-1.3210526319999998,-1.1631578950000003,0,0"},"Galicia":{"cartodb_id":12,"x_coordinate":-100.0,"y_coordinate":-99.37823832948213,"radius":57.57688095641964,"color":["#D94B5F"],"children_json_url":"json/generated_data/provincias/Galicia_paro_normalizado_2008.json","censo_total":1951361,"porcentaje_participacion":62.62813492736608,"partido_1":["PSOE",1.0],"partido_2":["PP",1.0],"partido_3":["PAR",1.0],"resto_partidos_percent":95,"info":"","parent":[],"parent_url":[],"parent_results":null,"evolution":"0,0,0,0,0,0,0,0,0,0,0,0,0,0,0,0,0,0,0,0,0,0.9631578950000002,1.1052631580000005,1.6736842110000003,0.8736842110000005,0.9421052630000002,0.9368421049999998,1.1894736840000002,1.2684210529999995,1.252631579,1.1210526320000005,0.768421053,0.4473684210000002,-0.02105263199999996,-0.46315789500000015,0,0"},"Comunidad_Foral_de_Navarra":{"cartodb_id":9,"x_coordinate":127.58620689655172,"y_coordinate":-46.21761656341701,"radius":62.10981032250802,"color":["#64B7DE"],"children_json_url":"json/generated_data/provincias/Comunidad_Foral_de_Navarra_paro_normalizado_2008.json","censo_total":426408,"porcentaje_participacion":70.18301720418003,"partido_1":["PP",9.0],"partido_2":["PSOE",5.0],"partido_3":["IU",0.0],"resto_partidos_percent":84,"info":"","parent":[],"parent_url":[],"parent_results":null,"evolution":"0,0,0,0,0,0,0,0,0,0,0,0,0,0,0,0,0,0,0,0,0,-1.0368421049999998,-0.6947368419999993,-0.22631578900000004,-0.626315789,-0.6578947369999999,-0.6631578949999999,-0.8105263159999998,-0.9315789470000002,-1.1473684210000004,-1.1789473679999998,-1.5315789469999999,-1.5526315789999998,-1.8210526319999998,-1.6631578950000003,0,0"},"Castilla_y_León":{"cartodb_id":4,"x_coordinate":-127.58620689655172,"y_coordinate":-69.84455957055707,"radius":71.52183006519601,"color":["#D94B5F"],