{"Andalucía":{"cartodb_id":1,"x_coordinate":-105.12820512820512,"y_coordinate":188.28740158573646,"radius":62.43561478266808,"color":["#D94B5F"],"children_json_url":"json/generated_data/provincias/Andalucía_paro_normalizado_1998.json","censo_total":4656426,"porcentaje_participacion":70.72602463778014,"partido_1":["PSOE",1.0],"partido_2":["PP",0.0],"partido_3":["IU",0.0],"resto_partidos_percent":97,"info":"","parent":[],"parent_url":[],"parent_results":null,"evolution":"0,0,0,0,0,0,0,0,0,0,0,0,0,0,0,0,0,0,0,0,0,1.0631578949999998,1.005263158,1.5736842109999998,0.8736842110000005,0.9421052630000002,0.8368421050000001,0.8894736840000004,0.868421053,0.5526315789999998,0.7210526320000001,0.9684210530000001,1.247368421,1.478947368,1.8368421049999997,0,0"},"Principado_de_Asturias":{"cartodb_id":18,"x_coordinate":110.25641025641026,"y_coordinate":188.28740158573646,"radius":56.35522813432635,"color":["#64B7DE"],"children_json_url":"json/generated_data/provincias/Principado_de_Asturias_paro_normalizado_1998.json","censo_total":855439,"porcentaje_participacion":60.59204689054391,"partido_1":["PP",12.0],"partido_2":["PSOE",10.0],"partido_3":["UPL",2.0],"resto_partidos_percent":74,"info":"","parent":[],"parent_url":[],"parent_results":null,"evolution":"0,0,0,0,0,0,0,0,0,0,0,0,0,0,0,0,0,0,0,0,0,1.0631578949999998,1.3052631580000007,1.5736842109999998,0.9736842110000001,1.1421052630000004,0.8368421050000001,0.8894736840000004,0.868421053,0.8526315789999996,0.22105263200000014,-0.23157894700000003,-0.4526315790000002,-1.021052632,-1.1631578950000003,0,0"},"Islas_Baleares":{"cartodb_id":13,"x_coordinate":-125.64102564102564,"y_coordinate":2.4606298765325505,"radius":56.62496337532962,"color":["#D94B5F"],"children_json_url":"json/generated_data/provincias/Islas_Baleares_paro_normalizado_1998.json","censo_total":477820,"porcentaje_participacion":61.041605625549366,"partido_1":["PSOE",15.0],"partido_2":["PP",10.0],"partido_3":["PAR",8.0],"resto_partidos_percent":65,"info":"","parent":[],"parent_url":[],"parent_results":null,"evolution":"0,0,0,0,0,0,0,0,0,0,0,0,0,0,0,0,0,0,0,0,0,-1.1368421050000004,-2.3947368419999995,-1.8263157889999997,-2.226315789,-2.057894737,-1.963157895,-1.8105263159999998,-1.631578947,-1.6473684210000004,-1.978947368,-2.2315789469999996,-2.052631579,-2.121052632,-1.763157895,0,0"},"Islas_Canarias":{"cartodb_id":14,"x_coordinate":110.25641025641026,"y_coordinate":250.0,"radius":58.37900666224272,"color":["#64B7DE"],"children_json_url":"json/generated_data/provincias/Islas_Canarias_paro_normalizado_1998.json","censo_total":721829,"porcentaje_participacion":63.965011103737865,"partido_1":["PP",6.0],"partido_2":["PSOE",4.0],"partido_3":["UPCA",3.0],"resto_partidos_percent":85,"info":"","parent":[],"parent_url":[],"parent_results":null,"evolution":"0,0,0,0,0,0,0,0,0,0,0,0,0,0,0,0,0,0,0,0,0,1.4631578950000002,2.1052631580000005,2.6736842110000003,1.3736842110000005,1.5421052629999998,1.5368421050000003,1.2894736839999998,1.4684210529999997,2.052631579,2.1210526320000005,1.768421053,1.9473684210000002,2.978947368,4.136842105,0,0"},"Cantabria":{"cartodb_id":3,"x_coordinate":-100.0,"y_coordinate":115.35433073251596,"radius":65.0158137785279,"color":["#D94B5F"],"children_json_url":"json/generated_data/provincias/Cantabria_paro_normalizado_1998.json","censo_total":404078,"porcentaje_participacion":75.02635629754651,"partido_1":["PSOE",22.0],"partido_2":["PP",22.0],"partido_3":["PAP",18.0],"resto_partidos_percent":35,"info":"","parent":[],"parent_url":[],"parent_results":null,"evolution":"0,0,0,0,0,0,0,0,0,0,0,0,0,0,0,0,0,0,0,0,0,-0.4368421050000002,-0.09473684199999965,0.27368421099999996,-0.3263157889999997,-0.257894737,-0.1631578949999999,-0.11052631599999962,-0.23157894700000003,-0.3473684210000001,-0.6789473680000002,-1.1315789469999995,-1.352631579,-1.621052632,-1.6631578950000003,0,0"},"Comunidad_de_Madrid":{"cartodb_id":8,"x_coordinate":-105.12820512820512,"y_coordinate":126.57480317147298,"radius":59.52361847013856,"color":["#D94B5F"],"children_json_url":"json/generated_data/provincias/Comunidad_de_Madrid_paro_normalizado_1998.json","censo_total":4012834,"porcentaje_participacion":65.87269745023093,"partido_1":["PSOE",2.0],"partido_2":["PP",1.0],"partido_3":["GIL",1.0],"resto_partidos_percent":94,"info":"","parent":[],"parent_url":[],"parent_results":null,"evolution":"0,0,0,0,0,0,0,0,0,0,0,0,0,0,0,0,0,0,0,0,0,-0.03684210499999985,0.10526315800000052,0.47368421100000013,-0.22631578900000004,-0.45789473700000016,-0.5631578949999998,-0.4105263159999999,-0.4315789470000002,-0.6473684210000004,-1.0789473679999997,-1.4315789469999998,-1.152631579,-1.2210526320000001,-1.1631578950000003,0,0"},"Aragón":{"cartodb_id":2,"x_coordinate":110.25641025641026,"y_coordinate":-76.08267719616647,"radius":61.40635831204961,"color":["#64B7DE"],"children_json_url":"json/generated_data/provincias/Aragón_paro_normalizado_1998.json","censo_total":973749,"porcentaje_participacion":69.01059718674935,"partido_1":["PP",18.0],"partido_2":["PSOE",16.0],"partido_3":["IU",4.0],"resto_partidos_percent":61,"info":"","parent":[],"parent_url":[],"parent_results":null,"evolution":"0,0,0,0,0,0,0,0,0,0,0,0,0,0,0,0,0,0,0,0,0,-1.0368421049999998,-0.994736842,-0.4263157889999998,-0.726315789,-1.0578947369999998,-1.0631578949999998,-1.1105263159999996,-1.131578947,-1.5473684210000003,-1.978947368,-2.1315789469999995,-2.152631579,-2.421052632,-1.763157895,0,0"},"Cataluña":{"cartodb_id":6,"x_coordinate":105.12820512820512,"y_coordinate":-59.25196853773095,"radius":58.70945968852959,"color":["#64B7DE"],"children_json_url":"json/generated_data/provincias/Cataluña_paro_normalizado_1998.json","censo_total":4542454,"porcentaje_participacion":64.51576614754933,"partido_1":["PP",1.0],"partido_2":["PSOE",0.0],"partido_3":["IU",0.0],"resto_partidos_percent":97,"info":"","parent":[],"parent_url":[],"parent_results":null,"evolution":"0,0,0,0,0,0,0,0,0,0,0,0,0,0,0,0,0,0,0,0,0,-1.0368421049999998,-1.0947368419999997,-0.726315789,-1.226315789,-1.257894737,-1.0631578949999998,-0.9105263159999999,-0.9315789470000002,-1.0473684210000003,-1.2789473679999999,-1.3315789469999997,-1.352631579,-1.3210526319999998,-1.1631578950000003,0,0"},"Galicia":{"cartodb_id":12,"x_coordinate":105.12820512820512,"y_coordinate":193.897637805215,"radius":56.09136699586137,"color":["#64B7DE"],"children_json_url":"json/generated_data/provincias/Galicia_paro_normalizado_1998.json","censo_total":1923583,"porcentaje_participacion":60.152278326435614,"partido_1":["PP",2.0],"partido_2":["PSOE",1.0],"partido_3":["PAR",0.0],"resto_partidos_percent":94,"info":"","parent":[],"parent_url":[],"parent_results":null,"evolution":"0,0,0,0,0,0,0,0,0,0,0,0,0,0,0,0,0,0,0,0,0,0.9631578950000002,1.1052631580000005,1.6736842110000003,0.8736842110000005,0.9421052630000002,0.9368421049999998,1.1894736840000002,1.2684210529999995,1.252631579,1.1210526320000005,0.768421053,0.4473684210000002,-0.02105263199999996,-0.46315789500000015,0,0"},"Comunidad_Foral_de_Navarra":{"cartodb_id":9,"x_coordinate":125.64102564102564,"y_coordinate":-87.30314963512346,"radius":63.048433124917786,"color":["#64B7DE"],"children_json_url":"json/generated_data/provincias/Comunidad_Foral_de_Navarra_paro_normalizado_1998.json","censo_total":372493,"porcentaje_participacion":71.74738854152965,"partido_1":["PP",10.0],"partido_2":["PSOE",5.0],"partido_3":["INDEP",1.0],"resto_partidos_percent":82,"info":"","parent":[],"parent_url":[],"parent_results":null,"evolution":"0,0,0,0,0,0,0,0,0,0,0,0,0,0,0,0,0,0,0,0,0,-1.0368421049999998,-0.6947368419999993,-0.22631578900000004,-0.626315789,-0.6578947369999999,-0.6631578949999999,-0.8105263159999998,-0.9315789470000002,-1.1473684210000004,-1.1789473679999998,-1.5315789469999999,-1.5526315789999998,-1.8210526319999998,-1.6631578950000003,0,0"},"Castilla_y_León":{"cartodb_id":4,"x_coordinate":110.25641025641026,"y_coordinate":115.35433073251596,"radius":62.37483121764841,"color":["#64B7DE"],