{"Andalucía":{"cartodb_id":1,"x_coordinate":-138.3,"y_coordinate":69.89,"variable":"1.478947368","variable_max_value":5.078947368,"variable_min_value":-2.421052632,"radius":56.97,"color":["#D94B5F"],"children_json_url":"json/generated_data/provincias/Andalucía_paro_normalizado_2008.json","censo_total":6247815,"porcentaje_participacion":61.62,"partido_1":["PSOE",40.0],"partido_2":["PP",31.0],"partido_3":["IU",10.0],"resto_partidos_percent":17,"info":"","parent":[],"parent_url":[],"parent_results":null,"evolution":"0,0,0,0,0,0,0,0,0,0,0,0,0,0,0,0,0,0,0,0,0,1.0631578949999998,1.005263158,1.5736842109999998,0.8736842110000005,0.9421052630000002,0.8368421050000001,0.8894736840000004,0.868421053,0.5526315789999998,0.7210526320000001,0.9684210530000001,1.247368421,1.478947368,1.8368421049999997,0,0"},"Principado_de_Asturias":{"cartodb_id":18,"x_coordinate":-100.0,"y_coordinate":-101.22,"variable":"-1.021052632","variable_max_value":5.078947368,"variable_min_value":-2.421052632,"radius":56.66,"color":["#D94B5F"],"children_json_url":"json/generated_data/provincias/Principado_de_Asturias_paro_normalizado_2008.json","censo_total":973687,"porcentaje_participacion":61.1,"partido_1":["PSOE",39.0],"partido_2":["PP",39.0],"partido_3":["IU",7.0],"resto_partidos_percent":13,"info":"","parent":[],"parent_url":[],"parent_results":null,"evolution":"0,0,0,0,0,0,0,0,0,0,0,0,0,0,0,0,0,0,0,0,0,1.0631578949999998,1.3052631580000007,1.5736842109999998,0.9736842110000001,1.1421052630000004,0.8368421050000001,0.8894736840000004,0.868421053,0.8526315789999996,0.22105263200000014,-0.23157894700000003,-0.4526315790000002,-1.021052632,-1.1631578950000003,0,0"},"Islas_Baleares":{"cartodb_id":13,"x_coordinate":163.83,"y_coordinate":-210.26,"variable":"-2.121052632","variable_max_value":5.078947368,"variable_min_value":-2.421052632,"radius":55.83,"color":["#64B7DE"],"children_json_url":"json/generated_data/provincias/Islas_Baleares_paro_normalizado_2008.json","censo_total":673614,"porcentaje_participacion":59.71,"partido_1":["PP",43.0],"partido_2":["PSOE",28.0],"partido_3":["PSM-EN,ESQU",6.0],"resto_partidos_percent":22,"info":"","parent":[],"parent_url":[],"parent_results":null,"evolution":"0,0,0,0,0,0,0,0,0,0,0,0,0,0,0,0,0,0,0,0,0,-1.1368421050000004,-2.3947368419999995,-1.8263157889999997,-2.226315789,-2.057894737,-1.963157895,-1.8105263159999998,-1.631578947,-1.6473684210000004,-1.978947368,-2.2315789469999996,-2.052631579,-2.121052632,-1.763157895,0,0"},"Islas_Canarias":{"cartodb_id":14,"x_coordinate":-168.09,"y_coordinate":140.77,"variable":"2.978947368","variable_max_value":5.078947368,"variable_min_value":-2.421052632,"radius":57.33,"color":["#D94B5F"],"children_json_url":"json/generated_data/provincias/Islas_Canarias_paro_normalizado_2008.json","censo_total":766012,"porcentaje_participacion":62.22,"partido_1":["PSOE",58.0],"partido_2":["CC-PNC",42.0],"partido_3":["PP",38.0],"resto_partidos_percent":-40,"info":"","parent":[],"parent_url":[],"parent_results":null,"evolution":"0,0,0,0,0,0,0,0,0,0,0,0,0,0,0,0,0,0,0,0,0,1.4631578950000002,2.1052631580000005,2.6736842110000003,1.3736842110000005,1.5421052629999998,1.5368421050000003,1.2894736839999998,1.4684210529999997,2.052631579,2.1210526320000005,1.768421053,1.9473684210000002,2.978947368,4.136842105,0,0"},"Cantabria":{"cartodb_id":3,"x_coordinate":159.57,"y_coordinate":-160.7,"variable":"-1.621052632","variable_max_value":5.078947368,"variable_min_value":-2.421052632,"radius":62.98,"color":["#64B7DE"],"children_json_url":"json/generated_data/provincias/Cantabria_paro_normalizado_2008.json","censo_total":484780,"porcentaje_participacion":71.63,"partido_1":["PP",40.0],"partido_2":["PSOE",26.0],"partido_3":["PRC",20.0],"resto_partidos_percent":12,"info":"","parent":[],"parent_url":[],"parent_results":null,"evolution":"0,0,0,0,0,0,0,0,0,0,0,0,0,0,0,0,0,0,0,0,0,-0.4368421050000002,-0.09473684199999965,0.27368421099999996,-0.3263157889999997,-0.257894737,-0.1631578949999999,-0.11052631599999962,-0.23157894700000003,-0.3473684210000001,-0.6789473680000002,-1.1315789469999995,-1.352631579,-1.621052632,-1.6631578950000003,0,0"},"Comunidad_de_Madrid":{"cartodb_id":8,"x_coordinate":176.6,"y_coordinate":-121.04,"variable":"-1.2210526320000001","variable_max_value":5.078947368,"variable_min_value":-2.421052632,"radius":59.96,"color":["#64B7DE"],"children_json_url":"json/generated_data/provincias/Comunidad_de_Madrid_paro_normalizado_2008.json","censo_total":4497447,"porcentaje_participacion":66.61,"partido_1":["PP",50.0],"partido_2":["PSOE",32.0],"partido_3":["IU",8.0],"resto_partidos_percent":8,"info":"","parent":[],"parent_url":[],"parent_results":null,"evolution":"0,0,0,0,0,0,0,0,0,0,0,0,0,0,0,0,0,0,0,0,0,-0.03684210499999985,0.10526315800000052,0.47368421100000013,-0.22631578900000004,-0.45789473700000016,-0.5631578949999998,-0.4105263159999999,-0.4315789470000002,-0.6473684210000004,-1.0789473679999997,-1.4315789469999998,-1.152631579,-1.2210526320000001,-1.1631578950000003,0,0"},"Aragón":{"cartodb_id":2,"x_coordinate":-138.3,"y_coordinate":-240.0,"variable":"-2.421052632","variable_max_value":5.078947368,"variable_min_value":-2.421052632,"radius":59.74,"color":["#D94B5F"],"children_json_url":"json/generated_data/provincias/Aragón_paro_normalizado_2008.json","censo_total":1022258,"porcentaje_participacion":66.24,"partido_1":["PSOE",38.0],"partido_2":["PP",29.0],"partido_3":["PAR",8.0],"resto_partidos_percent":22,"info":"","parent":[],"parent_url":[],"parent_results":null,"evolution":"0,0,0,0,0,0,0,0,0,0,0,0,0,0,0,0,0,0,0,0,0,-1.0368421049999998,-0.994736842,-0.4263157889999998,-0.726315789,-1.0578947369999998,-1.0631578949999998,-1.1105263159999996,-1.131578947,-1.5473684210000003,-1.978947368,-2.1315789469999995,-2.152631579,-2.421052632,-1.763157895,0,0"},"Cataluña":{"cartodb_id":6,"x_coordinate":-129.79,"y_coordinate":-130.96,"variable":"-1.3210526319999998","variable_max_value":5.078947368,"variable_min_value":-2.421052632,"radius":52.32,"color":["#D94B5F"],"children_json_url":"json/generated_data/provincias/Cataluña_paro_normalizado_2008.json","censo_total":5363005,"porcentaje_participacion":53.86,"partido_1":["PSOE",31.0],"partido_2":["CIU",24.0],"partido_3":["PP",6.0],"resto_partidos_percent":36,"info":"","parent":[],"parent_url":[],"parent_results":null,"evolution":"0,0,0,0,0,0,0,0,0,0,0,0,0,0,0,0,0,0,0,0,0,-1.0368421049999998,-1.0947368419999997,-0.726315789,-1.226315789,-1.257894737,-1.0631578949999998,-0.9105263159999999,-0.9315789470000002,-1.0473684210000003,-1.2789473679999999,-1.3315789469999997,-1.352631579,-1.3210526319999998,-1.1631578950000003,0,0"},"Galicia":{"cartodb_id":12,"x_coordinate":146.81,"y_coordinate":-2.09,"variable":"-0.02105263199999996","variable_max_value":5.078947368,"variable_min_value":-2.421052632,"radius":58.08,"color":["#64B7DE"],"children_json_url":"json/generated_data/provincias/Galicia_paro_normalizado_2008.json","censo_total":2613097,"porcentaje_participacion":63.46,"partido_1":["PP",39.0],"partido_2":["PSOE",28.0],"partido_3":["BNG",17.0],"resto_partidos_percent":14,"info":"","parent":[],"parent_url":[],"parent_results":null,"evolution":"0,0,0,0,0,0,0,0,0,0,0,0,0,0,0,0,0,0,0,0,0,0.9631578950000002,1.1052631580000005,1.6736842110000003,0.8736842110000005,0.9421052630000002,0.9368421049999998,1.1894736840000002,1.2684210529999995,1.252631579,1.1210526320000005,0.768421053,0.4473684210000002,-0.02105263199999996,-0.46315789500000015,0,0"},"Comunidad_Foral_de_Navarra":{"cartodb_id":9,"x_coordinate":159.57,"y_coordinate":-180.52,"variable":"-1.8210526319999998","variable_max_value":5.078947368,"variable_min_value":-2.421052632,"radius":63.92,"color":["#64B7DE"],"children_json_url":"json/generated_data/provincias/Comunidad_Foral_de_Navarra_paro_normalizado_2008.json","censo_total":468076,"porcentaje_participacion":73.2,"partido_1":["PP",32.0],"partido_2":["PSOE",18.0],"partido_3":["NB",13.0],"resto_partidos_percent":34,"info":"","parent":[],"parent_url":[],"parent_results":null,