{"Andalucía":{"cartodb_id":1,"x_coordinate":-166.67,"y_coordinate":152.64,"variable":"0.8736842110000005","variable_max_value":1.3736842110000005,"variable_min_value":-2.226315789,"radius":58.79,"color":["#D94B5F"],"children_json_url":"json/generated_data/provincias/Andalucía_paro_normalizado_1999.json","censo_total":5834030,"porcentaje_participacion":64.64,"partido_1":["PSOE",37.0],"partido_2":["PP",30.0],"partido_3":["IU",10.0],"resto_partidos_percent":21,"info":"","parent":[],"parent_url":[],"parent_results":null,"evolution":"0,0,0,0,0,0,0,0,0,0,0,0,0,0,0,0,0,0,0,0,0,1.0631578949999998,1.005263158,1.5736842109999998,0.8736842110000005,0.9421052630000002,0.8368421050000001,0.8894736840000004,0.868421053,0.5526315789999998,0.7210526320000001,0.9684210530000001,1.247368421,1.478947368,1.8368421049999997,0,0"},"Principado_de_Asturias":{"cartodb_id":18,"x_coordinate":-176.19,"y_coordinate":170.11,"variable":"0.9736842110000001","variable_max_value":1.3736842110000005,"variable_min_value":-2.226315789,"radius":58.47,"color":["#D94B5F"],"children_json_url":"json/generated_data/provincias/Principado_de_Asturias_paro_normalizado_1999.json","censo_total":967166,"porcentaje_participacion":64.11,"partido_1":["PSOE",41.0],"partido_2":["PP",33.0],"partido_3":["IU",11.0],"resto_partidos_percent":13,"info":"","parent":[],"parent_url":[],"parent_results":null,"evolution":"0,0,0,0,0,0,0,0,0,0,0,0,0,0,0,0,0,0,0,0,0,1.0631578949999998,1.3052631580000007,1.5736842109999998,0.9736842110000001,1.1421052630000004,0.8368421050000001,0.8894736840000004,0.868421053,0.8526315789999996,0.22105263200000014,-0.23157894700000003,-0.4526315790000002,-1.021052632,-1.1631578950000003,0,0"},"Islas_Baleares":{"cartodb_id":13,"x_coordinate":300.0,"y_coordinate":-240.0,"variable":"-2.226315789","variable_max_value":1.3736842110000005,"variable_min_value":-2.226315789,"radius":54.31,"color":["#5AB0E9"],"children_json_url":"json/generated_data/provincias/Islas_Baleares_paro_normalizado_1999.json","censo_total":609589,"porcentaje_participacion":57.18,"partido_1":["PP",40.0],"partido_2":["PSOE",19.0],"partido_3":["PSM-EN",10.0],"resto_partidos_percent":29,"info":"","parent":[],"parent_url":[],"parent_results":null,"evolution":"0,0,0,0,0,0,0,0,0,0,0,0,0,0,0,0,0,0,0,0,0,-1.1368421050000004,-2.3947368419999995,-1.8263157889999997,-2.226315789,-2.057894737,-1.963157895,-1.8105263159999998,-1.631578947,-1.6473684210000004,-1.978947368,-2.2315789469999996,-2.052631579,-2.121052632,-1.763157895,0,0"},"Islas_Canarias":{"cartodb_id":14,"x_coordinate":0,"y_coordinate":240.0,"variable":"1.3736842110000005","variable_max_value":1.3736842110000005,"variable_min_value":-2.226315789,"radius":56.5,"color":["#AAAAAA"],"children_json_url":"json/generated_data/provincias/Islas_Canarias_paro_normalizado_1999.json","censo_total":714545,"porcentaje_participacion":60.83,"partido_1":["CC",61.0],"partido_2":["PSOE",49.0],"partido_3":["PP",48.0],"resto_partidos_percent":-59,"info":"","parent":[],"parent_url":[],"parent_results":null,"evolution":"0,0,0,0,0,0,0,0,0,0,0,0,0,0,0,0,0,0,0,0,0,1.4631578950000002,2.1052631580000005,2.6736842110000003,1.3736842110000005,1.5421052629999998,1.5368421050000003,1.2894736839999998,1.4684210529999997,2.052631579,2.1210526320000005,1.768421053,1.9473684210000002,2.978947368,4.136842105,0,0"},"Cantabria":{"cartodb_id":3,"x_coordinate":176.19,"y_coordinate":-35.18,"variable":"-0.3263157889999997","variable_max_value":1.3736842110000005,"variable_min_value":-2.226315789,"radius":62.4,"color":["#64B7DE"],"children_json_url":"json/generated_data/provincias/Cantabria_paro_normalizado_1999.json","censo_total":453201,"porcentaje_participacion":70.67,"partido_1":["PP",38.0],"partido_2":["PSOE",30.0],"partido_3":["PRC",15.0],"resto_partidos_percent":15,"info":"","parent":[],"parent_url":[],"parent_results":null,"evolution":"0,0,0,0,0,0,0,0,0,0,0,0,0,0,0,0,0,0,0,0,0,-0.4368421050000002,-0.09473684199999965,0.27368421099999996,-0.3263157889999997,-0.257894737,-0.1631578949999999,-0.11052631599999962,-0.23157894700000003,-0.3473684210000001,-0.6789473680000002,-1.1315789469999995,-1.352631579,-1.621052632,-1.6631578950000003,0,0"},"Comunidad_de_Madrid":{"cartodb_id":8,"x_coordinate":176.19,"y_coordinate":-24.4,"variable":"-0.22631578900000004","variable_max_value":1.3736842110000005,"variable_min_value":-2.226315789,"radius":56.52,"color":["#64B7DE"],"children_json_url":"json/generated_data/provincias/Comunidad_de_Madrid_paro_normalizado_1999.json","censo_total":4274532,"porcentaje_participacion":60.86,"partido_1":["PP",44.0],"partido_2":["PSOE",36.0],"partido_3":["IU",9.0],"resto_partidos_percent":9,"info":"","parent":[],"parent_url":[],"parent_results":null,"evolution":"0,0,0,0,0,0,0,0,0,0,0,0,0,0,0,0,0,0,0,0,0,-0.03684210499999985,0.10526315800000052,0.47368421100000013,-0.22631578900000004,-0.45789473700000016,-0.5631578949999998,-0.4105263159999999,-0.4315789470000002,-0.6473684210000004,-1.0789473679999997,-1.4315789469999998,-1.152631579,-1.2210526320000001,-1.1631578950000003,0,0"},"Aragón":{"cartodb_id":2,"x_coordinate":157.14,"y_coordinate":-78.3,"variable":"-0.726315789","variable_max_value":1.3736842110000005,"variable_min_value":-2.226315789,"radius":58.95,"color":["#64B7DE"],"children_json_url":"json/generated_data/provincias/Aragón_paro_normalizado_1999.json","censo_total":1017080,"porcentaje_participacion":64.92,"partido_1":["PP",38.0],"partido_2":["PSOE",32.0],"partido_3":["PAR",8.0],"resto_partidos_percent":20,"info":"","parent":[],"parent_url":[],"parent_results":null,"evolution":"0,0,0,0,0,0,0,0,0,0,0,0,0,0,0,0,0,0,0,0,0,-1.0368421049999998,-0.994736842,-0.4263157889999998,-0.726315789,-1.0578947369999998,-1.0631578949999998,-1.1105263159999996,-1.131578947,-1.5473684210000003,-1.978947368,-2.1315789469999995,-2.152631579,-2.421052632,-1.763157895,0,0"},"Cataluña":{"cartodb_id":6,"x_coordinate":-214.29,"y_coordinate":-132.2,"variable":"-1.226315789","variable_max_value":1.3736842110000005,"variable_min_value":-2.226315789,"radius":53.53,"color":["#D8282A"],"children_json_url":"json/generated_data/provincias/Cataluña_paro_normalizado_1999.json","censo_total":5265778,"porcentaje_participacion":55.88,"partido_1":["PSOE",37.0],"partido_2":["CIU",25.0],"partido_3":["PP",8.0],"resto_partidos_percent":28,"info":"","parent":[],"parent_url":[],"parent_results":null,"evolution":"0,0,0,0,0,0,0,0,0,0,0,0,0,0,0,0,0,0,0,0,0,-1.0368421049999998,-1.0947368419999997,-0.726315789,-1.226315789,-1.257894737,-1.0631578949999998,-0.9105263159999999,-0.9315789470000002,-1.0473684210000003,-1.2789473679999999,-1.3315789469999997,-1.352631579,-1.3210526319999998,-1.1631578950000003,0,0"},"Galicia":{"cartodb_id":12,"x_coordinate":300.0,"y_coordinate":152.64,"variable":"0.8736842110000005","variable_max_value":1.3736842110000005,"variable_min_value":-2.226315789,"radius":58.33,"color":["#5AB0E9"],"children_json_url":"json/generated_data/provincias/Galicia_paro_normalizado_1999.json","censo_total":2468962,"porcentaje_participacion":63.88,"partido_1":["PP",45.0],"partido_2":["PSOE",24.0],"partido_3":["BNG",17.0],"resto_partidos_percent":12,"info":"","parent":[],"parent_url":[],"parent_results":null,"evolution":"0,0,0,0,0,0,0,0,0,0,0,0,0,0,0,0,0,0,0,0,0,0.9631578950000002,1.1052631580000005,1.6736842110000003,0.8736842110000005,0.9421052630000002,0.9368421049999998,1.1894736840000002,1.2684210529999995,1.252631579,1.1210526320000005,0.768421053,0.4473684210000002,-0.02105263199999996,-0.46315789500000015,0,0"},"Comunidad_Foral_de_Navarra":{"cartodb_id":9,"x_coordinate":214.29,"y_coordinate":-67.52,"variable":"-0.626315789","variable_max_value":1.3736842110000005,"variable_min_value":-2.226315789,"radius":60.01,"color":["#5AB0E9"],"children_json_url":"json/generated_data/provincias/Comunidad_Foral_de_Navarra_paro_normalizado_1999.json","censo_total":452558,"porcentaje_participacion":66.69,"partido_1":["PP",30.0],"partido_2":["PSOE",18.0],"partido_3":["EH",14.0],"resto_partidos_percent":36,"info":"",