{"Andalucía":{"cartodb_id":1,"x_coordinate":-166.67,"y_coordinate":-150.51,"variable":"-37.41700977","variable_max_value":93.57159347,"variable_min_value":-59.66430961,"radius":58.79,"color":["#D94B5F"],"children_json_url":"json/generated_data/provincias/Andalucía_pib_normalizado_2000.json","censo_total":5834030,"porcentaje_participacion":64.64,"partido_1":["PSOE",37.0],"partido_2":["PP",30.0],"partido_3":["IU",10.0],"resto_partidos_percent":21,"info":"","parent":[],"parent_url":[],"parent_results":null,"evolution":"0,0,0,0,0,0,0,0,0,0,0,0,0,0,0,0,0,0,0,0,0,0,0,0,-38.01849903,-37.41700977,-37.07766879,-36.34916724,-35.20782077,-34.36415785,-34.86556343,-33.67643047,-33.81118532,-34.26447732,0,0,0"},"Principado_de_Asturias":{"cartodb_id":18,"x_coordinate":-176.19,"y_coordinate":-72.69,"variable":"-18.07163318","variable_max_value":93.57159347,"variable_min_value":-59.66430961,"radius":58.47,"color":["#D94B5F"],"children_json_url":"json/generated_data/provincias/Principado_de_Asturias_pib_normalizado_2000.json","censo_total":967166,"porcentaje_participacion":64.11,"partido_1":["PSOE",41.0],"partido_2":["PP",33.0],"partido_3":["IU",11.0],"resto_partidos_percent":13,"info":"","parent":[],"parent_url":[],"parent_results":null,"evolution":"0,0,0,0,0,0,0,0,0,0,0,0,0,0,0,0,0,0,0,0,0,0,0,0,-19.10419975,-18.07163318,-17.60942751,-17.66602428,-18.01282567,-17.7339606,-18.09231352,-15.32190171,-14.48976043,-13.87945627,0,0,0"},"Islas_Baleares":{"cartodb_id":13,"x_coordinate":300.0,"y_coordinate":186.31,"variable":"72.63826328","variable_max_value":93.57159347,"variable_min_value":-59.66430961,"radius":54.31,"color":["#5AB0E9"],"children_json_url":"json/generated_data/provincias/Islas_Baleares_pib_normalizado_2000.json","censo_total":609589,"porcentaje_participacion":57.18,"partido_1":["PP",40.0],"partido_2":["PSOE",19.0],"partido_3":["PSM-EN",10.0],"resto_partidos_percent":29,"info":"","parent":[],"parent_url":[],"parent_results":null,"evolution":"0,0,0,0,0,0,0,0,0,0,0,0,0,0,0,0,0,0,0,0,0,0,0,0,69.60038132,72.63826328,73.22481682,71.22039539,67.75266941,66.78854961,62.85392647,64.22205746,62.6757726,61.93433508,0,0,0"},"Islas_Canarias":{"cartodb_id":14,"x_coordinate":0,"y_coordinate":15.98,"variable":"6.228422274","variable_max_value":93.57159347,"variable_min_value":-59.66430961,"radius":56.5,"color":["#AAAAAA"],"children_json_url":"json/generated_data/provincias/Islas_Canarias_pib_normalizado_2000.json","censo_total":714545,"porcentaje_participacion":60.83,"partido_1":["CC",61.0],"partido_2":["PSOE",49.0],"partido_3":["PP",48.0],"resto_partidos_percent":-59,"info":"","parent":[],"parent_url":[],"parent_results":null,"evolution":"0,0,0,0,0,0,0,0,0,0,0,0,0,0,0,0,0,0,0,0,0,0,0,0,7.567975624,6.228422274,6.681691143,6.514619707,6.493593114,5.417371669,2.645188408,3.143189948,2.032106255,0.865309544,0,0,0"},"Cantabria":{"cartodb_id":3,"x_coordinate":176.19,"y_coordinate":-45.22,"variable":"-11.24096113","variable_max_value":93.57159347,"variable_min_value":-59.66430961,"radius":62.4,"color":["#64B7DE"],"children_json_url":"json/generated_data/provincias/Cantabria_pib_normalizado_2000.json","censo_total":453201,"porcentaje_participacion":70.67,"partido_1":["PP",38.0],"partido_2":["PSOE",30.0],"partido_3":["PRC",15.0],"resto_partidos_percent":15,"info":"","parent":[],"parent_url":[],"parent_results":null,"evolution":"0,0,0,0,0,0,0,0,0,0,0,0,0,0,0,0,0,0,0,0,0,0,0,0,-11.89183326,-11.24096113,-9.830661241,-8.536186333,-8.948625014,-8.117899506,-8.467451682,-6.420676113,-5.155262419,-4.315405704,0,0,0"},"Comunidad_de_Madrid":{"cartodb_id":8,"x_coordinate":176.19,"y_coordinate":240.0,"variable":"93.57159347","variable_max_value":93.57159347,"variable_min_value":-59.66430961,"radius":56.52,"color":["#64B7DE"],"children_json_url":"json/generated_data/provincias/Comunidad_de_Madrid_pib_normalizado_2000.json","censo_total":4274532,"porcentaje_participacion":60.86,"partido_1":["PP",44.0],"partido_2":["PSOE",36.0],"partido_3":["IU",9.0],"resto_partidos_percent":9,"info":"","parent":[],"parent_url":[],"parent_results":null,"evolution":"0,0,0,0,0,0,0,0,0,0,0,0,0,0,0,0,0,0,0,0,0,0,0,0,94.02772629,93.57159347,93.44008286,92.52659641,90.29374314,88.92325727,82.51858608,84.56452345,82.62436999,80.44578963,0,0,0"},"Aragón":{"cartodb_id":2,"x_coordinate":157.14,"y_coordinate":-10.77,"variable":"-2.6781298","variable_max_value":93.57159347,"variable_min_value":-59.66430961,"radius":58.95,"color":["#64B7DE"],"children_json_url":"json/generated_data/provincias/Aragón_pib_normalizado_2000.json","censo_total":1017080,"porcentaje_participacion":64.92,"partido_1":["PP",38.0],"partido_2":["PSOE",32.0],"partido_3":["PAR",8.0],"resto_partidos_percent":20,"info":"","parent":[],"parent_url":[],"parent_results":null,"evolution":"0,0,0,0,0,0,0,0,0,0,0,0,0,0,0,0,0,0,0,0,0,0,0,0,-2.649271543,-2.6781298,-2.470997559,-0.671198206,0.1477692,0.104845668,-1.14949952,1.456299219,3.448711762,4.176537806,0,0,0"},"Cataluña":{"cartodb_id":6,"x_coordinate":-214.29,"y_coordinate":154.86,"variable":"60.37880354","variable_max_value":93.57159347,"variable_min_value":-59.66430961,"radius":53.53,"color":["#D8282A"],"children_json_url":"json/generated_data/provincias/Cataluña_pib_normalizado_2000.json","censo_total":5265778,"porcentaje_participacion":55.88,"partido_1":["PSOE",37.0],"partido_2":["CIU",25.0],"partido_3":["PP",8.0],"resto_partidos_percent":28,"info":"","parent":[],"parent_url":[],"parent_results":null,"evolution":"0,0,0,0,0,0,0,0,0,0,0,0,0,0,0,0,0,0,0,0,0,0,0,0,61.99385094,60.37880354,60.13229466,58.90451556,57.86657178,57.47611841,120.723008,55.13358022,53.96093978,51.85669857,0,0,0"},"Galicia":{"cartodb_id":12,"x_coordinate":300.0,"y_coordinate":-117.25,"variable":"-29.14842225","variable_max_value":93.57159347,"variable_min_value":-59.66430961,"radius":58.33,"color":["#5AB0E9"],"children_json_url":"json/generated_data/provincias/Galicia_pib_normalizado_2000.json","censo_total":2468962,"porcentaje_participacion":63.88,"partido_1":["PP",45.0],"partido_2":["PSOE",24.0],"partido_3":["BNG",17.0],"resto_partidos_percent":12,"info":"","parent":[],"parent_url":[],"parent_results":null,"evolution":"0,0,0,0,0,0,0,0,0,0,0,0,0,0,0,0,0,0,0,0,0,0,0,0,-27.79772126,-29.14842225,-29.28212757,-29.09971515,-28.80917551,-28.13230931,-28.67473983,-26.80934699,-26.09990225,-25.31245144,0,0,0"},"Comunidad_Foral_de_Navarra":{"cartodb_id":9,"x_coordinate":214.29,"y_coordinate":79.86,"variable":"31.13597822","variable_max_value":93.57159347,"variable_min_value":-59.66430961,"radius":60.01,"color":["#5AB0E9"],"children_json_url":"json/generated_data/provincias/Comunidad_Foral_de_Navarra_pib_normalizado_2000.json","censo_total":452558,"porcentaje_participacion":66.69,"partido_1":["PP",30.0],"partido_2":["PSOE",18.0],"partido_3":["EH",14.0],"resto_partidos_percent":36,"info":"","parent":[],"parent_url":[],"parent_results":null,"evolution":"0,0,0,0,0,0,0,0,0,0,0,0,0,0,0,0,0,0,0,0,0,0,0,0,29.74306477,31.13597822,30.07850816,30.32216116,30.27109597,30.40254754,28.3231593,30.18686603,30.11365271,31.11910533,0,0,0"},"Castilla_y_León":{"cartodb_id":4,"x_coordinate":233.33,"y_coordinate":-144.34,"variable":"-35.8840689","variable_max_value":93.57159347,"variable_min_value":-59.66430961,"radius":61.03,"color":["#5AB0E9"],"children_json_url":"json/generated_data/provincias/Castilla_y_León_pib_normalizado_2000.json","censo_total":2169461,"porcentaje_participacion":68.38,"partido_1":["PP",46.0],"partido_2":["PSOE",32.0],"partido_3":["IU",3.0],"resto_partidos_percent":17,"info":"","parent":[],"parent_url":[],"parent_results":null,"evolution":"0,0,0,0,0,0,0,0,0,0,0,0,0,0,0,0,0,0,0,0,0,0,0,0,-35.08397738,-35.8840689,-35.96902661,-35.3209814,-34.81801185,-34.29691041,-35.16956055,-33.8697672,-32.9265004,-32.88577777,0,0,0"},"Castilla-La_Mancha":{"cartodb_id":5,"x_coordinate":-138.1,"y_coordinate":-187.03,"variable":"-46.49621057","variable_max_value":93.57159347,"variable_min_value":-59.66430961,"radius":65.11,"color":["#D94B5F"],