{"Andalucía":{"cartodb_id":1,"x_coordinate":-134.04,"y_coordinate":-139.94,"variable":"-33.67643047","variable_max_value":84.56452345,"variable_min_value":-57.75651375,"radius":59.34,"color":["#D94B5F"],"children_json_url":"json/generated_data/provincias/Andalucía_pib_normalizado_2006.json","censo_total":5983882,"porcentaje_participacion":65.57,"partido_1":["PSOE",38.0],"partido_2":["PP",30.0],"partido_3":["IU",9.0],"resto_partidos_percent":21,"info":"","parent":[],"parent_url":[],"parent_results":null,"evolution":"0,0,0,0,0,0,0,0,0,0,0,0,0,0,0,0,0,0,0,0,0,0,0,0,-38.01849903,-37.41700977,-37.07766879,-36.34916724,-35.20782077,-34.36415785,-34.86556343,-33.67643047,-33.81118532,-34.26447732,0,0,0"},"Principado_de_Asturias":{"cartodb_id":18,"x_coordinate":104.26,"y_coordinate":-63.67,"variable":"-15.32190171","variable_max_value":84.56452345,"variable_min_value":-57.75651375,"radius":57.73,"color":["#64B7DE"],"children_json_url":"json/generated_data/provincias/Principado_de_Asturias_pib_normalizado_2006.json","censo_total":976213,"porcentaje_participacion":62.88,"partido_1":["PP",38.0],"partido_2":["PSOE",37.0],"partido_3":["IU",11.0],"resto_partidos_percent":12,"info":"","parent":[],"parent_url":[],"parent_results":null,"evolution":"0,0,0,0,0,0,0,0,0,0,0,0,0,0,0,0,0,0,0,0,0,0,0,0,-19.10419975,-18.07163318,-17.60942751,-17.66602428,-18.01282567,-17.7339606,-18.09231352,-15.32190171,-14.48976043,-13.87945627,0,0,0"},"Islas_Baleares":{"cartodb_id":13,"x_coordinate":193.62,"y_coordinate":182.27,"variable":"64.22205746","variable_max_value":84.56452345,"variable_min_value":-57.75651375,"radius":57.73,"color":["#64B7DE"],"children_json_url":"json/generated_data/provincias/Islas_Baleares_pib_normalizado_2006.json","censo_total":650520,"porcentaje_participacion":62.89,"partido_1":["PP",42.0],"partido_2":["PSOE",20.0],"partido_3":["UM",4.0],"resto_partidos_percent":32,"info":"","parent":[],"parent_url":[],"parent_results":null,"evolution":"0,0,0,0,0,0,0,0,0,0,0,0,0,0,0,0,0,0,0,0,0,0,0,0,69.60038132,72.63826328,73.22481682,71.22039539,67.75266941,66.78854961,62.85392647,64.22205746,62.6757726,61.93433508,0,0,0"},"Islas_Canarias":{"cartodb_id":14,"x_coordinate":0,"y_coordinate":8.92,"variable":"3.143189948","variable_max_value":84.56452345,"variable_min_value":-57.75651375,"radius":59.83,"color":["#AAAAAA"],"children_json_url":"json/generated_data/provincias/Islas_Canarias_pib_normalizado_2006.json","censo_total":732213,"porcentaje_participacion":66.39,"partido_1":["CC",58.0],"partido_2":["PSOE",51.0],"partido_3":["PP",45.0],"resto_partidos_percent":-54,"info":"","parent":[],"parent_url":[],"parent_results":null,"evolution":"0,0,0,0,0,0,0,0,0,0,0,0,0,0,0,0,0,0,0,0,0,0,0,0,7.567975624,6.228422274,6.681691143,6.514619707,6.493593114,5.417371669,2.645188408,3.143189948,2.032106255,0.865309544,0,0,0"},"Cantabria":{"cartodb_id":3,"x_coordinate":138.3,"y_coordinate":-26.68,"variable":"-6.420676113","variable_max_value":84.56452345,"variable_min_value":-57.75651375,"radius":63.78,"color":["#64B7DE"],"children_json_url":"json/generated_data/provincias/Cantabria_pib_normalizado_2006.json","censo_total":477056,"porcentaje_participacion":72.96,"partido_1":["PP",38.0],"partido_2":["PSOE",29.0],"partido_3":["PRC",18.0],"resto_partidos_percent":12,"info":"","parent":[],"parent_url":[],"parent_results":null,"evolution":"0,0,0,0,0,0,0,0,0,0,0,0,0,0,0,0,0,0,0,0,0,0,0,0,-11.89183326,-11.24096113,-9.830661241,-8.536186333,-8.948625014,-8.117899506,-8.467451682,-6.420676113,-5.155262419,-4.315405704,0,0,0"},"Comunidad_de_Madrid":{"cartodb_id":8,"x_coordinate":134.04,"y_coordinate":240.0,"variable":"84.56452345","variable_max_value":84.56452345,"variable_min_value":-57.75651375,"radius":61.42,"color":["#64B7DE"],"children_json_url":"json/generated_data/provincias/Comunidad_de_Madrid_pib_normalizado_2006.json","censo_total":4456963,"porcentaje_participacion":69.03,"partido_1":["PP",45.0],"partido_2":["PSOE",37.0],"partido_3":["IU",7.0],"resto_partidos_percent":9,"info":"","parent":[],"parent_url":[],"parent_results":null,"evolution":"0,0,0,0,0,0,0,0,0,0,0,0,0,0,0,0,0,0,0,0,0,0,0,0,94.02772629,93.57159347,93.44008286,92.52659641,90.29374314,88.92325727,82.51858608,84.56452345,82.62436999,80.44578963,0,0,0"},"Aragón":{"cartodb_id":2,"x_coordinate":-125.53,"y_coordinate":4.13,"variable":"1.456299219","variable_max_value":84.56452345,"variable_min_value":-57.75651375,"radius":62.25,"color":["#D94B5F"],"children_json_url":"json/generated_data/provincias/Aragón_pib_normalizado_2006.json","censo_total":1019187,"porcentaje_participacion":70.42,"partido_1":["PSOE",36.0],"partido_2":["PP",30.0],"partido_3":["CHA",11.0],"resto_partidos_percent":21,"info":"","parent":[],"parent_url":[],"parent_results":null,"evolution":"0,0,0,0,0,0,0,0,0,0,0,0,0,0,0,0,0,0,0,0,0,0,0,0,-2.649271543,-2.6781298,-2.470997559,-0.671198206,0.1477692,0.104845668,-1.14949952,1.456299219,3.448711762,4.176537806,0,0,0"},"Cataluña":{"cartodb_id":6,"x_coordinate":-146.81,"y_coordinate":156.47,"variable":"55.13358022","variable_max_value":84.56452345,"variable_min_value":-57.75651375,"radius":56.88,"color":["#D94B5F"],"children_json_url":"json/generated_data/provincias/Cataluña_pib_normalizado_2006.json","censo_total":5307871,"porcentaje_participacion":61.47,"partido_1":["PSOE",33.0],"partido_2":["CIU",22.0],"partido_3":["PP",7.0],"resto_partidos_percent":35,"info":"","parent":[],"parent_url":[],"parent_results":null,"evolution":"0,0,0,0,0,0,0,0,0,0,0,0,0,0,0,0,0,0,0,0,0,0,0,0,61.99385094,60.37880354,60.13229466,58.90451556,57.86657178,57.47611841,120.723008,55.13358022,53.96093978,51.85669857,0,0,0"},"Galicia":{"cartodb_id":12,"x_coordinate":168.09,"y_coordinate":-111.4,"variable":"-26.80934699","variable_max_value":84.56452345,"variable_min_value":-57.75651375,"radius":59.73,"color":["#64B7DE"],"children_json_url":"json/generated_data/provincias/Galicia_pib_normalizado_2006.json","censo_total":2546251,"porcentaje_participacion":66.22,"partido_1":["PP",41.0],"partido_2":["PSOE",25.0],"partido_3":["BNG",18.0],"resto_partidos_percent":14,"info":"","parent":[],"parent_url":[],"parent_results":null,"evolution":"0,0,0,0,0,0,0,0,0,0,0,0,0,0,0,0,0,0,0,0,0,0,0,0,-27.79772126,-29.14842225,-29.28212757,-29.09971515,-28.80917551,-28.13230931,-28.67473983,-26.80934699,-26.09990225,-25.31245144,0,0,0"},"Comunidad_Foral_de_Navarra":{"cartodb_id":9,"x_coordinate":151.06,"y_coordinate":85.67,"variable":"30.18686603","variable_max_value":84.56452345,"variable_min_value":-57.75651375,"radius":62.64,"color":["#64B7DE"],"children_json_url":"json/generated_data/provincias/Comunidad_Foral_de_Navarra_pib_normalizado_2006.json","censo_total":451476,"porcentaje_participacion":71.06,"partido_1":["PP",32.0],"partido_2":["PSOE",20.0],"partido_3":["IU",5.0],"resto_partidos_percent":41,"info":"","parent":[],"parent_url":[],"parent_results":null,"evolution":"0,0,0,0,0,0,0,0,0,0,0,0,0,0,0,0,0,0,0,0,0,0,0,0,29.74306477,31.13597822,30.07850816,30.32216116,30.27109597,30.40254754,28.3231593,30.18686603,30.11365271,31.11910533,0,0,0"},"Castilla_y_León":{"cartodb_id":4,"x_coordinate":142.55,"y_coordinate":-140.74,"variable":"-33.8697672","variable_max_value":84.56452345,"variable_min_value":-57.75651375,"radius":63.61,"color":["#64B7DE"],"children_json_url":"json/generated_data/provincias/Castilla_y_León_pib_normalizado_2006.json","censo_total":2164390,"porcentaje_participacion":72.68,"partido_1":["PP",45.0],"partido_2":["PSOE",35.0],"partido_3":["UPL",2.0],"resto_partidos_percent":15,"info":"","parent":[],"parent_url":[],"parent_results":null,"evolution":"0,0,0,0,0,0,0,0,0,0,0,0,0,0,0,0,0,0,0,0,0,0,0,0,-35.08397738,-35.8840689,-35.96902661,-35.3209814,-34.81801185,-34.29691041,-35.16956055,-33.8697672,-32.9265004,-32.88577777,0,0,0"},"Castilla-La_Mancha":{"cartodb_id":5,"x_coordinate":-138.3,"y_coordinate":-180.99,"variable":"-43.55516919","variable_max_value":84.56452345,"variable_min_value":-57.75651375,"radius":65.13,"color":["#D94B5F"],