{"Andalucía":{"cartodb_id":1,"x_coordinate":-138.3,"y_coordinate":87.43,"variable":"17.52170702","variable_max_value":48.09756019,"variable_min_value":11.55034744,"radius":56.97,"color":["#D94B5F"],"children_json_url":"json/generated_data/provincias/Andalucía_pib_2008.json","censo_total":6247815,"porcentaje_participacion":61.62,"partido_1":["PSOE",40.0],"partido_2":["PP",31.0],"partido_3":["IU",10.0],"resto_partidos_percent":17,"info":"","parent":[],"parent_url":[],"parent_results":null,"evolution":"0,0,0,0,0,0,0,0,0,0,0,0,0,0,0,0,0,0,0,0,0,0,0,0,-38.01849903,-37.41700977,-37.07766879,-36.34916724,-35.20782077,-34.36415785,-34.86556343,-33.67643047,-33.81118532,-34.26447732,0,0,0"},"Principado_de_Asturias":{"cartodb_id":18,"x_coordinate":-100.0,"y_coordinate":114.54,"variable":"22.95530444","variable_max_value":48.09756019,"variable_min_value":11.55034744,"radius":56.66,"color":["#D94B5F"],"children_json_url":"json/generated_data/provincias/Principado_de_Asturias_pib_2008.json","censo_total":973687,"porcentaje_participacion":61.1,"partido_1":["PSOE",39.0],"partido_2":["PP",39.0],"partido_3":["IU",7.0],"resto_partidos_percent":13,"info":"","parent":[],"parent_url":[],"parent_results":null,"evolution":"0,0,0,0,0,0,0,0,0,0,0,0,0,0,0,0,0,0,0,0,0,0,0,0,-19.10419975,-18.07163318,-17.60942751,-17.66602428,-18.01282567,-17.7339606,-18.09231352,-15.32190171,-14.48976043,-13.87945627,0,0,0"},"Islas_Baleares":{"cartodb_id":13,"x_coordinate":163.83,"y_coordinate":215.38,"variable":"43.16335917","variable_max_value":48.09756019,"variable_min_value":11.55034744,"radius":55.83,"color":["#64B7DE"],"children_json_url":"json/generated_data/provincias/Islas_Baleares_pib_2008.json","censo_total":673614,"porcentaje_participacion":59.71,"partido_1":["PP",43.0],"partido_2":["PSOE",28.0],"partido_3":["PSM-EN,ESQU",6.0],"resto_partidos_percent":22,"info":"","parent":[],"parent_url":[],"parent_results":null,"evolution":"0,0,0,0,0,0,0,0,0,0,0,0,0,0,0,0,0,0,0,0,0,0,0,0,69.60038132,72.63826328,73.22481682,71.22039539,67.75266941,66.78854961,62.85392647,64.22205746,62.6757726,61.93433508,0,0,0"},"Islas_Canarias":{"cartodb_id":14,"x_coordinate":-168.09,"y_coordinate":134.15,"variable":"26.88550011","variable_max_value":48.09756019,"variable_min_value":11.55034744,"radius":57.33,"color":["#D94B5F"],"children_json_url":"json/generated_data/provincias/Islas_Canarias_pib_2008.json","censo_total":766012,"porcentaje_participacion":62.22,"partido_1":["PSOE",58.0],"partido_2":["CC-PNC",42.0],"partido_3":["PP",38.0],"resto_partidos_percent":-40,"info":"","parent":[],"parent_url":[],"parent_results":null,"evolution":"0,0,0,0,0,0,0,0,0,0,0,0,0,0,0,0,0,0,0,0,0,0,0,0,7.567975624,6.228422274,6.681691143,6.514619707,6.493593114,5.417371669,2.645188408,3.143189948,2.032106255,0.865309544,0,0,0"},"Cantabria":{"cartodb_id":3,"x_coordinate":159.57,"y_coordinate":127.26,"variable":"25.50458807","variable_max_value":48.09756019,"variable_min_value":11.55034744,"radius":62.98,"color":["#64B7DE"],"children_json_url":"json/generated_data/provincias/Cantabria_pib_2008.json","censo_total":484780,"porcentaje_participacion":71.63,"partido_1":["PP",40.0],"partido_2":["PSOE",26.0],"partido_3":["PRC",20.0],"resto_partidos_percent":12,"info":"","parent":[],"parent_url":[],"parent_results":null,"evolution":"0,0,0,0,0,0,0,0,0,0,0,0,0,0,0,0,0,0,0,0,0,0,0,0,-11.89183326,-11.24096113,-9.830661241,-8.536186333,-8.948625014,-8.117899506,-8.467451682,-6.420676113,-5.155262419,-4.315405704,0,0,0"},"Comunidad_de_Madrid":{"cartodb_id":8,"x_coordinate":176.6,"y_coordinate":240.0,"variable":"48.09756019","variable_max_value":48.09756019,"variable_min_value":11.55034744,"radius":59.96,"color":["#64B7DE"],"children_json_url":"json/generated_data/provincias/Comunidad_de_Madrid_pib_2008.json","censo_total":4497447,"porcentaje_participacion":66.61,"partido_1":["PP",50.0],"partido_2":["PSOE",32.0],"partido_3":["IU",8.0],"resto_partidos_percent":8,"info":"","parent":[],"parent_url":[],"parent_results":null,"evolution":"0,0,0,0,0,0,0,0,0,0,0,0,0,0,0,0,0,0,0,0,0,0,0,0,94.02772629,93.57159347,93.44008286,92.52659641,90.29374314,88.92325727,82.51858608,84.56452345,82.62436999,80.44578963,0,0,0"},"Aragón":{"cartodb_id":2,"x_coordinate":-138.3,"y_coordinate":138.56,"variable":"27.76810314","variable_max_value":48.09756019,"variable_min_value":11.55034744,"radius":59.74,"color":["#D94B5F"],"children_json_url":"json/generated_data/provincias/Aragón_pib_2008.json","censo_total":1022258,"porcentaje_participacion":66.24,"partido_1":["PSOE",38.0],"partido_2":["PP",29.0],"partido_3":["PAR",8.0],"resto_partidos_percent":22,"info":"","parent":[],"parent_url":[],"parent_results":null,"evolution":"0,0,0,0,0,0,0,0,0,0,0,0,0,0,0,0,0,0,0,0,0,0,0,0,-2.649271543,-2.6781298,-2.470997559,-0.671198206,0.1477692,0.104845668,-1.14949952,1.456299219,3.448711762,4.176537806,0,0,0"},"Cataluña":{"cartodb_id":6,"x_coordinate":-129.79,"y_coordinate":201.98,"variable":"40.47717996","variable_max_value":48.09756019,"variable_min_value":11.55034744,"radius":52.32,"color":["#D94B5F"],"children_json_url":"json/generated_data/provincias/Cataluña_pib_2008.json","censo_total":5363005,"porcentaje_participacion":53.86,"partido_1":["PSOE",31.0],"partido_2":["CIU",24.0],"partido_3":["PP",6.0],"resto_partidos_percent":36,"info":"","parent":[],"parent_url":[],"parent_results":null,"evolution":"0,0,0,0,0,0,0,0,0,0,0,0,0,0,0,0,0,0,0,0,0,0,0,0,61.99385094,60.37880354,60.13229466,58.90451556,57.86657178,57.47611841,120.723008,55.13358022,53.96093978,51.85669857,0,0,0"},"Galicia":{"cartodb_id":12,"x_coordinate":146.81,"y_coordinate":99.34,"variable":"19.90785637","variable_max_value":48.09756019,"variable_min_value":11.55034744,"radius":58.08,"color":["#64B7DE"],"children_json_url":"json/generated_data/provincias/Galicia_pib_2008.json","censo_total":2613097,"porcentaje_participacion":63.46,"partido_1":["PP",39.0],"partido_2":["PSOE",28.0],"partido_3":["BNG",17.0],"resto_partidos_percent":14,"info":"","parent":[],"parent_url":[],"parent_results":null,"evolution":"0,0,0,0,0,0,0,0,0,0,0,0,0,0,0,0,0,0,0,0,0,0,0,0,-27.79772126,-29.14842225,-29.28212757,-29.09971515,-28.80917551,-28.13230931,-28.67473983,-26.80934699,-26.09990225,-25.31245144,0,0,0"},"Comunidad_Foral_de_Navarra":{"cartodb_id":9,"x_coordinate":159.57,"y_coordinate":174.39,"variable":"34.94960494","variable_max_value":48.09756019,"variable_min_value":11.55034744,"radius":63.92,"color":["#64B7DE"],"children_json_url":"json/generated_data/provincias/Comunidad_Foral_de_Navarra_pib_2008.json","censo_total":468076,"porcentaje_participacion":73.2,"partido_1":["PP",32.0],"partido_2":["PSOE",18.0],"partido_3":["NB",13.0],"resto_partidos_percent":34,"info":"","parent":[],"parent_url":[],"parent_results":null,"evolution":"0,0,0,0,0,0,0,0,0,0,0,0,0,0,0,0,0,0,0,0,0,0,0,0,29.74306477,31.13597822,30.07850816,30.32216116,30.27109597,30.40254754,28.3231593,30.18686603,30.11365271,31.11910533,0,0,0"},"Castilla_y_León":{"cartodb_id":4,"x_coordinate":142.55,"y_coordinate":89.26,"variable":"17.88919736","variable_max_value":48.09756019,"variable_min_value":11.55034744,"radius":62.35,"color":["#64B7DE"],"children_json_url":"json/generated_data/provincias/Castilla_y_León_pib_2008.json","censo_total":2158270,"porcentaje_participacion":70.58,"partido_1":["PP",46.0],"partido_2":["PSOE",36.0],"partido_3":["IU",2.0],"resto_partidos_percent":14,"info":"","parent":[],"parent_url":[],"parent_results":null,"evolution":"0,0,0,0,0,0,0,0,0,0,0,0,0,0,0,0,0,0,0,0,0,0,0,0,-35.08397738,-35.8840689,-35.96902661,-35.3209814,-34.81801185,-34.29691041,-35.16956055,-33.8697672,-32.9265004,-32.88577777,0,0,0"},"Castilla-La_Mancha":{"cartodb_id":5,"x_coordinate":-125.53,"y_coordinate":76.57,"variable":"15.34446323","variable_max_value":48.09756019,"variable_min_value":11.55034744,"radius":64.04,"color":["#D94B5F"],"children_json_url":"json/generated_data/provincias/Castilla-La_Mancha_pib_2008.json","censo_total":1517778,"porcentaje_participacion":73.41,