{"Andalucía":{"cartodb_id":1,"x_coordinate":-134.04,"y_coordinate":-164.5,"variable":"-8.75584948","variable_max_value":14.23212283,"variable_min_value":-12.77410372,"radius":59.34,"color":["#D94B5F"],"children_json_url":"json/generated_data/provincias/Andalucía_salario_medio_normalizado_2006.json","censo_total":5983882,"porcentaje_participacion":65.57,"partido_1":["PSOE",38.0],"partido_2":["PP",30.0],"partido_3":["IU",9.0],"resto_partidos_percent":21,"info":"","parent":[],"parent_url":[],"parent_results":null,"evolution":"0,0,0,0,0,0,0,0,0,0,0,0,0,0,0,0,0,0,0,0,-8.184063038,-10.06200714,-8.494432824,-8.850395167,-7.890516331,-7.989143466,-8.21654078,-7.723454861,-8.048054741,-8.713251005,-8.751846926,-8.75584948,-9.176767922,-8.674594626,-8.284887818,0,0"},"Principado_de_Asturias":{"cartodb_id":18,"x_coordinate":104.26,"y_coordinate":51.07,"variable":"3.028193526","variable_max_value":14.23212283,"variable_min_value":-12.77410372,"radius":57.73,"color":["#64B7DE"],"children_json_url":"json/generated_data/provincias/Principado_de_Asturias_salario_medio_normalizado_2006.json","censo_total":976213,"porcentaje_participacion":62.88,"partido_1":["PP",38.0],"partido_2":["PSOE",37.0],"partido_3":["IU",11.0],"resto_partidos_percent":12,"info":"","parent":[],"parent_url":[],"parent_results":null,"evolution":"0,0,0,0,0,0,0,0,0,0,0,0,0,0,0,0,0,0,0,0,4.842128628,3.253832181,3.643753565,3.478141681,1.843223399,1.399336051,2.114417785,2.960784088,2.221528792,2.6414374,2.653671615,3.028193526,3.108821385,2.260787374,2.412586673,0,0"},"Islas_Baleares":{"cartodb_id":13,"x_coordinate":193.62,"y_coordinate":-10.97,"variable":"-0.583981127","variable_max_value":14.23212283,"variable_min_value":-12.77410372,"radius":57.73,"color":["#64B7DE"],"children_json_url":"json/generated_data/provincias/Islas_Baleares_salario_medio_normalizado_2006.json","censo_total":650520,"porcentaje_participacion":62.89,"partido_1":["PP",42.0],"partido_2":["PSOE",20.0],"partido_3":["UM",4.0],"resto_partidos_percent":32,"info":"","parent":[],"parent_url":[],"parent_results":null,"evolution":"0,0,0,0,0,0,0,0,0,0,0,0,0,0,0,0,0,0,0,0,2.823095278,3.075404012,2.770647145,1.07041627,-0.833314331,-1.780254061,-1.031952155,-0.065034298,-0.509968684,1.780047245,0.330918541,-0.583981127,-1.582308627,-1.35185633,-1.045013811,0,0"},"Islas_Canarias":{"cartodb_id":14,"x_coordinate":0,"y_coordinate":-99.26,"variable":"-5.282902115","variable_max_value":14.23212283,"variable_min_value":-12.77410372,"radius":59.83,"color":["#AAAAAA"],"children_json_url":"json/generated_data/provincias/Islas_Canarias_salario_medio_normalizado_2006.json","censo_total":732213,"porcentaje_participacion":66.39,"partido_1":["CC",58.0],"partido_2":["PSOE",51.0],"partido_3":["PP",45.0],"resto_partidos_percent":-54,"info":"","parent":[],"parent_url":[],"parent_results":null,"evolution":"0,0,0,0,0,0,0,0,0,0,0,0,0,0,0,0,0,0,0,0,-0.118472893,-0.702175214,-0.164796856,-1.568254231,-2.248605864,-1.972814171,-1.665753294,-1.99928761,-2.233564766,-3.924086603,-3.48960979,-5.282902115,-6.048116646,-4.898372643,-4.74695586,0,0"},"Cantabria":{"cartodb_id":3,"x_coordinate":138.3,"y_coordinate":-21.94,"variable":"-1.167962254","variable_max_value":14.23212283,"variable_min_value":-12.77410372,"radius":63.78,"color":["#64B7DE"],"children_json_url":"json/generated_data/provincias/Cantabria_salario_medio_normalizado_2006.json","censo_total":477056,"porcentaje_participacion":72.96,"partido_1":["PP",38.0],"partido_2":["PSOE",29.0],"partido_3":["PRC",18.0],"resto_partidos_percent":12,"info":"","parent":[],"parent_url":[],"parent_results":null,"evolution":"0,0,0,0,0,0,0,0,0,0,0,0,0,0,0,0,0,0,0,0,3.171022696,2.331103652,2.911147028,2.770565234,2.324615077,0.370783267,-0.547546999,-0.768002206,-0.509968684,-0.214751008,-0.986643116,-1.167962254,-1.611859052,-1.226562328,-1.071790969,0,0"},"Comunidad_de_Madrid":{"cartodb_id":8,"x_coordinate":134.04,"y_coordinate":163.43,"variable":"9.691766253","variable_max_value":14.23212283,"variable_min_value":-12.77410372,"radius":61.42,"color":["#64B7DE"],"children_json_url":"json/generated_data/provincias/Comunidad_de_Madrid_salario_medio_normalizado_2006.json","censo_total":4456963,"porcentaje_participacion":69.03,"partido_1":["PP",45.0],"partido_2":["PSOE",37.0],"partido_3":["IU",7.0],"resto_partidos_percent":9,"info":"","parent":[],"parent_url":[],"parent_results":null,"evolution":"0,0,0,0,0,0,0,0,0,0,0,0,0,0,0,0,0,0,0,0,14.13600799,12.82267996,15.3604403,15.15315306,14.21980344,14.69537683,14.57313732,13.29135595,12.27936833,11.04102178,10.65916023,9.691766253,9.502794654,8.859604774,7.279335081,0,0"},"Aragón":{"cartodb_id":2,"x_coordinate":-125.53,"y_coordinate":30.39,"variable":"1.802219902","variable_max_value":14.23212283,"variable_min_value":-12.77410372,"radius":62.25,"color":["#D94B5F"],"children_json_url":"json/generated_data/provincias/Aragón_salario_medio_normalizado_2006.json","censo_total":1019187,"porcentaje_participacion":70.42,"partido_1":["PSOE",36.0],"partido_2":["PP",30.0],"partido_3":["CHA",11.0],"resto_partidos_percent":21,"info":"","parent":[],"parent_url":[],"parent_results":null,"evolution":"0,0,0,0,0,0,0,0,0,0,0,0,0,0,0,0,0,0,0,0,3.445147328,4.400870407,3.438021593,2.505224066,2.950424258,2.174273079,2.227596559,2.576553182,2.827116604,2.056186673,1.860731773,1.802219902,1.930498177,2.232944262,2.248576583,0,0"},"Cataluña":{"cartodb_id":6,"x_coordinate":-146.81,"y_coordinate":66.91,"variable":"3.967977724","variable_max_value":14.23212283,"variable_min_value":-12.77410372,"radius":56.88,"color":["#D94B5F"],"children_json_url":"json/generated_data/provincias/Cataluña_salario_medio_normalizado_2006.json","censo_total":5307871,"porcentaje_participacion":61.47,"partido_1":["PSOE",33.0],"partido_2":["CIU",22.0],"partido_3":["PP",7.0],"resto_partidos_percent":35,"info":"","parent":[],"parent_url":[],"parent_results":null,"evolution":"0,0,0,0,0,0,0,0,0,0,0,0,0,0,0,0,0,0,0,0,7.219632651,6.751024285,7.412161163,6.568874912,5.935052662,7.082207594,6.573661512,6.462524847,6.202315811,5.015412181,4.583959514,3.967977724,4.128311057,3.433678441,3.932190371,0,0"},"Galicia":{"cartodb_id":12,"x_coordinate":168.09,"y_coordinate":-127.23,"variable":"-6.771860618","variable_max_value":14.23212283,"variable_min_value":-12.77410372,"radius":59.73,"color":["#64B7DE"],"children_json_url":"json/generated_data/provincias/Galicia_salario_medio_normalizado_2006.json","censo_total":2546251,"porcentaje_participacion":66.22,"partido_1":["PP",41.0],"partido_2":["PSOE",25.0],"partido_3":["BNG",18.0],"resto_partidos_percent":14,"info":"","parent":[],"parent_url":[],"parent_results":null,"evolution":"0,0,0,0,0,0,0,0,0,0,0,0,0,0,0,0,0,0,0,0,-12.54897065,-9.358490364,-8.760379033,-8.776689287,-8.256374006,-8.111254755,-8.003764683,-7.86317519,-7.455171568,-7.365525739,-6.665373906,-6.771860618,-6.871834751,-6.826508107,-5.510104854,0,0"},"Comunidad_Foral_de_Navarra":{"cartodb_id":9,"x_coordinate":151.06,"y_coordinate":130.83,"variable":"7.758053912","variable_max_value":14.23212283,"variable_min_value":-12.77410372,"radius":62.64,"color":["#64B7DE"],"children_json_url":"json/generated_data/provincias/Comunidad_Foral_de_Navarra_salario_medio_normalizado_2006.json","censo_total":451476,"porcentaje_participacion":71.06,"partido_1":["PP",32.0],"partido_2":["PSOE",20.0],"partido_3":["IU",5.0],"resto_partidos_percent":41,"info":"","parent":[],"parent_url":[],"parent_results":null,"evolution":"0,0,0,0,0,0,0,0,0,0,0,0,0,0,0,0,0,0,0,0,11.02047611,12.87365944,11.8379075,10.60795713,7.980967293,9.266121038,8.923252877,8.309452954,7.803100378,8.077674789,7.155006882,7.758053912,6.606852977,5.779460576,3.691195952,0,0"},"Castilla_y_León":{"cartodb_id":4,"x_coordinate":142.55,"y_coordinate":-32.55,"variable":"-1.732606257","variable_max_value":14.23212283,"variable_min_value":-12.77410372,"radius":63.61,"color":["#64B7DE"],"children_json_url":"json/generated_data/provincias/Castilla_y_León_salario_medio_normalizado_2006.json",