{"Andalucía":{"cartodb_id":1,"x_coordinate":-300.0,"y_coordinate":133.05,"variable":"4.624539","variable_max_value":8.341808,"variable_min_value":-3.451648,"radius":56.69,"color":["#D8282A"],"children_json_url":"json/generated_data/provincias/Andalucía_saldo_vegetativo_1991.json","censo_total":5088654,"porcentaje_participacion":61.16,"partido_1":["PSOE",45.0],"partido_2":["PP",18.0],"partido_3":["IU",11.0],"resto_partidos_percent":24,"info":"","parent":[],"parent_url":[],"parent_results":null,"evolution":"11.993585,12.040694,11.935343,11.335165,10.7789,10.387947,9.311656,9.170835,8.246399,7.754398,6.783968,6.338836,6.013491,5.60322,5.146388,4.883532,4.624539,4.762775,4.171747,3.573548,3.038682,2.608621,2.802332,2.154404,2.299106,2.779304,2.884443,2.716942,2.835849,3.413888,3.350066,4.188818,3.860051,4.28222,3.654729,0,0"},"Principado_de_Asturias":{"cartodb_id":18,"x_coordinate":-188.89,"y_coordinate":-240.0,"variable":"-3.451648","variable_max_value":8.341808,"variable_min_value":-3.451648,"radius":55.23,"color":["#D94B5F"],"children_json_url":"json/generated_data/provincias/Principado_de_Asturias_saldo_vegetativo_1991.json","censo_total":912733,"porcentaje_participacion":58.72,"partido_1":["PSOE",39.0],"partido_2":["PP",27.0],"partido_3":["IU",11.0],"resto_partidos_percent":21,"info":"","parent":[],"parent_url":[],"parent_results":null,"evolution":"7.115643,7.423529,6.55125,5.608195,4.855631,3.720532,3.106888,2.099627,1.446372,0.722147,-0.27331,-0.294647,-1.134689,-2.122936,-2.756859,-3.315815,-3.451648,-3.55523,-4.348261,-4.2502,-4.991221,-5.219239,-4.909132,-5.530813,-5.728625,-5.325307,-4.777822,-5.367224,-5.324829,-5.032145,-4.931347,-4.486259,-4.565792,-4.267819,-4.303098,0,0"},"Islas_Baleares":{"cartodb_id":13,"x_coordinate":203.7,"y_coordinate":69.59,"variable":"2.418808","variable_max_value":8.341808,"variable_min_value":-3.451648,"radius":56.04,"color":["#5AB0E9"],"children_json_url":"json/generated_data/provincias/Islas_Baleares_saldo_vegetativo_1991.json","censo_total":530422,"porcentaje_participacion":60.07,"partido_1":["PP",42.0],"partido_2":["PSOE",28.0],"partido_3":["INDEP",5.0],"resto_partidos_percent":22,"info":"","parent":[],"parent_url":[],"parent_results":null,"evolution":"9.021967,8.981708,7.691283,7.108262,6.979451,6.615368,5.954909,5.222767,3.735151,4.10969,3.700297,3.154984,3.298164,3.628906,3.075367,2.945579,2.418808,2.557881,1.498214,1.380334,1.101486,1.323809,1.573952,1.559961,1.763895,2.621345,3.294396,3.716519,3.589588,3.960266,3.667501,4.433628,4.553607,4.935447,3.953676,0,0"},"Islas_Canarias":{"cartodb_id":14,"x_coordinate":-277.78,"y_coordinate":153.99,"variable":"5.352368","variable_max_value":8.341808,"variable_min_value":-3.451648,"radius":57.65,"color":["#D8282A"],"children_json_url":"json/generated_data/provincias/Islas_Canarias_saldo_vegetativo_1991.json","censo_total":586057,"porcentaje_participacion":62.75,"partido_1":["PSOE",60.0],"partido_2":["AIC",36.0],"partido_3":["INDEP",17.0],"resto_partidos_percent":-14,"info":"","parent":[],"parent_url":[],"parent_results":null,"evolution":"15.848145,14.962588,14.128157,13.135514,12.717408,12.125871,11.117715,10.137324,9.091664,8.339794,7.394577,7.348502,7.000113,6.76266,6.240258,5.785724,5.352368,5.330898,4.561845,4.315235,4.205998,3.809158,3.944437,3.481064,4.088624,4.073161,4.17484,4.218109,3.755185,3.5458,3.794835,4.043218,3.267471,3.497455,2.903191,0,0"},"Cantabria":{"cartodb_id":3,"x_coordinate":-188.89,"y_coordinate":-52.57,"variable":"-0.756057","variable_max_value":8.341808,"variable_min_value":-3.451648,"radius":63.38,"color":["#D94B5F"],"children_json_url":"json/generated_data/provincias/Cantabria_saldo_vegetativo_1991.json","censo_total":410936,"porcentaje_participacion":72.3,"partido_1":["PSOE",35.0],"partido_2":["UPCA",23.0],"partido_3":["PP",19.0],"resto_partidos_percent":21,"info":"","parent":[],"parent_url":[],"parent_results":null,"evolution":"9.186953,9.952502,9.282199,9.590104,7.878782,7.268959,6.455952,5.495726,4.117875,3.348084,2.230887,1.839277,1.68064,0.827164,-0.096694,-0.282411,-0.756057,-0.958344,-1.537139,-1.995638,-2.452157,-2.515276,-2.245214,-2.517007,-2.57179,-1.868203,-1.492543,-1.336448,-0.969823,-0.280967,-0.185871,-0.392724,-0.416161,0.634414,0.183428,0,0"},"Comunidad_de_Madrid":{"cartodb_id":8,"x_coordinate":129.63,"y_coordinate":78.87,"variable":"2.741499","variable_max_value":8.341808,"variable_min_value":-3.451648,"radius":55.24,"color":["#64B7DE"],"children_json_url":"json/generated_data/provincias/Comunidad_de_Madrid_saldo_vegetativo_1991.json","censo_total":3845446,"porcentaje_participacion":58.74,"partido_1":["PP",40.0],"partido_2":["PSOE",36.0],"partido_3":["IU",11.0],"resto_partidos_percent":11,"info":"","parent":[],"parent_url":[],"parent_results":null,"evolution":"15.303019,15.241966,13.856305,12.616988,11.333083,9.644343,8.239684,7.799969,6.37442,6.136032,5.244164,5.070864,4.512887,3.855289,3.641227,3.072315,2.741499,3.184641,2.804966,2.41718,2.113954,2.110249,2.56199,2.181477,2.695046,3.591705,3.956069,4.34105,4.542451,4.985624,4.851384,5.349769,5.471789,6.007477,5.505788,0,0"},"Aragón":{"cartodb_id":2,"x_coordinate":-255.56,"y_coordinate":-127.74,"variable":"-1.837133","variable_max_value":8.341808,"variable_min_value":-3.451648,"radius":58.63,"color":["#D8282A"],"children_json_url":"json/generated_data/provincias/Aragón_saldo_vegetativo_1991.json","censo_total":961154,"porcentaje_participacion":64.39,"partido_1":["PSOE",42.0],"partido_2":["PP",21.0],"partido_3":["PAR",20.0],"resto_partidos_percent":14,"info":"","parent":[],"parent_url":[],"parent_results":null,"evolution":"5.572253,5.899695,5.582864,5.001178,4.4311,3.94016,3.07838,2.806002,1.240406,0.85634,0.197264,-0.206585,-0.220273,-0.500772,-1.083138,-1.551656,-1.837133,-1.150693,-2.129007,-2.046362,-2.623454,-2.692087,-2.792163,-3.222388,-3.281458,-2.21763,-1.993276,-2.167143,-2.203688,-1.388954,-1.641656,-0.560072,-0.327299,0.211996,-0.156188,0,0"},"Cataluña":{"cartodb_id":6,"x_coordinate":-122.22,"y_coordinate":17.81,"variable":"0.61907","variable_max_value":8.341808,"variable_min_value":-3.451648,"radius":54.73,"color":["#D94B5F"],"children_json_url":"json/generated_data/provincias/Cataluña_saldo_vegetativo_1991.json","censo_total":4769325,"porcentaje_participacion":57.89,"partido_1":["PSOE",36.0],"partido_2":["CIU",33.0],"partido_3":["IU",6.0],"resto_partidos_percent":23,"info":"","parent":[],"parent_url":[],"parent_results":null,"evolution":"11.792524,10.83233,10.529848,9.312689,7.831347,6.414216,4.560041,4.471233,2.874529,3.148828,2.942868,2.285006,1.838337,1.50235,1.074932,0.731508,0.61907,0.869528,0.477676,0.316572,0.001309,0.134166,0.26446,0.12629,0.208392,1.260396,1.368856,1.664593,1.90323,2.868799,2.62223,3.49105,3.3536,4.007858,3.422442,0,0"},"Galicia":{"cartodb_id":12,"x_coordinate":166.67,"y_coordinate":-146.82,"variable":"-2.111513","variable_max_value":8.341808,"variable_min_value":-3.451648,"radius":57.5,"color":["#64B7DE"],"children_json_url":"json/generated_data/provincias/Galicia_saldo_vegetativo_1991.json","censo_total":2247264,"porcentaje_participacion":62.49,"partido_1":["PP",40.0],"partido_2":["PSOE",31.0],"partido_3":["BNG",5.0],"resto_partidos_percent":23,"info":"","parent":[],"parent_url":[],"parent_results":null,"evolution":"6.582072,6.829927,6.36184,6.437402,5.525924,5.15436,3.880257,3.266532,2.265876,1.891125,0.761644,-0.250535,0.123843,-0.659445,-1.176211,-1.999726,-2.111513,-1.97235,-2.187228,-2.88668,-3.5591,-3.7981,-3.505792,-3.553309,-3.911282,-3.508034,-3.316196,-3.346847,-3.470916,-2.923113,-3.051528,-2.939675,-3.080873,-2.357111,-2.792439,0,0"},"Comunidad_Foral_de_Navarra":{"cartodb_id":9,"x_coordinate":-107.41,"y_coordinate":15.02,"variable":"0.522231","variable_max_value":8.341808,"variable_min_value":-3.451648,"radius":59.75,"color":["#D94B5F"],"children_json_url":"json/generated_data/provincias/Comunidad_Foral_de_Navarra_saldo_vegetativo_1991.json","censo_total":411895,"porcentaje_participacion":66.24,